gemeente,naam,geslacht,verwachte datum,reden
Kruisem,Patrick,Mannelijk,02/27/2019,2019-02-29
Montigny-le-Tilleul,Sarah,Vrouwelijk,03/11/2019,2019-02-29
Diepenbeek,Valentinus,Mannelijk,03/02/2019,2019-02-29
Sint-Jans-Molenbeek,El,Mannelijk,02/27/2019,2019-02-29
Overijse,Apolline,Vrouwelijk,03/03/2019,2019-02-29
Bastenaken,Guy,Mannelijk,03/06/2019,2019-02-29
Oostkamp,Mathias,Mannelijk,02/24/2019,2019-02-29
Diest,Els,Vrouwelijk,03/06/2019,2019-02-29
Poperinge,Christine,Vrouwelijk,03/27/2019,2019-02-29
Evere,Nathalie,Vrouwelijk,03/04/2019,2019-02-29
La Louvière,Carmelina,Vrouwelijk,02/22/2019,2019-02-29
Mettet,Romane,Vrouwelijk,03/02/2019,2019-02-29
Anderlecht,Leila,Vrouwelijk,03/14/2019,2019-02-29
Anderlecht,Dimitri,Mannelijk,03/04/2019,2019-02-29
Sint-Jans-Molenbeek,Andréa,Vrouwelijk,03/13/2019,2019-02-29
Zoersel,Paul,Mannelijk,03/12/2019,2019-02-29
Etterbeek,Maria,Vrouwelijk,02/23/2019,2019-02-29
Turnhout,Marco,Mannelijk,03/02/2019,2019-02-29
Ternat,Jean,Mannelijk,03/07/2019,2019-02-29
Diksmuide,Gina,Vrouwelijk,02/28/2019,2019-02-29
Hasselt,Rohnny,Mannelijk,03/21/2019,2019-02-29
Mol,Marc,Mannelijk,03/15/2019,2019-02-29
Geldenaken,Julie,Vrouwelijk,03/15/2019,2019-02-29
Herent,Sara,Vrouwelijk,03/08/2019,2019-02-29
Hamme (Dendermonde),Annelore,Vrouwelijk,03/10/2019,2019-02-29
Charleroi,Lucien,Mannelijk,02/23/2019,2019-02-29
Sint-Truiden,Gustaaf,Mannelijk,03/11/2019,2019-02-29
Vosselaar,Patrick,Mannelijk,03/01/2019,2019-02-29
Antwerpen,Soukaina,Vrouwelijk,03/04/2019,2019-02-29
Vilvoorde,Fabrizio,Mannelijk,03/18/2019,2019-02-29
Diksmuide,Gerda,Vrouwelijk,03/08/2019,2019-02-29
Leopoldsburg,Joyce,Vrouwelijk,03/07/2019,2019-02-29
Antwerpen,Robert,Mannelijk,03/12/2019,2019-02-29
Dilsen-Stokkem,Mariette,Vrouwelijk,03/13/2019,2019-02-29
Antwerpen,Jürgen,Mannelijk,03/01/2019,2019-02-29
Oudsbergen,Dario,Mannelijk,02/28/2019,2019-02-29
Nijlen,Erik,Mannelijk,03/12/2019,2019-02-29
Fléron,Daniel,Mannelijk,03/06/2019,2019-02-29
Merchtem,Luc,Mannelijk,03/09/2019,2019-02-29
Kraainem,Emmanuel,Mannelijk,02/27/2019,2019-02-29
Seraing,Rachelle,Vrouwelijk,02/25/2019,2019-02-29
Andenne,Pierre,Mannelijk,03/01/2019,2019-02-29
Kortrijk,Ayoub,Mannelijk,03/20/2019,2019-02-29
Anderlecht,Christiane,Vrouwelijk,03/05/2019,2019-02-29
Deerlijk,Jeannette,Vrouwelijk,03/12/2019,2019-02-29
Koekelberg,Mohammed,Mannelijk,03/08/2019,2019-02-29
Beauraing,Catherine,Vrouwelijk,03/01/2019,2019-02-29
Bergen,Lysiane,Vrouwelijk,03/12/2019,2019-02-29
Floreffe,Raphaël,Mannelijk,02/26/2019,2019-02-29
Pont-à-Celles,Marielle,Vrouwelijk,03/07/2019,2019-02-29
Olen,Jeannine,Vrouwelijk,03/27/2019,2019-02-29
Beloeil,Christiane,Vrouwelijk,03/05/2019,2019-02-29
Charleroi,Daniel,Mannelijk,02/26/2019,2019-02-29
Gent,Ellen,Vrouwelijk,02/25/2019,2019-02-29
Aartselaar,Martine,Vrouwelijk,03/28/2019,2019-02-29
Heusden-Zolder,Louisa,Vrouwelijk,03/03/2019,2019-02-29
Nandrin,Dominique,Vrouwelijk,03/06/2019,2019-02-29
Hamoir,Laurent,Mannelijk,03/13/2019,2019-02-29
Lievegem,Kobe,Mannelijk,03/01/2019,2019-02-29
Dilsen-Stokkem,Sandra,Vrouwelijk,03/09/2019,2019-02-29
Libramont-Chevigny,Marie-Ange,Vrouwelijk,03/02/2019,2019-02-29
Lierneux,Amandine,Vrouwelijk,03/13/2019,2019-02-29
Doornik,Arnaud,Mannelijk,02/24/2019,2019-02-29
Tielt (Tielt),Cecilia,Vrouwelijk,03/07/2019,2019-02-29
Eupen,Anneliese,Vrouwelijk,02/24/2019,2019-02-29
Orp-Jauche,Cindy,Vrouwelijk,03/02/2019,2019-02-29
As,André,Mannelijk,03/08/2019,2019-02-29
Eigenbrakel,Elodie,Vrouwelijk,02/23/2019,2019-02-29
Herentals,Leen,Vrouwelijk,03/10/2019,2019-02-29
’s Gravenbrakel,Caroline,Vrouwelijk,03/02/2019,2019-02-29
Ieper,Marleen,Vrouwelijk,03/12/2019,2019-02-29
Ciney,Alain,Mannelijk,02/28/2019,2019-02-29
Sint-Truiden,Inge,Vrouwelijk,03/15/2019,2019-02-29
