gemeente,naam,geslacht,verwachte datum
Antwerpen,Benoit,Mannelijk,08/19/2019
Brussel,Alain,Mannelijk,08/09/2019
Hasselt,Nele,Vrouwelijk,09/07/2019
Brugge,Filip,Mannelijk,08/11/2019
Ravels,Siebe,Mannelijk,08/20/2019
Zottegem,Frida,Vrouwelijk,08/22/2019
Zaventem,Carl,Mannelijk,08/22/2019
Beveren (Sint-Niklaas),Marianne,Vrouwelijk,08/08/2019
Waterloo,Sophie,Vrouwelijk,08/14/2019
Vorst (Brussel-Hoofdstad),Bruno,Mannelijk,08/23/2019
Zwalm,Dirk,Mannelijk,08/26/2019
Anderlecht,Frédéric,Mannelijk,08/11/2019
Gembloux,Joseph,Mannelijk,08/16/2019
Rochefort,Natacha,Vrouwelijk,08/14/2019
Balen,Anna,Vrouwelijk,08/28/2019
Geraardsbergen,Laura,Vrouwelijk,08/15/2019
Bredene,Patrick,Mannelijk,08/20/2019
Lokeren,Emiel,Mannelijk,08/16/2019
Zinnik,Sébastien,Mannelijk,08/21/2019
Marche-en-Famenne,José,Mannelijk,09/07/2019
Oosterzele,Hannah,Vrouwelijk,08/12/2019
Kortrijk,Ann,Vrouwelijk,09/11/2019
Schaarbeek,Benedicte,Vrouwelijk,08/17/2019
Kortrijk,Christine,Vrouwelijk,08/13/2019
Quaregnon,Kathy,Vrouwelijk,08/12/2019
Londerzeel,Veerle,Vrouwelijk,08/28/2019
Kinrooi,Matheus,Mannelijk,08/19/2019
Etterbeek,Marcin,Mannelijk,08/17/2019
Houthalen-Helchteren,Maria,Vrouwelijk,08/14/2019
Zedelgem,Rita,Vrouwelijk,08/09/2019
Bergen,Thibaut,Mannelijk,09/01/2019
Hotton,Maël,Mannelijk,08/16/2019
Beerse,Denise,Vrouwelijk,08/16/2019
Herselt,Elena,Vrouwelijk,08/17/2019
Gent,Reza,Mannelijk,08/17/2019
Sint-Lambrechts-Woluwe,Maria,Vrouwelijk,08/12/2019
Manage,Lucas,Mannelijk,08/28/2019
Tubeke,Marcelle,Vrouwelijk,08/08/2019
Dendermonde,Christa,Vrouwelijk,08/20/2019
Namen,Tatiana,Vrouwelijk,08/14/2019
Brussel,Arda,Mannelijk,08/17/2019
Geldenaken,Bruno,Mannelijk,08/28/2019
Mechelen,Fatima,Vrouwelijk,08/22/2019
Sint-Lambrechts-Woluwe,Léa,Vrouwelijk,08/15/2019
Herentals,Lien,Vrouwelijk,08/14/2019
Verviers,Serge,Mannelijk,09/04/2019
Gent,Ömer,Mannelijk,08/22/2019
Brugge,Rudy,Mannelijk,08/29/2019
Scherpenheuvel-Zichem,Marie,Vrouwelijk,08/24/2019
Mechelen,Lou,Mannelijk,08/22/2019
Oosterzele,Juliette,Vrouwelijk,08/16/2019
Wellin,Paul,Mannelijk,08/19/2019
Aarlen,Claudine,Vrouwelijk,08/18/2019
Grimbergen,Abdellah,Mannelijk,08/28/2019
Mechelen,Marcel,Mannelijk,08/27/2019
Bergen,Joseph,Mannelijk,08/24/2019
Laakdal,Filip,Mannelijk,08/12/2019
Ottignies-Louvain-la-Neuve,Bernadette,Vrouwelijk,08/22/2019
Hasselt,Karolien,Vrouwelijk,08/27/2019
Willebroek,Arne,Mannelijk,08/09/2019
Overijse,Dirk,Mannelijk,08/24/2019
Boom,Ilse,Vrouwelijk,08/14/2019
Sprimont,Jonathan,Mannelijk,08/28/2019
Montigny-le-Tilleul,Odette,Vrouwelijk,08/18/2019
Turnhout,Timothy,Mannelijk,08/19/2019
Erpe-Mere,Febe,Vrouwelijk,08/24/2019
Kortrijk,Liliane,Vrouwelijk,09/06/2019
Hasselt,Charline,Vrouwelijk,08/08/2019
Lichtervelde,Antoinette,Vrouwelijk,08/15/2019
Meulebeke,Jacques,Mannelijk,08/18/2019
Edegem,Martine,Vrouwelijk,08/27/2019
Charleroi,Antoine,Mannelijk,08/28/2019
Antwerpen,Henrica,Vrouwelijk,08/28/2019
Flémalle,Jean,Mannelijk,08/10/2019
La Louvière,Eddy,Mannelijk,08/17/2019
Luik,Séverine,Vrouwelijk,08/13/2019
Aat,Berthe,Vrouwelijk,08/11/2019
Asse,Maria,Vrouwelijk,08/28/2019
Antwerpen,Gustaaf,Mannelijk,08/27/2019
Awans,Lara,Vrouwelijk,08/24/2019
Wevelgem,Xavier,Mannelijk,08/27/2019
Fleurus,Saïd,Mannelijk,08/26/2019
Ukkel,Elisa,Vrouwelijk,08/15/2019
Aalst (Aalst),Kristine,Vrouwelijk,08/16/2019
Kinrooi,Laurens,Mannelijk,08/14/2019
Kortrijk,Valérie,Vrouwelijk,08/22/2019
Kraainem,Constantin,Mannelijk,08/26/2019
Gent,Lutgard,Vrouwelijk,08/27/2019
Antwerpen,Roger,Mannelijk,08/18/2019
Diest,Dries,Mannelijk,10/09/2019
Willebroek,Cindy,Vrouwelijk,08/11/2019
Brussel,Salima,Vrouwelijk,09/08/2019
Theux,Daniel,Mannelijk,08/08/2019
Fleurus,Guy,Mannelijk,09/08/2019
Deinze,Merel,Vrouwelijk,08/09/2019
Luik,Alix,Vrouwelijk,08/27/2019
Roeselare,Fleur,Vrouwelijk,09/04/2019
Gent,Dominique,Vrouwelijk,08/21/2019
Brugge,Johny,Mannelijk,08/23/2019
Dilsen-Stokkem,Esther,Vrouwelijk,08/16/2019
Leuven,Willy,Mannelijk,08/11/2019
Perwijs (Nijvel),Claude,Mannelijk,08/26/2019
Luik,Frédéric,Mannelijk,09/06/2019
Dilbeek,Arlette,Vrouwelijk,08/23/2019
Dessel,Peter,Mannelijk,08/25/2019
Evere,Helena,Vrouwelijk,08/11/2019
Kortrijk,Patricia,Vrouwelijk,08/25/2019
Ichtegem,Els,Vrouwelijk,08/18/2019
Grâce-Hollogne,Noah,Mannelijk,08/16/2019
Theux,Véronique,Vrouwelijk,08/23/2019
Schoten,Marie-Louise,Vrouwelijk,08/14/2019
Luik,Henri,Mannelijk,08/20/2019
Aywaille,Christian,Mannelijk,08/25/2019
Fosses-la-Ville,Arthur,Mannelijk,08/24/2019
Luik,Arlette,Vrouwelijk,08/10/2019
Antwerpen,Aya,Vrouwelijk,08/25/2019
Brakel,Ellen,Vrouwelijk,08/21/2019
Dilbeek,Laura,Vrouwelijk,08/15/2019
Chapelle-lez-Herlaimont,Béatrice,Vrouwelijk,08/21/2019
Aat,Patrice,Mannelijk,08/19/2019
Zoutleeuw,Johnny,Mannelijk,08/28/2019
Manage,Cathy,Vrouwelijk,08/20/2019
Antwerpen,Senne,Mannelijk,08/19/2019
Sint-Pieters-Leeuw,Melissa,Vrouwelijk,08/21/2019
Moorslede,Patrick,Mannelijk,08/15/2019
Halle (Halle-Vilvoorde),Clara,Vrouwelijk,08/28/2019
Scherpenheuvel-Zichem,Anna,Vrouwelijk,08/26/2019
Pecq,Alice,Vrouwelijk,09/03/2019
Ichtegem,Ivan,Mannelijk,08/16/2019
Gent,Mustafa,Mannelijk,08/24/2019
Seraing,Enola,Vrouwelijk,08/21/2019
Baelen,Philippe,Mannelijk,08/14/2019
Brussel,Maria,Vrouwelijk,08/10/2019
Jabbeke,Nick,Mannelijk,08/16/2019
Sint-Jans-Molenbeek,Arthur,Mannelijk,08/26/2019
Dendermonde,Elias,Mannelijk,08/14/2019
Izegem,Brigitte,Vrouwelijk,09/04/2019
Charleroi,Nadia,Vrouwelijk,08/15/2019
Menen,Heidi,Vrouwelijk,08/16/2019
Verviers,Fatiha,Vrouwelijk,08/27/2019
Doornik,Amélie,Vrouwelijk,08/21/2019
Tintigny,Nadine,Vrouwelijk,08/27/2019
Antwerpen,Marc,Mannelijk,08/19/2019
As,Sandra,Vrouwelijk,09/02/2019
Beerse,Alfons,Mannelijk,08/29/2019
Luik,Mustafa,Mannelijk,08/13/2019
Namen,Clarisse,Vrouwelijk,09/19/2019
Duffel,Sofie,Vrouwelijk,08/28/2019
Sint-Niklaas (Sint-Niklaas),Tabitha,Vrouwelijk,08/19/2019
Roeselare,Albert,Mannelijk,08/15/2019
Kluisbergen,Gilbert,Mannelijk,08/15/2019
Jemeppe-sur-Sambre,Martine,Vrouwelijk,08/13/2019
Plombières,Romain,Mannelijk,08/14/2019
Verviers,Zeynep,Vrouwelijk,08/27/2019
Péruwelz,Noa,Mannelijk,08/11/2019
Laakdal,Ivo,Mannelijk,09/06/2019
Manage,Nicodemo,Mannelijk,08/15/2019
Nijvel,Yvon,Mannelijk,08/14/2019
Zoersel,Finne,Vrouwelijk,09/10/2019
Leuven,Hannah,Vrouwelijk,08/22/2019
Anderlecht,Adriana,Vrouwelijk,08/26/2019
Sint-Jans-Molenbeek,Nathalie,Vrouwelijk,08/12/2019
Hasselt,Sofia,Vrouwelijk,08/20/2019
Knokke-Heist,Geert,Mannelijk,08/15/2019
Blegny,Marc,Mannelijk,08/24/2019
Rumst,Vera,Vrouwelijk,08/15/2019
Bevekom,Corinne,Vrouwelijk,09/01/2019
Kapellen (Antwerpen),Henry,Mannelijk,08/15/2019
Seraing,Benedetto,Mannelijk,08/16/2019
Hamme (Dendermonde),Tim,Mannelijk,08/16/2019
Londerzeel,Nancy,Vrouwelijk,08/28/2019
Brugelette,Colette,Vrouwelijk,08/17/2019
Hulshout,Ferre,Mannelijk,08/16/2019
Herentals,Johnny,Mannelijk,08/19/2019
Charleroi,Nathalie,Vrouwelijk,08/28/2019
Lille,Marina,Vrouwelijk,08/26/2019
Waver,Frédéric,Mannelijk,08/19/2019
Beauraing,Xavier,Mannelijk,08/15/2019
Ukkel,Madeleine,Vrouwelijk,08/26/2019
Moeskroen,Cindy,Vrouwelijk,08/20/2019
Welkenraedt,Grégory,Mannelijk,08/28/2019
Galmaarden,Christel,Vrouwelijk,08/10/2019
Doornik,Marc,Mannelijk,09/03/2019
Edegem,Hubert,Mannelijk,08/30/2019
Geel,Natalia,Vrouwelijk,08/26/2019
Evergem,Albert,Mannelijk,08/09/2019
Destelbergen,Sofia,Vrouwelijk,08/16/2019
Moeskroen,Jules,Mannelijk,08/24/2019
Duffel,Cato,Vrouwelijk,08/21/2019
Charleroi,Driss,Mannelijk,08/13/2019
Andenne,Anna,Vrouwelijk,08/28/2019
Incourt,Olivier,Mannelijk,08/16/2019
Evere,Jason,Mannelijk,08/13/2019
Ukkel,Ann,Vrouwelijk,08/22/2019
Mechelen,Andres,Mannelijk,08/08/2019
Damme,Agnès,Vrouwelijk,08/19/2019
Halle (Halle-Vilvoorde),Lucie,Vrouwelijk,08/17/2019
Asse,Jules,Mannelijk,08/27/2019
Namen,Ceylan,Mannelijk,08/21/2019
Hasselt,Dimitri,Mannelijk,08/11/2019
Charleroi,Nino,Mannelijk,09/06/2019
Merchtem,Dominique,Vrouwelijk,08/17/2019
Pelt,Mohammed,Mannelijk,08/18/2019
Sambreville,Yvonne,Vrouwelijk,08/26/2019
Aalst (Aalst),Peter,Mannelijk,08/15/2019
Laarne,Wim,Mannelijk,08/21/2019
Dinant,Ernest,Mannelijk,08/13/2019
Jalhay,Benoit,Mannelijk,08/08/2019
Lessen,Jean,Mannelijk,08/24/2019
Tremelo,Carl,Mannelijk,08/15/2019
Schaarbeek,Joelle,Vrouwelijk,08/10/2019
Vielsalm,André,Mannelijk,08/22/2019
Genk,Henriette,Vrouwelijk,08/18/2019
Herk-de-Stad,Lucienne,Vrouwelijk,08/17/2019
Gent,Eduard,Mannelijk,08/20/2019
Zottegem,Esther,Vrouwelijk,09/03/2019
Antwerpen,Regina,Vrouwelijk,08/25/2019
Amay,Dominique,Vrouwelijk,08/19/2019
Riemst,Elke,Vrouwelijk,08/16/2019
Bergen,Patricia,Vrouwelijk,08/15/2019
Brunehaut,Lola,Vrouwelijk,08/10/2019
Wetteren,Nick,Mannelijk,08/17/2019
Putte,Els,Vrouwelijk,08/17/2019
Sint-Gillis,Céline,Vrouwelijk,08/18/2019
Schoten,Peggy,Vrouwelijk,08/18/2019
Juprelle,Martine,Vrouwelijk,09/01/2019
Laarne,Johan,Mannelijk,08/23/2019
La Louvière,Anaïs,Vrouwelijk,09/02/2019
Morlanwelz,Alex,Mannelijk,08/16/2019
Liedekerke,Maria,Vrouwelijk,08/26/2019
Jalhay,Christiane,Vrouwelijk,08/09/2019
Kortrijk,Frank,Mannelijk,08/27/2019
Lasne,Gilbert,Mannelijk,09/06/2019
Chaumont-Gistoux,Jacques,Mannelijk,08/28/2019
Borgloon,Els,Vrouwelijk,08/22/2019
Asse,Mounir,Mannelijk,08/26/2019
Péruwelz,Christel,Vrouwelijk,08/16/2019
Trooz,Chloé,Vrouwelijk,08/20/2019
Lommel,Kristien,Vrouwelijk,08/21/2019
Graven,Françoise,Vrouwelijk,09/01/2019
Lanaken,Ronny,Mannelijk,08/13/2019
Oostende,Christian,Mannelijk,08/20/2019
Ternat,Nadine,Vrouwelijk,08/11/2019
Luik,Boris,Mannelijk,08/21/2019
Wichelen,Martine,Vrouwelijk,08/13/2019
Courcelles,Maxime,Mannelijk,10/11/2019
Ukkel,Marie,Vrouwelijk,09/04/2019
Gooik,Dirk,Mannelijk,08/16/2019
Turnhout,Koen,Mannelijk,08/08/2019
Lebbeke,Björn,Mannelijk,08/17/2019
Libramont-Chevigny,Inès,Vrouwelijk,08/16/2019
Niel,Annetta,Vrouwelijk,08/15/2019
Buggenhout,Marcel,Mannelijk,08/13/2019
Beringen,Melania,Vrouwelijk,08/31/2019
Saint-Ghislain,Laurent,Mannelijk,08/19/2019
Temse,Lars,Mannelijk,08/12/2019
Oudenburg,Ginette,Vrouwelijk,08/15/2019
Vilvoorde,Rose,Vrouwelijk,08/21/2019
Nazareth,Maaike,Vrouwelijk,08/19/2019
Lebbeke,Andy,Mannelijk,09/01/2019
Ciney,Jean,Mannelijk,08/16/2019
Gent,Hanne,Vrouwelijk,08/31/2019
Westerlo,Willy,Mannelijk,09/11/2019
Kinrooi,Veerle,Vrouwelijk,08/23/2019
Mettet,Jules,Mannelijk,08/18/2019
Aarlen,Clément,Mannelijk,08/30/2019
Virton,Marianne,Vrouwelijk,08/28/2019
Antwerpen,Karin,Vrouwelijk,08/25/2019
Lier,Ingrid,Vrouwelijk,08/27/2019
Charleroi,Bettina,Vrouwelijk,08/22/2019
Bièvre,Bruno,Mannelijk,08/17/2019
Jalhay,Angélique,Vrouwelijk,09/28/2019
Frasnes-lez-Anvaing,Matthieu,Mannelijk,08/16/2019
Gent,Tobias,Mannelijk,08/23/2019
Estaimpuis,Annie,Vrouwelijk,08/18/2019
Sambreville,Aurélie,Vrouwelijk,08/27/2019
Mechelen,Driss,Mannelijk,08/25/2019
Antwerpen,Hidaya,Vrouwelijk,08/16/2019
Brakel,Marie,Vrouwelijk,08/25/2019
Antwerpen,Wioletta,Vrouwelijk,08/10/2019
Zonhoven,Alfons,Mannelijk,09/11/2019
Anhée,Roger,Mannelijk,08/19/2019
Elsene,Antonin,Mannelijk,08/16/2019
Meerhout,Rudy,Mannelijk,08/19/2019
Scherpenheuvel-Zichem,Pascal,Mannelijk,10/03/2019
Lier,Luc,Mannelijk,08/12/2019
Sint-Niklaas (Sint-Niklaas),Wesley,Mannelijk,08/26/2019
Bilzen,Bernadette,Vrouwelijk,08/25/2019
Kampenhout,Jozef,Mannelijk,08/21/2019
Gent,Khadija,Vrouwelijk,08/31/2019
Lievegem,Paula,Vrouwelijk,08/08/2019
Nijvel,Léa,Vrouwelijk,08/17/2019
Zemst,Anneleen,Vrouwelijk,08/18/2019
Sivry-Rance,Christian,Mannelijk,09/07/2019
Ranst,Robby,Mannelijk,08/23/2019
Kortemark,Ivan,Mannelijk,08/12/2019
Essen,Luc,Mannelijk,08/22/2019
Beveren (Sint-Niklaas),Antoine,Mannelijk,08/28/2019
Zottegem,Luc,Mannelijk,08/31/2019
Brunehaut,Chantal,Vrouwelijk,08/11/2019
Keerbergen,Agnes,Vrouwelijk,08/25/2019
Boom,Anita,Vrouwelijk,08/21/2019
Lille,Yannick,Mannelijk,08/15/2019
Etterbeek,Annette,Vrouwelijk,09/04/2019
Zonnebeke,Eric,Mannelijk,08/22/2019
Oudenaarde,Wendy,Vrouwelijk,08/08/2019
Boortmeerbeek,Eddy,Mannelijk,08/28/2019
Rotselaar,Patrick,Mannelijk,08/30/2019
Sint-Pieters-Leeuw,Alice,Vrouwelijk,08/19/2019
Sint-Niklaas (Sint-Niklaas),Gino,Mannelijk,08/18/2019
Izegem,Emily,Vrouwelijk,09/26/2019
Ingelmunster,Marie-Rose,Vrouwelijk,08/19/2019
Sint-Niklaas (Sint-Niklaas),Ann,Vrouwelijk,08/13/2019
Ieper,Willy,Mannelijk,08/23/2019
Tubeke,Clara,Vrouwelijk,08/22/2019
Antwerpen,Wilfrida,Vrouwelijk,08/17/2019
Zwevegem,Charles,Mannelijk,08/12/2019
Lommel,Madeleine,Vrouwelijk,08/17/2019
