gemeente,naam,geslacht,verwachte datum
Doornik,Eric,Mannelijk,11/23/2019
Lommel,Stijn,Mannelijk,11/13/2019
Ranst,Bart,Mannelijk,11/21/2019
Aarlen,Alexis,Mannelijk,11/08/2019
Lier,Felix,Mannelijk,11/08/2019
Sambreville,Jean,Mannelijk,11/09/2019
Borsbeek,An,Vrouwelijk,11/24/2019
Luik,Fernand,Mannelijk,11/17/2019
Beveren (Sint-Niklaas),Lea,Vrouwelijk,11/11/2019
Lessen,Micheline,Vrouwelijk,11/29/2019
Schaarbeek,Nur,Vrouwelijk,11/20/2019
Antwerpen,Mathis,Mannelijk,11/09/2019
Jurbeke,Martine,Vrouwelijk,11/21/2019
Seneffe,David,Mannelijk,11/14/2019
Ukkel,Saïda,Vrouwelijk,12/07/2019
Bredene,Petra,Vrouwelijk,11/13/2019
Bergen,Bertrand,Mannelijk,11/18/2019
Houthalen-Helchteren,Hamza,Mannelijk,11/30/2019
Hoeilaart,Alexis,Mannelijk,11/12/2019
Nazareth,Wilfried,Mannelijk,11/15/2019
Sambreville,Stéphanie,Vrouwelijk,11/21/2019
Sint-Jans-Molenbeek,Ziyad,Mannelijk,11/22/2019
Seraing,Daniel,Mannelijk,11/14/2019
Gouvy,Isabelle,Vrouwelijk,11/22/2019
Malmedy,Mohamed,Mannelijk,11/16/2019
Gent,Marie,Vrouwelijk,12/04/2019
Lede,Etienne,Mannelijk,11/19/2019
Oudergem,Louis,Mannelijk,11/22/2019
Quaregnon,Frédéric,Mannelijk,11/21/2019
Landen,Kim,Vrouwelijk,11/16/2019
Brugge,Liliane,Vrouwelijk,12/01/2019
Somme-Leuze,Annick,Vrouwelijk,11/14/2019
Beveren (Sint-Niklaas),Michel,Mannelijk,11/07/2019
Gent,Cindy,Vrouwelijk,11/15/2019
Etterbeek,Mercedes,Vrouwelijk,11/11/2019
Bonheiden,Rosa,Vrouwelijk,11/20/2019
Leuven,René,Mannelijk,11/12/2019
Fleurus,Giovanni,Mannelijk,11/08/2019
Opwijk,Sven,Mannelijk,11/22/2019
Hasselt,Gitte,Vrouwelijk,11/10/2019
Gent,Martine,Vrouwelijk,11/17/2019
Amay,Claudine,Vrouwelijk,11/25/2019
Sint-Pieters-Woluwe,Paola,Vrouwelijk,11/08/2019
Ronse,Eddy,Mannelijk,11/19/2019
Colfontaine,Nancy,Vrouwelijk,11/22/2019
Luik,Jean-Pascal,Mannelijk,11/12/2019
Andenne,Benoît,Mannelijk,12/02/2019
Genepiën,Cédric,Mannelijk,11/16/2019
Couvin,Michel,Mannelijk,11/16/2019
Hulshout,Andreas,Mannelijk,11/14/2019
Mechelen,Jan,Mannelijk,11/11/2019
Sint-Agatha-Berchem,Arthur,Mannelijk,11/18/2019
Hechtel-Eksel,Theo,Mannelijk,11/13/2019
Charleroi,Fabien,Mannelijk,12/05/2019
Luik,Julie,Vrouwelijk,12/02/2019
Namen,Patrick,Mannelijk,11/23/2019
Messancy,Arnaud,Mannelijk,11/18/2019
Beveren (Sint-Niklaas),Alexander,Mannelijk,11/16/2019
Doornik,Zoé,Vrouwelijk,11/19/2019
Geldenaken,Julien,Mannelijk,11/21/2019
Ans,Aldo,Mannelijk,11/15/2019
Sint-Lambrechts-Woluwe,Edward,Mannelijk,11/10/2019
Bergen,Stéphane,Mannelijk,11/11/2019
Brugge,Sebastian,Mannelijk,12/02/2019
Duffel,Ria,Vrouwelijk,11/15/2019
Comblain-au-Pont,Sylvia,Vrouwelijk,11/10/2019
Wezembeek-Oppem,Augustin,Mannelijk,11/15/2019
Antwerpen,Smahane,Vrouwelijk,11/12/2019
Binche,Florence,Vrouwelijk,11/15/2019
Lanaken,Franciscus,Mannelijk,11/07/2019
Aartselaar,Christian,Mannelijk,11/06/2019
Sint-Lambrechts-Woluwe,Marie,Vrouwelijk,11/06/2019
Watermaal-Bosvoorde,Dominique,Vrouwelijk,11/11/2019
Galmaarden,Leen,Vrouwelijk,11/23/2019
Maasmechelen,Matthias,Mannelijk,11/04/2019
Londerzeel,Silke,Vrouwelijk,11/08/2019
Lommel,Daan,Mannelijk,11/12/2019
Bertem,Julie,Vrouwelijk,11/11/2019
Ukkel,Nicolas,Mannelijk,11/21/2019
Anderlecht,Naima,Vrouwelijk,11/12/2019
Jalhay,Christel,Vrouwelijk,12/04/2019
Rijkevorsel,Elza,Vrouwelijk,11/16/2019
Frameries,Etienne,Mannelijk,11/17/2019
Oudergem,Elise,Vrouwelijk,11/06/2019
Langemark-Poelkapelle,Isabelle,Vrouwelijk,11/05/2019
Antwerpen,Benjamin,Mannelijk,11/15/2019
Antwerpen,Mats,Mannelijk,11/24/2019
Essen,Marie,Vrouwelijk,11/23/2019
Jemeppe-sur-Sambre,Eloïse,Vrouwelijk,11/21/2019
Bilzen,Koen,Mannelijk,11/15/2019
Aat,Nicolas,Mannelijk,11/08/2019
Arendonk,Guido,Mannelijk,11/04/2019
Boortmeerbeek,Julie,Vrouwelijk,11/12/2019
Eeklo,Mariette,Vrouwelijk,11/12/2019
Namen,Nadine,Vrouwelijk,12/02/2019
Saint-Ghislain,Philippe,Mannelijk,11/15/2019
Aarschot,Lennert,Mannelijk,11/14/2019
Waver,Pierre,Mannelijk,11/20/2019
Wevelgem,Mario,Mannelijk,11/23/2019
Charleroi,Noah,Mannelijk,11/15/2019
Mortsel,Paul,Mannelijk,11/05/2019
Asse,Lisette,Vrouwelijk,11/20/2019
Elsene,Frank,Mannelijk,11/18/2019
Waregem,Natalie,Vrouwelijk,11/17/2019
Schilde,Tom,Mannelijk,11/21/2019
Roeselare,Godelieve,Vrouwelijk,11/14/2019
Namen,Charlotte,Vrouwelijk,11/15/2019
Hoeilaart,Kris,Mannelijk,11/15/2019
Chaudfontaine,Sara,Vrouwelijk,11/06/2019
Dison,Sandra,Vrouwelijk,12/08/2019
Koekelare,Heidi,Vrouwelijk,11/16/2019
Bonheiden,Hubert,Mannelijk,11/20/2019
Gent,Kader,Vrouwelijk,11/04/2019
Tessenderlo,Sien,Vrouwelijk,11/24/2019
Haaltert,Mario,Mannelijk,11/11/2019
Luik,Nicole,Vrouwelijk,11/20/2019
Jette,Aurélie,Vrouwelijk,11/15/2019
Antwerpen,Philip,Mannelijk,11/09/2019
Harelbeke,Jean-Claude,Mannelijk,11/14/2019
Charleroi,Lucas,Mannelijk,11/23/2019
Aalst (Aalst),Germaine,Vrouwelijk,11/15/2019
Sint-Niklaas (Sint-Niklaas),Recep,Mannelijk,01/07/2020
Sint-Lambrechts-Woluwe,Grégory,Mannelijk,11/19/2019
Kampenhout,Dirk,Mannelijk,11/20/2019
Aalst (Aalst),Ingrid,Vrouwelijk,11/05/2019
Pelt,Sanne,Vrouwelijk,11/17/2019
Denderleeuw,Mario,Mannelijk,11/13/2019
Plombières,Gregory,Mannelijk,11/17/2019
Aalst (Aalst),Ali,Mannelijk,11/16/2019
Kruibeke,Delphine,Vrouwelijk,11/15/2019
Beveren (Sint-Niklaas),Linda,Vrouwelijk,11/21/2019
Antwerpen,Julie,Vrouwelijk,11/09/2019
Charleroi,Christelle,Vrouwelijk,11/14/2019
Seraing,Maxime,Mannelijk,11/18/2019
Sprimont,Danièle,Vrouwelijk,11/10/2019
Remicourt,Jessica,Vrouwelijk,11/04/2019
Antwerpen,Laziza,Vrouwelijk,12/03/2019
Yvoir,Jacqueline,Vrouwelijk,11/15/2019
Dendermonde,Marc,Mannelijk,11/13/2019
Wevelgem,Jules,Mannelijk,11/11/2019
Luik,Salma,Vrouwelijk,11/20/2019
Gent,Denis,Mannelijk,11/12/2019
’s Gravenbrakel,Olivier,Mannelijk,11/25/2019
Harelbeke,Yvan,Mannelijk,11/15/2019
Sint-Lambrechts-Woluwe,Theodora,Vrouwelijk,12/05/2019
Ganshoren,Sonia,Vrouwelijk,11/13/2019
Waver,Christophe,Mannelijk,11/21/2019
Gent,Kiana,Vrouwelijk,11/20/2019
Büllingen,Olga,Vrouwelijk,11/21/2019
Courcelles,Lorenzo,Mannelijk,11/11/2019
Brussel,Fatima,Vrouwelijk,11/15/2019
Temse,Orhan,Mannelijk,11/17/2019
Genk,Robbe,Mannelijk,11/18/2019
Thuin,Fabienne,Vrouwelijk,11/12/2019
Colfontaine,Malika,Vrouwelijk,11/19/2019
Assenede,Michel,Mannelijk,11/11/2019
Luik,Amine,Mannelijk,11/16/2019
Lommel,Siebe,Mannelijk,11/07/2019
Etterbeek,Gilberte,Vrouwelijk,11/16/2019
Etterbeek,Laura,Vrouwelijk,11/04/2019
Fontaine-l’Evêque,Pierre,Mannelijk,11/18/2019
Waregem,Thi,Vrouwelijk,11/04/2019
Zonhoven,Sanne,Vrouwelijk,11/21/2019
Fosses-la-Ville,Zoé,Vrouwelijk,11/11/2019
Brasschaat,Anna,Vrouwelijk,11/13/2019
Temse,Sven,Mannelijk,11/11/2019
Beloeil,Rudi,Mannelijk,11/14/2019
Beringen,Bert,Mannelijk,12/23/2019
Wemmel,Jean,Mannelijk,11/12/2019
Rochefort,Grégory,Mannelijk,11/11/2019
Nandrin,Vanessa,Vrouwelijk,11/20/2019
Opzullik,Théo,Mannelijk,11/05/2019
Oudergem,Corinne,Vrouwelijk,01/05/2020
Lommel,Josée,Vrouwelijk,11/06/2019
Herstal,Steve,Mannelijk,11/24/2019
Deinze,Luc,Mannelijk,11/21/2019
Kalmthout,Liliane,Vrouwelijk,11/10/2019
Antwerpen,Frédérique,Vrouwelijk,12/08/2019
Baarle-Hertog,Johannes,Mannelijk,11/13/2019
Esneux,Louise,Vrouwelijk,11/15/2019
Brunehaut,Gaston,Mannelijk,11/04/2019
Duffel,Regina,Vrouwelijk,11/19/2019
Brunehaut,Mélanie,Vrouwelijk,11/13/2019
Grimbergen,Samy,Mannelijk,11/10/2019
Maasmechelen,Marleen,Vrouwelijk,11/10/2019
Juprelle,Willy,Mannelijk,11/15/2019
Kortrijk,Jan,Mannelijk,11/11/2019
Sint-Jans-Molenbeek,Ilias,Mannelijk,11/14/2019
Namen,Lila,Vrouwelijk,11/19/2019
Hamme (Dendermonde),Ronny,Mannelijk,11/16/2019
Oostende,Noël,Mannelijk,11/14/2019
Fosses-la-Ville,Roger,Mannelijk,11/12/2019
Kortrijk,Stella,Vrouwelijk,11/14/2019
Rotselaar,Anita,Vrouwelijk,11/11/2019
Edingen,Guy,Mannelijk,11/12/2019
Kruisem,Jessica,Vrouwelijk,11/13/2019
Kortrijk,Johnny,Mannelijk,11/19/2019
Zinnik,Natacha,Vrouwelijk,11/08/2019
Walcourt,Johnny,Mannelijk,11/12/2019
Pelt,Els,Vrouwelijk,11/04/2019
Turnhout,Constantia,Vrouwelijk,11/11/2019
Elsene,Arthur,Mannelijk,11/24/2019
Moerbeke (Gent),Koen,Mannelijk,11/14/2019
Brussel,Zofia,Vrouwelijk,11/08/2019
Lubbeek,Vera,Vrouwelijk,11/07/2019
Chaumont-Gistoux,Charlotte,Vrouwelijk,11/14/2019
Rixensart,Christophe,Mannelijk,11/27/2019
Maaseik,Lisette,Vrouwelijk,11/16/2019
Harelbeke,Marieke,Vrouwelijk,11/19/2019
Herselt,Steven,Mannelijk,11/27/2019
Zaventem,Roman,Mannelijk,11/21/2019
Sint-Jans-Molenbeek,Othman,Mannelijk,11/18/2019
Steenokkerzeel,Dirk,Mannelijk,11/13/2019
Grimbergen,Ali,Mannelijk,11/19/2019
Edingen,Marius,Mannelijk,11/05/2019
Rouvroy,Marc,Mannelijk,11/15/2019
Antwerpen,Wim,Mannelijk,11/11/2019
Schaarbeek,David,Mannelijk,11/15/2019
Antwerpen,Khalid,Mannelijk,11/08/2019
Evere,Amandine,Vrouwelijk,11/13/2019
Schoten,Patrick,Mannelijk,11/20/2019
Sint-Pieters-Leeuw,Godelieve,Vrouwelijk,11/21/2019
Dilsen-Stokkem,Wendy,Vrouwelijk,11/24/2019
Ukkel,Daniel,Mannelijk,11/14/2019
Mechelen,Francis,Mannelijk,11/18/2019
Jette,Abdeslam,Mannelijk,11/17/2019
Brussel,Sofiane,Mannelijk,11/06/2019
Limburg,William,Mannelijk,11/05/2019
Aat,Bruno,Mannelijk,11/15/2019
Brasschaat,Roman,Mannelijk,11/09/2019
Lo-Reninge,Gerard,Mannelijk,11/17/2019
Eigenbrakel,Liliane,Vrouwelijk,11/15/2019
Lede,Stefaan,Mannelijk,11/14/2019
Sint-Jans-Molenbeek,Nadia,Vrouwelijk,11/07/2019
Willebroek,Martine,Vrouwelijk,11/30/2019
Neupré,Jean,Mannelijk,11/14/2019
Meulebeke,Ilse,Vrouwelijk,11/09/2019
Ans,Marie,Vrouwelijk,11/18/2019
Luik,Johan,Mannelijk,11/08/2019
Luik,Naël,Mannelijk,11/30/2019
Opwijk,Liv,Vrouwelijk,11/13/2019
Hooglede,Luc,Mannelijk,11/16/2019
Borgloon,Christophe,Mannelijk,11/12/2019
Eigenbrakel,Nadia,Vrouwelijk,12/14/2019
Antwerpen,Jozef,Mannelijk,11/14/2019
Aalter,Gabrielle,Vrouwelijk,11/12/2019
Zinnik,Muriel,Vrouwelijk,11/20/2019
Aywaille,Marc,Mannelijk,11/13/2019
Binche,Francesco,Mannelijk,11/13/2019
Bergen,Sarah,Vrouwelijk,11/11/2019
Tenneville,Claudine,Vrouwelijk,11/26/2019
Aartselaar,Rudy,Mannelijk,11/24/2019
Jette,Monique,Vrouwelijk,11/16/2019
Aat,Jean-Michel,Mannelijk,11/16/2019
Oupeye,Noah,Mannelijk,11/20/2019
Aywaille,Florence,Vrouwelijk,11/12/2019
Charleroi,Guy,Mannelijk,11/23/2019
Aarschot,Dennis,Mannelijk,11/23/2019
Elsene,Nicholas,Mannelijk,11/16/2019
Seraing,Melisa,Vrouwelijk,11/11/2019
Sint-Lambrechts-Woluwe,Anas,Mannelijk,11/11/2019
Sint-Gillis,Nicole,Vrouwelijk,11/04/2019
Bütgenbach,Michael,Mannelijk,11/25/2019
La Louvière,Chloé,Vrouwelijk,11/09/2019
Lanaken,Paulus,Mannelijk,11/13/2019
Rumst,Ann,Vrouwelijk,11/23/2019
Ternat,Anita,Vrouwelijk,11/30/2019
Fleurus,Noah,Mannelijk,11/13/2019
Dinant,André,Mannelijk,11/18/2019
Binche,Giuseppe,Mannelijk,11/13/2019
Lessen,Camille,Vrouwelijk,11/13/2019
Komen-Waasten,Noël,Mannelijk,11/10/2019
Châtelet,Armande,Vrouwelijk,11/15/2019
Berlaar,Luc,Mannelijk,12/07/2019
Gent,Ivo,Mannelijk,11/21/2019
Lichtervelde,Myriam,Vrouwelijk,11/22/2019
Waasmunster,Robin,Mannelijk,11/04/2019
Manage,Silvana,Vrouwelijk,11/07/2019
Aalter,Lisa,Vrouwelijk,11/12/2019
Aalter,Marie,Vrouwelijk,11/15/2019
Houthalen-Helchteren,Lidia,Vrouwelijk,11/11/2019
Fléron,Mathilde,Vrouwelijk,11/28/2019
Antwerpen,Laurent,Mannelijk,11/12/2019
Antwerpen,Brigitte,Vrouwelijk,11/04/2019
Schaarbeek,Abdellah,Mannelijk,11/12/2019
Brussel,Ismael,Mannelijk,11/13/2019
Incourt,Céline,Vrouwelijk,11/23/2019
Tremelo,Tom,Mannelijk,12/05/2019
Sint-Laureins,Patrick,Mannelijk,12/05/2019
Moeskroen,Noah,Mannelijk,11/10/2019
Antwerpen,Nando,Mannelijk,11/22/2019
Seneffe,Victor,Mannelijk,11/18/2019
Herent,Nina,Vrouwelijk,11/09/2019
Brugge,Julius,Mannelijk,11/09/2019
Zedelgem,Thérèse,Vrouwelijk,11/10/2019
Antwerpen,Lucia,Vrouwelijk,12/03/2019
Neupré,Victor,Mannelijk,11/21/2019
Farciennes,Deborah,Vrouwelijk,11/11/2019
Brussel,Nisrine,Vrouwelijk,11/24/2019
Neufchâteau (Neufchâteau),Thomas,Mannelijk,11/07/2019
Wezembeek-Oppem,Marie,Vrouwelijk,11/07/2019
Oudsbergen,Pierre,Mannelijk,11/13/2019
Brugge,Mohamad,Mannelijk,11/06/2019
Merelbeke,Ruben,Mannelijk,11/24/2019
Antwerpen,Albert,Mannelijk,11/13/2019
Hemiksem,Maria,Vrouwelijk,11/12/2019
Anderlecht,Souade,Vrouwelijk,11/07/2019
Bierbeek,Marleen,Vrouwelijk,11/16/2019
Sint-Jans-Molenbeek,Rahmouna,Vrouwelijk,11/15/2019
Rochefort,Simon,Mannelijk,11/12/2019
Sint-Truiden,Johan,Mannelijk,11/11/2019
Ranst,Greta,Vrouwelijk,11/05/2019
Court-Saint-Etienne,Thomas,Mannelijk,12/05/2019
Beloeil,Annie,Vrouwelijk,11/12/2019
Antoing,Vanessa,Vrouwelijk,11/14/2019
Oupeye,Hamza,Mannelijk,12/08/2019
Ukkel,Hervé,Mannelijk,11/18/2019
Gent,Wendy,Vrouwelijk,11/12/2019
