gemeente,naam,geslacht,verwachte datum
Ohey,Antoine,Mannelijk,05/07/2019
Houthulst,Nathalie,Vrouwelijk,04/29/2019
Ninove,Luc,Mannelijk,05/03/2019
Harelbeke,Nico,Mannelijk,05/07/2019
Oudenburg,Marie,Vrouwelijk,05/08/2019
Aalst (Aalst),Maria,Vrouwelijk,05/02/2019
Aat,Justin,Mannelijk,05/29/2019
Waver,Ali,Mannelijk,05/24/2019
Weismes,Manon,Vrouwelijk,05/12/2019
Jemeppe-sur-Sambre,Freddy,Mannelijk,04/26/2019
Knokke-Heist,Frieda,Vrouwelijk,05/03/2019
Beloeil,Daniel,Mannelijk,05/05/2019
Luik,Alice,Vrouwelijk,05/01/2019
Lokeren,Stany,Mannelijk,05/07/2019
Bergen,Corinne,Vrouwelijk,05/29/2019
Geel,Griet,Vrouwelijk,05/15/2019
Zwevegem,Lisa,Vrouwelijk,05/12/2019
Chastre,Nathalie,Vrouwelijk,05/06/2019
Aubel,Cindy,Vrouwelijk,05/03/2019
Wevelgem,Olivier,Mannelijk,05/01/2019
Antwerpen,Maria,Vrouwelijk,05/08/2019
Brussel,Mohamed,Mannelijk,05/09/2019
Ham-sur-Heure-Nalinnes,Yves,Mannelijk,05/13/2019
Brugge,Kristin,Vrouwelijk,05/18/2019
Oostkamp,Frank,Mannelijk,05/22/2019
Bierbeek,Ellen,Vrouwelijk,05/05/2019
Genk,Martha,Vrouwelijk,05/11/2019
Engis,Roger,Mannelijk,05/14/2019
Opwijk,Marie,Vrouwelijk,05/09/2019
Brasschaat,Sophie,Vrouwelijk,05/06/2019
Lievegem,Carine,Vrouwelijk,05/25/2019
Vilvoorde,Latifa,Vrouwelijk,05/11/2019
Mettet,Dominique,Vrouwelijk,05/01/2019
Bonheiden,Fabienne,Vrouwelijk,04/30/2019
Koksijde,Jolien,Vrouwelijk,05/05/2019
Brugge,Ann,Vrouwelijk,05/09/2019
Tervuren,Nicolas,Mannelijk,05/06/2019
Malle,Jozefa,Vrouwelijk,04/25/2019
Saint-Nicolas (Luik),Nicole,Vrouwelijk,05/15/2019
Boutersem,Sonia,Vrouwelijk,05/02/2019
Courcelles,Gaspard,Mannelijk,05/03/2019
Erpe-Mere,Tristan,Mannelijk,05/10/2019
Dilsen-Stokkem,Yasmine,Vrouwelijk,05/02/2019
Brakel,Hans,Mannelijk,04/25/2019
Plombières,Hervé,Mannelijk,05/03/2019
Gent,Emilia,Vrouwelijk,04/27/2019
Anderlecht,Madeleine,Vrouwelijk,05/02/2019
Antwerpen,Joshua,Mannelijk,04/26/2019
Charleroi,Jacqueline,Vrouwelijk,05/01/2019
Orp-Jauche,Marc,Mannelijk,05/26/2019
Brugge,Jasper,Mannelijk,05/07/2019
Diepenbeek,Hendrik,Mannelijk,05/07/2019
Charleroi,Maria,Vrouwelijk,05/03/2019
Tervuren,Elise,Vrouwelijk,05/02/2019
Nijvel,Amandine,Vrouwelijk,05/05/2019
Sankt Vith,Theodor,Mannelijk,05/11/2019
Luik,Zoé,Vrouwelijk,05/10/2019
Walcourt,Benjamin,Mannelijk,05/05/2019
Thimister-Clermont,Magali,Vrouwelijk,05/02/2019
La Louvière,Steven,Mannelijk,06/23/2019
Anderlecht,Luis,Mannelijk,05/07/2019
Brugge,Alphonse,Mannelijk,04/29/2019
Dentergem,Myriam,Vrouwelijk,04/30/2019
Beringen,Liesbet,Vrouwelijk,05/15/2019
Dendermonde,Freek,Mannelijk,05/04/2019
Maasmechelen,Brigitte,Vrouwelijk,05/10/2019
Schaarbeek,Nadège,Vrouwelijk,05/04/2019
Charleroi,Kyle,Mannelijk,05/14/2019
Morlanwelz,Fabrizio,Mannelijk,05/07/2019
Luik,Thomas,Mannelijk,04/26/2019
Evergem,Ingrid,Vrouwelijk,05/08/2019
Vorst (Brussel-Hoofdstad),Martine,Vrouwelijk,04/28/2019
Lebbeke,Josiane,Vrouwelijk,05/18/2019
Sint-Jans-Molenbeek,Germaine,Vrouwelijk,05/04/2019
Melle,Ellen,Vrouwelijk,05/07/2019
Andenne,Maxime,Mannelijk,05/07/2019
Watermaal-Bosvoorde,Mark,Mannelijk,05/03/2019
Ninove,Sander,Mannelijk,04/27/2019
Gent,Irem,Vrouwelijk,04/25/2019
Bilzen,Jean,Mannelijk,05/05/2019
Brussel,Safya,Vrouwelijk,05/04/2019
Antwerpen,Chiara,Vrouwelijk,05/22/2019
Aarlen,Pierre,Mannelijk,05/03/2019
Sint-Lievens-Houtem,Lara,Vrouwelijk,05/02/2019
Hoogstraten,Alfons,Mannelijk,04/27/2019
Marche-en-Famenne,Olivia,Vrouwelijk,06/25/2019
Ichtegem,Cindy,Vrouwelijk,06/15/2019
Lievegem,Rudi,Mannelijk,05/08/2019
Grimbergen,Mohamed,Mannelijk,05/10/2019
Kinrooi,Jacques,Mannelijk,05/12/2019
Gent,Eman,Vrouwelijk,04/25/2019
Ottignies-Louvain-la-Neuve,Jacques,Mannelijk,05/09/2019
Brussel,Sophie,Vrouwelijk,05/28/2019
Aywaille,Julie,Vrouwelijk,05/08/2019
Sombreffe,Romain,Mannelijk,05/04/2019
Deinze,Hedwig,Mannelijk,04/25/2019
Oostkamp,Lauren,Vrouwelijk,05/06/2019
Ans,Marine,Vrouwelijk,05/21/2019
Pelt,Dave,Mannelijk,05/09/2019
Binche,Michel,Mannelijk,06/06/2019
Saint-Nicolas (Luik),David,Mannelijk,05/09/2019
Charleroi,Jean-Louis,Mannelijk,04/26/2019
Dalhem,Raymond,Mannelijk,04/29/2019
Scherpenheuvel-Zichem,Annicq,Vrouwelijk,05/26/2019
Roeselare,Niels,Mannelijk,05/10/2019
Lokeren,Willy,Mannelijk,05/12/2019
Westerlo,Yannick,Mannelijk,05/12/2019
Beernem,Georges,Mannelijk,05/14/2019
Sint-Gillis,Joel,Mannelijk,05/03/2019
Verlaine,Séverine,Vrouwelijk,05/03/2019
Lanaken,Catharina,Vrouwelijk,05/25/2019
Charleroi,Karl,Mannelijk,05/07/2019
Raeren,Simone,Vrouwelijk,05/06/2019
Luik,Eliane,Vrouwelijk,05/14/2019
Aarschot,Kim,Vrouwelijk,05/16/2019
Sint-Lambrechts-Woluwe,Franck,Mannelijk,04/26/2019
Antwerpen,Sarah,Vrouwelijk,05/10/2019
Linkebeek,Michel,Mannelijk,05/02/2019
Oupeye,Concetta,Vrouwelijk,05/22/2019
Lede,Eric,Mannelijk,05/01/2019
Dison,Brigitte,Vrouwelijk,05/02/2019
Hotton,Marc,Mannelijk,04/30/2019
Ans,Brigitte,Vrouwelijk,05/17/2019
Dison,Isabelle,Vrouwelijk,05/08/2019
Boortmeerbeek,Christel,Vrouwelijk,05/08/2019
Opwijk,Lies,Vrouwelijk,05/03/2019
Ottignies-Louvain-la-Neuve,Catherine,Vrouwelijk,05/08/2019
Châtelet,Laura,Vrouwelijk,05/29/2019
Sint-Jans-Molenbeek,Maria,Vrouwelijk,05/13/2019
Hastière,Francine,Vrouwelijk,05/05/2019
Eghezée,Philippe,Mannelijk,05/08/2019
Rochefort,Isabelle,Vrouwelijk,05/16/2019
La Bruyère,Mélanie,Vrouwelijk,05/05/2019
Roeselare,Jean,Mannelijk,05/04/2019
Wortegem-Petegem,Anna,Vrouwelijk,05/06/2019
Lede,Luc,Mannelijk,05/09/2019
Herent,Rudy,Mannelijk,05/01/2019
Herentals,François,Mannelijk,05/15/2019
Lubbeek,Tim,Mannelijk,05/22/2019
Bertem,Benjamin,Mannelijk,05/01/2019
Elsene,Karol,Mannelijk,05/14/2019
Hasselt,Marie,Vrouwelijk,06/08/2019
Bilzen,Amber,Vrouwelijk,05/07/2019
Gent,Ann,Vrouwelijk,05/17/2019
’s Gravenbrakel,Luigi,Mannelijk,05/23/2019
Moeskroen,Jérémy,Mannelijk,05/09/2019
Courcelles,Sabrina,Vrouwelijk,05/01/2019
Eupen,Suzanne,Vrouwelijk,05/12/2019
Oudenaarde,Lotte,Vrouwelijk,05/08/2019
Ieper,Maria,Vrouwelijk,05/13/2019
Merchtem,Sam,Mannelijk,06/18/2019
Tubeke,Alain,Mannelijk,05/09/2019
Brussel,Rodica,Vrouwelijk,05/02/2019
Destelbergen,Bart,Mannelijk,05/07/2019
Jette,Pauline,Vrouwelijk,05/05/2019
Izegem,Robert,Mannelijk,05/05/2019
Brugge,Christian,Mannelijk,04/28/2019
La Louvière,Jordan,Mannelijk,05/17/2019
Boussu,Maurizio,Mannelijk,05/29/2019
Zwalm,Sarah,Vrouwelijk,05/14/2019
Beveren (Sint-Niklaas),Lilianne,Vrouwelijk,05/01/2019
Antwerpen,Marouane,Mannelijk,05/06/2019
Thimister-Clermont,Anne,Vrouwelijk,04/30/2019
Waver,Simon,Mannelijk,05/06/2019
Gent,Maarten,Mannelijk,05/20/2019
Flémalle,Vittorio,Mannelijk,04/28/2019
Brugge,Dominiek,Mannelijk,05/13/2019
Sint-Pieters-Woluwe,Karl,Mannelijk,04/30/2019
Luik,Martine,Vrouwelijk,05/02/2019
Bergen,Daniel,Mannelijk,06/17/2019
Saint-Ghislain,Guillaume,Mannelijk,05/02/2019
Mechelen,Cecilia,Vrouwelijk,06/10/2019
Chapelle-lez-Herlaimont,Ludivine,Vrouwelijk,04/30/2019
Antwerpen,Linde,Vrouwelijk,04/28/2019
Huldenberg,Karen,Vrouwelijk,05/15/2019
Andenne,Angélique,Vrouwelijk,05/02/2019
Schaarbeek,Jacques,Mannelijk,05/07/2019
Luik,Serena,Vrouwelijk,05/12/2019
Dison,Steve,Mannelijk,05/08/2019
Wezembeek-Oppem,Barbara,Vrouwelijk,05/09/2019
Eigenbrakel,Guy,Mannelijk,05/10/2019
Hoei,Marie,Vrouwelijk,05/01/2019
Dilsen-Stokkem,Jan,Mannelijk,05/10/2019
Genk,Raphael,Mannelijk,04/25/2019
Kortrijk,Patrick,Mannelijk,04/26/2019
Maasmechelen,Marcel,Mannelijk,04/29/2019
Elsene,Jadwiga,Vrouwelijk,05/02/2019
Bergen,Edith,Vrouwelijk,05/04/2019
La Louvière,Guy,Mannelijk,04/25/2019
Torhout,Liliane,Vrouwelijk,05/07/2019
Aat,Cindy,Vrouwelijk,05/12/2019
Aalst (Aalst),Daphné,Vrouwelijk,05/09/2019
Blegny,Linda,Vrouwelijk,05/13/2019
Putte,Christel,Vrouwelijk,05/10/2019
Graven,Anne-Marie,Vrouwelijk,05/07/2019
Kortrijk,Erna,Vrouwelijk,05/02/2019
Quiévrain,Grégory,Mannelijk,05/22/2019
Beernem,Bernard,Mannelijk,05/12/2019
Luik,Sophie,Vrouwelijk,05/02/2019
Sambreville,Geoffrey,Mannelijk,05/26/2019
Stabroek,Annemie,Vrouwelijk,05/12/2019
Brasschaat,Jacqueline,Vrouwelijk,05/06/2019
Beveren (Sint-Niklaas),Christa,Vrouwelijk,05/07/2019
Brussel,Adam,Mannelijk,04/25/2019
Welkenraedt,Romain,Mannelijk,05/11/2019
Oostende,Dorine,Vrouwelijk,04/25/2019
Heusden-Zolder,Elif,Vrouwelijk,05/03/2019
Knokke-Heist,Paul,Mannelijk,05/09/2019
Frasnes-lez-Anvaing,Josiane,Vrouwelijk,05/07/2019
Evere,Tom,Mannelijk,04/26/2019
Brugge,Nancy,Vrouwelijk,05/11/2019
Manage,Sofia,Vrouwelijk,05/10/2019
Rochefort,Philippe,Mannelijk,05/24/2019
Court-Saint-Etienne,Jean-Marie,Mannelijk,05/03/2019
Antwerpen,Hafida,Vrouwelijk,05/20/2019
Erpe-Mere,Olivia,Vrouwelijk,05/02/2019
Tessenderlo,Gerry,Mannelijk,05/03/2019
Seraing,Eric,Mannelijk,05/06/2019
Perwijs (Nijvel),Marie,Vrouwelijk,05/04/2019
Saint-Nicolas (Luik),Gerlando,Mannelijk,05/16/2019
Brussel,Antonio,Mannelijk,05/04/2019
Sint-Genesius-Rode,Nick,Mannelijk,05/01/2019
Lessen,Charline,Vrouwelijk,05/09/2019
Fleurus,Marie,Vrouwelijk,05/14/2019
Grâce-Hollogne,Sylvie,Vrouwelijk,04/30/2019
Châtelet,Gaetano,Mannelijk,05/06/2019
Charleroi,Anaëlle,Vrouwelijk,04/30/2019
Zoutleeuw,Bart,Mannelijk,05/08/2019
Herve,Sophie,Vrouwelijk,04/25/2019
Houthalen-Helchteren,Gerard,Mannelijk,05/25/2019
Schaarbeek,Jérémy,Mannelijk,05/05/2019
La Louvière,Ciro,Mannelijk,05/19/2019
Genk,Anne-Marie,Vrouwelijk,06/24/2019
Soumagne,Marcelle,Vrouwelijk,05/07/2019
Manage,Vanessa,Vrouwelijk,05/01/2019
Châtelet,Domenico,Mannelijk,05/06/2019
Eigenbrakel,Jean-Claude,Mannelijk,05/17/2019
Grâce-Hollogne,Caroline,Vrouwelijk,04/26/2019
Walcourt,Jacqueline,Vrouwelijk,05/10/2019
Kortrijk,Carine,Vrouwelijk,05/14/2019
Kortrijk,Yassine,Mannelijk,05/11/2019
Nieuwpoort,Virginie,Vrouwelijk,05/05/2019
Brasschaat,Sarah,Vrouwelijk,05/14/2019
Bernissart,Ilona,Vrouwelijk,05/02/2019
Sint-Joost-ten-Node,Mariusz,Mannelijk,05/02/2019
Brugge,Axelle,Vrouwelijk,05/04/2019
Essen,Ivan,Mannelijk,05/02/2019
Charleroi,Bibi,Vrouwelijk,05/10/2019
Hoogstraten,Vincent,Mannelijk,05/02/2019
Doornik,Dominique,Vrouwelijk,05/10/2019
Luik,Véronique,Vrouwelijk,05/06/2019
Leuven,Jan,Mannelijk,05/04/2019
Wezet,Maria,Vrouwelijk,05/07/2019
Amel,Hermann,Mannelijk,05/01/2019
Antwerpen,Suzanna,Vrouwelijk,04/25/2019
Rotselaar,Xander,Mannelijk,05/05/2019
Kluisbergen,Pieter,Mannelijk,05/11/2019
Mechelen,Antoine,Mannelijk,05/02/2019
Genk,Antonio,Mannelijk,05/05/2019
Brasschaat,Catharina,Vrouwelijk,05/08/2019
Sombreffe,Arnaud,Mannelijk,05/12/2019
De Haan,Sophie,Vrouwelijk,05/06/2019
Herselt,Bart,Mannelijk,05/08/2019
Herk-de-Stad,Guido,Mannelijk,05/12/2019
Doornik,Mathéo,Mannelijk,05/02/2019
Sint-Niklaas (Sint-Niklaas),Rudiger,Mannelijk,05/14/2019
Merelbeke,Rita,Vrouwelijk,05/05/2019
Antwerpen,Marc,Mannelijk,05/13/2019
Lint,Nico,Mannelijk,05/11/2019
Leuven,Aicha,Vrouwelijk,05/08/2019
Antwerpen,Martyna,Vrouwelijk,05/14/2019
Sint-Lambrechts-Woluwe,Anne,Vrouwelijk,05/10/2019
Gent,Elsie,Vrouwelijk,05/15/2019
Ternat,Maria,Vrouwelijk,05/04/2019
Estinnes,Maria,Vrouwelijk,05/02/2019
Vilvoorde,Yahya,Mannelijk,06/14/2019
Anhée,Axel,Mannelijk,05/05/2019
Knokke-Heist,Andreea,Vrouwelijk,05/06/2019
Beveren (Sint-Niklaas),Lutgarde,Vrouwelijk,05/21/2019
Waterloo,Stéphane,Mannelijk,05/03/2019
Lubbeek,Hannelore,Vrouwelijk,04/30/2019
Moeskroen,Benoît,Mannelijk,04/28/2019
Luik,Philippe,Mannelijk,05/07/2019
Brugge,Luis,Mannelijk,05/27/2019
Les Bons Villers,Thomas,Mannelijk,05/06/2019
Mol,Geert,Mannelijk,05/24/2019
Schaarbeek,Yousra,Vrouwelijk,05/03/2019
Lokeren,Davy,Mannelijk,05/07/2019
Antwerpen,Pierre,Mannelijk,06/20/2019
Herent,Annemie,Vrouwelijk,05/04/2019
Rebecq,Maria,Vrouwelijk,05/02/2019
Sint-Pieters-Woluwe,Nadine,Vrouwelijk,06/06/2019
Charleroi,Sébastien,Mannelijk,05/04/2019
Hasselt,Frederic,Mannelijk,05/07/2019
Antwerpen,Gino,Mannelijk,05/04/2019
Hotton,Annie,Vrouwelijk,05/10/2019
Doornik,Lucas,Mannelijk,05/18/2019
Florennes,Camille,Vrouwelijk,05/20/2019
Aarschot,Marc,Mannelijk,05/31/2019
Dinant,Anthony,Mannelijk,05/09/2019
Leuven,Hugo,Mannelijk,05/03/2019
Eeklo,Sonja,Vrouwelijk,04/28/2019
Sambreville,Emmanuelle,Vrouwelijk,04/28/2019
Poperinge,Marina,Vrouwelijk,05/06/2019
Antwerpen,Malika,Vrouwelijk,05/04/2019
Ranst,Maria,Vrouwelijk,05/09/2019
Verviers,Priscilla,Vrouwelijk,04/30/2019
Geer,Célia,Vrouwelijk,05/07/2019
Lochristi,Vic,Mannelijk,05/23/2019
Sint-Niklaas (Sint-Niklaas),Ahmed,Mannelijk,05/02/2019
Dilbeek,Sofie,Vrouwelijk,05/01/2019
Fleurus,Valérie,Vrouwelijk,04/25/2019
La Louvière,Laurent,Mannelijk,05/07/2019
Courcelles,Yvette,Vrouwelijk,05/02/2019
