gemeente,naam,geslacht,verwachte datum
Zaventem,Suzanna,Vrouwelijk,08/21/2019
Sint-Truiden,Eloi,Mannelijk,08/23/2019
Antwerpen,Patrick,Mannelijk,09/06/2019
Charleroi,Naoual,Vrouwelijk,08/18/2019
Zottegem,Nel,Vrouwelijk,08/19/2019
Roeselare,Donald,Mannelijk,08/19/2019
Beringen,Sevim,Vrouwelijk,08/27/2019
Nijvel,Noémie,Vrouwelijk,08/23/2019
Montigny-le-Tilleul,Damien,Mannelijk,08/18/2019
Herenthout,Marcel,Mannelijk,08/21/2019
Wichelen,Edwin,Mannelijk,08/27/2019
Vilvoorde,Ilhan,Mannelijk,09/03/2019
Zonhoven,Luc,Mannelijk,08/19/2019
Gent,Ruben,Mannelijk,08/20/2019
Aartselaar,Lara,Vrouwelijk,08/22/2019
Brussel,Salvatore,Mannelijk,08/27/2019
Gerpinnes,Sarah,Vrouwelijk,09/10/2019
Sint-Gillis,Giovanni,Mannelijk,08/26/2019
Gent,Liesbeth,Vrouwelijk,08/18/2019
Tongeren,Kim,Vrouwelijk,08/25/2019
Antwerpen,Zoë,Vrouwelijk,08/22/2019
Crisnée,Adrien,Mannelijk,08/18/2019
Pecq,Anne-Marie,Vrouwelijk,08/19/2019
Diksmuide,Wilfried,Mannelijk,08/23/2019
Asse,Mike,Mannelijk,08/14/2019
Antwerpen,Nele,Vrouwelijk,08/15/2019
Brunehaut,Sylvie,Vrouwelijk,08/20/2019
La Louvière,Jacques,Mannelijk,08/21/2019
Lokeren,Lucien,Mannelijk,08/30/2019
Beveren (Sint-Niklaas),Martine,Vrouwelijk,08/22/2019
Aarschot,Nathan,Mannelijk,08/27/2019
Anderlecht,Tasnim,Vrouwelijk,08/12/2019
Aat,Catherine,Vrouwelijk,08/22/2019
Kasterlee,Jan,Mannelijk,08/22/2019
Elsene,Gilles,Mannelijk,08/21/2019
Schelle,Koen,Mannelijk,08/20/2019
Essen,Sandra,Vrouwelijk,08/20/2019
Waregem,Jonathan,Mannelijk,08/24/2019
Trooz,Josiane,Vrouwelijk,09/05/2019
Rotselaar,Diane,Vrouwelijk,08/29/2019
Antwerpen,Dominiek,Mannelijk,08/25/2019
Antwerpen,Nino,Mannelijk,08/13/2019
Liedekerke,Arthur,Mannelijk,08/28/2019
Boom,Silke,Vrouwelijk,08/24/2019
Beloeil,Raymonde,Vrouwelijk,08/25/2019
Antwerpen,Soufiane,Mannelijk,08/13/2019
Antwerpen,Laura,Vrouwelijk,08/17/2019
Oudergem,Alain,Mannelijk,08/23/2019
Aarschot,Silke,Vrouwelijk,08/14/2019
Lummen,Davy,Mannelijk,08/12/2019
Marche-en-Famenne,Joël,Mannelijk,08/26/2019
Brussel,Henri,Mannelijk,08/30/2019
Etterbeek,Nadia,Vrouwelijk,08/25/2019
Kinrooi,Hans,Mannelijk,08/18/2019
Raeren,Sabine,Vrouwelijk,08/24/2019
Farciennes,Oussama,Mannelijk,08/20/2019
Hoogstraten,Niels,Mannelijk,08/21/2019
Sint-Niklaas (Sint-Niklaas),Joanna,Vrouwelijk,08/28/2019
Sint-Agatha-Berchem,Danny,Mannelijk,10/15/2019
Luik,Maria,Vrouwelijk,08/26/2019
Sint-Gillis-Waas,Hilde,Vrouwelijk,08/22/2019
Boortmeerbeek,Katelijne,Vrouwelijk,08/27/2019
Brussel,Ela,Vrouwelijk,08/20/2019
Balen,Glenn,Mannelijk,09/05/2019
Watermaal-Bosvoorde,Cédric,Mannelijk,08/24/2019
Andenne,Maxime,Mannelijk,08/20/2019
Sint-Jans-Molenbeek,Naziha,Vrouwelijk,09/08/2019
Wervik,Jolien,Vrouwelijk,09/04/2019
Sint-Pieters-Woluwe,Stanislas,Mannelijk,08/18/2019
Fleurus,Quentin,Mannelijk,08/22/2019
Evere,Jonathan,Mannelijk,08/28/2019
Dentergem,Renée,Vrouwelijk,08/11/2019
Estinnes,Amandine,Vrouwelijk,08/21/2019
Ukkel,Kamel,Mannelijk,08/19/2019
Anderlecht,Diego,Mannelijk,08/26/2019
Colfontaine,Loïc,Mannelijk,08/23/2019
Wemmel,Micheline,Vrouwelijk,08/13/2019
Jemeppe-sur-Sambre,Jean-Pierre,Mannelijk,09/04/2019
Lokeren,Jeannine,Vrouwelijk,08/19/2019
Seraing,Joëlle,Vrouwelijk,08/29/2019
Erpe-Mere,Marleen,Vrouwelijk,08/11/2019
Lievegem,Joyce,Vrouwelijk,08/15/2019
Saint-Ghislain,Nathan,Mannelijk,08/20/2019
Herstal,Arnaud,Mannelijk,08/15/2019
De Panne,Liliane,Vrouwelijk,08/22/2019
Sankt Vith,Raphaël,Mannelijk,08/20/2019
Elsene,Hiba,Vrouwelijk,08/19/2019
Graven,Jonathan,Mannelijk,08/16/2019
Eeklo,Evelien,Vrouwelijk,08/24/2019
Grobbendonk,Leonie,Vrouwelijk,09/12/2019
Fléron,Lydia,Vrouwelijk,08/30/2019
Brussel,Maria,Vrouwelijk,08/20/2019
Doornik,Geoffrey,Mannelijk,08/19/2019
Beveren (Sint-Niklaas),Luc,Mannelijk,08/28/2019
Leopoldsburg,Sabine,Vrouwelijk,08/22/2019
Antwerpen,Nursen,Vrouwelijk,08/28/2019
Deerlijk,Lore,Vrouwelijk,08/19/2019
Herentals,Paul,Mannelijk,08/23/2019
Kortemark,Shauni,Vrouwelijk,08/25/2019
Pepingen,Freddy,Mannelijk,08/11/2019
Bierbeek,Lies,Vrouwelijk,08/21/2019
Doornik,Antonin,Mannelijk,08/24/2019
Leuven,Stephen,Mannelijk,08/19/2019
Charleroi,Romane,Vrouwelijk,08/31/2019
Aubange,Jean-Luc,Mannelijk,08/26/2019
Walcourt,Marie,Vrouwelijk,08/12/2019
Ledegem,Ilse,Vrouwelijk,08/27/2019
Sint-Gillis,Candice,Vrouwelijk,08/16/2019
Beringen,Jesse,Mannelijk,08/15/2019
Chapelle-lez-Herlaimont,Antonio,Mannelijk,08/18/2019
Sint-Jans-Molenbeek,El,Mannelijk,08/30/2019
Roeselare,Xavier,Mannelijk,08/27/2019
Merelbeke,Pascale,Vrouwelijk,08/26/2019
Aubange,Grégory,Mannelijk,09/14/2019
Antwerpen,Isa,Mannelijk,08/22/2019
Genk,René,Mannelijk,08/12/2019
Zottegem,Lenny,Vrouwelijk,08/29/2019
Leuven,Elli,Vrouwelijk,08/16/2019
Essen,Isabelle,Vrouwelijk,08/31/2019
Antwerpen,Latifa,Vrouwelijk,08/25/2019
Sambreville,Mathéo,Mannelijk,08/23/2019
Gent,Jacqueline,Vrouwelijk,08/18/2019
Zedelgem,Dennis,Mannelijk,08/24/2019
Turnhout,Maria,Vrouwelijk,08/11/2019
Genk,Romain,Mannelijk,08/18/2019
Kruibeke,Kimberly,Vrouwelijk,08/30/2019
Theux,Nicolas,Mannelijk,08/25/2019
Knokke-Heist,Luc,Mannelijk,08/18/2019
Brugge,Ludwig,Mannelijk,08/20/2019
Brussel,Sacha,Vrouwelijk,08/13/2019
Bilzen,Anna,Vrouwelijk,08/20/2019
Sambreville,Hugo,Mannelijk,09/04/2019
Verviers,Nathalie,Vrouwelijk,08/24/2019
Maasmechelen,Perihan,Vrouwelijk,08/30/2019
Asse,Karel,Mannelijk,08/24/2019
Kortrijk,Rosita,Vrouwelijk,08/13/2019
Antwerpen,Sarra,Vrouwelijk,08/28/2019
Pittem,Geert,Mannelijk,08/23/2019
Tervuren,Mia,Vrouwelijk,08/16/2019
Brussel,Aimé,Mannelijk,08/20/2019
Grimbergen,Elisa,Vrouwelijk,08/31/2019
Komen-Waasten,Ghislaine,Vrouwelijk,08/20/2019
Gent,Peter,Mannelijk,08/24/2019
Sint-Gillis,Othman,Mannelijk,08/27/2019
Schaarbeek,Giuseppa,Vrouwelijk,08/17/2019
Sint-Jans-Molenbeek,Arwa,Vrouwelijk,08/19/2019
Aalst (Aalst),Elise,Vrouwelijk,08/27/2019
Leopoldsburg,Sabrina,Vrouwelijk,08/31/2019
Sint-Niklaas (Sint-Niklaas),Veerle,Vrouwelijk,08/25/2019
Kelmis,Nadine,Vrouwelijk,08/22/2019
Luik,Benjamin,Mannelijk,08/18/2019
Oostkamp,Marie,Vrouwelijk,09/09/2019
Oud-Turnhout,Olivia,Vrouwelijk,08/17/2019
Lochristi,Noémie,Vrouwelijk,09/20/2019
Luik,Mario,Mannelijk,08/22/2019
Tintigny,Jean-François,Mannelijk,08/28/2019
Oudsbergen,Kristof,Mannelijk,08/21/2019
Zinnik,Estelle,Vrouwelijk,08/18/2019
Brugge,Ricky,Mannelijk,08/23/2019
Luik,Patrizio,Mannelijk,08/20/2019
Kampenhout,Eric,Mannelijk,08/25/2019
Heist-op-den-Berg,Céleste,Vrouwelijk,08/14/2019
Beaumont,Amélie,Vrouwelijk,08/26/2019
Turnhout,Lieven,Mannelijk,08/24/2019
Antwerpen,Luna,Vrouwelijk,08/15/2019
Elsene,Estelle,Vrouwelijk,08/11/2019
Sint-Lambrechts-Woluwe,Doris,Vrouwelijk,08/31/2019
Tellin,Christelle,Vrouwelijk,08/21/2019
Avelgem,Sarah,Vrouwelijk,09/08/2019
Sint-Joost-ten-Node,Zineb,Vrouwelijk,08/21/2019
Beveren (Sint-Niklaas),Gaby,Vrouwelijk,08/25/2019
Antwerpen,Guido,Mannelijk,08/21/2019
Zwevegem,Norbert,Mannelijk,08/17/2019
Riemst,Rosalie,Vrouwelijk,08/26/2019
Welkenraedt,Nathalie,Vrouwelijk,09/01/2019
Maaseik,Albert,Mannelijk,08/23/2019
Anhée,Noémie,Vrouwelijk,08/12/2019
Merksplas,Astrid,Vrouwelijk,09/06/2019
Kontich,Koenraad,Mannelijk,08/14/2019
Borgworm,Isabelle,Vrouwelijk,08/21/2019
Sint-Pieters-Leeuw,David,Mannelijk,09/12/2019
Brussel,Jules,Mannelijk,09/03/2019
Gent,An,Vrouwelijk,08/29/2019
Oudsbergen,Patrick,Mannelijk,08/25/2019
Gent,Furkan,Mannelijk,08/15/2019
Ottignies-Louvain-la-Neuve,Jonathan,Mannelijk,08/17/2019
Aubel,Roland,Mannelijk,09/15/2019
Sint-Jans-Molenbeek,Yolande,Vrouwelijk,08/18/2019
Koksijde,Patricia,Vrouwelijk,08/16/2019
Haaltert,Annie,Vrouwelijk,08/26/2019
Lummen,Marc,Mannelijk,08/23/2019
Lommel,Michel,Mannelijk,08/14/2019
Zedelgem,Evelyn,Vrouwelijk,08/22/2019
Waver,Charles,Mannelijk,08/24/2019
Jette,Romain,Mannelijk,08/28/2019
Bonheiden,Viktor,Mannelijk,08/15/2019
Soumagne,Vinciane,Vrouwelijk,08/13/2019
Destelbergen,Frederik,Mannelijk,09/11/2019
Moeskroen,Stéphane,Mannelijk,08/27/2019
Herenthout,Joris,Mannelijk,08/17/2019
Antwerpen,René,Mannelijk,08/12/2019
Etterbeek,Laura,Vrouwelijk,08/28/2019
Deinze,Martine,Vrouwelijk,08/29/2019
Oudenaarde,Eric,Mannelijk,08/30/2019
Stekene,Wendy,Vrouwelijk,08/18/2019
Ham-sur-Heure-Nalinnes,Philippe,Mannelijk,08/24/2019
Ramillies,Gabriel,Mannelijk,09/02/2019
Leuze-en-Hainaut,Michaël,Mannelijk,08/30/2019
Laakdal,Charlotte,Vrouwelijk,08/31/2019
Ferrières,Jean,Mannelijk,09/04/2019
Fontaine-l’Evêque,Muriel,Vrouwelijk,08/13/2019
Virton,Chantal,Vrouwelijk,08/19/2019
Brussel,Sylvie,Vrouwelijk,08/18/2019
Schaarbeek,Hatice,Vrouwelijk,08/23/2019
Geer,Clément,Mannelijk,08/29/2019
Tremelo,Jasper,Mannelijk,08/27/2019
Bastenaken,Marianne,Vrouwelijk,09/05/2019
Luik,Robert,Mannelijk,08/23/2019
Waver,Virginie,Vrouwelijk,08/15/2019
Genk,Dario,Mannelijk,09/01/2019
Bastenaken,Valérie,Vrouwelijk,08/22/2019
Zonnebeke,Wendy,Vrouwelijk,08/24/2019
Anderlecht,Nathalie,Vrouwelijk,08/31/2019
Komen-Waasten,Anouk,Vrouwelijk,08/22/2019
Tongeren,Albert,Mannelijk,08/21/2019
Antwerpen,Adriana,Vrouwelijk,09/13/2019
Gent,Piotr,Mannelijk,08/22/2019
Brussel,Latifa,Vrouwelijk,08/20/2019
Koksijde,Mike,Mannelijk,08/30/2019
Anderlecht,Mohammed,Mannelijk,08/31/2019
Heusden-Zolder,Lou,Mannelijk,08/20/2019
Zulte,Geert,Mannelijk,08/14/2019
Hoei,Fabienne,Vrouwelijk,08/15/2019
Liedekerke,Jade,Vrouwelijk,09/01/2019
Wervik,Tom,Mannelijk,08/23/2019
Oostrozebeke,Henk,Mannelijk,08/14/2019
Herzele,Johnny,Mannelijk,08/21/2019
Tessenderlo,Luc,Mannelijk,08/27/2019
Nijlen,Joppe,Mannelijk,08/31/2019
Brussel,Stéphane,Mannelijk,08/14/2019
Melle,Liliane,Vrouwelijk,09/12/2019
Mettet,William,Mannelijk,08/21/2019
Graven,Manon,Vrouwelijk,08/22/2019
Leuze-en-Hainaut,Elise,Vrouwelijk,08/17/2019
Borgworm,Romain,Mannelijk,08/18/2019
Grimbergen,Thierry,Mannelijk,08/22/2019
Zottegem,Johan,Mannelijk,08/20/2019
Ternat,Philippe,Mannelijk,08/16/2019
Sambreville,Jean-Christophe,Mannelijk,10/01/2019
Eupen,Erich,Mannelijk,08/23/2019
Brussel,Ismaël,Mannelijk,08/30/2019
Kinrooi,Silvia,Vrouwelijk,08/23/2019
Luik,Yves,Mannelijk,08/29/2019
Eeklo,Martine,Vrouwelijk,08/17/2019
Heist-op-den-Berg,Jeffrey,Mannelijk,08/23/2019
Tubeke,Claude,Mannelijk,10/14/2019
Namen,Robin,Mannelijk,08/21/2019
Brussel,Nino,Mannelijk,08/25/2019
Genk,Malika,Vrouwelijk,10/10/2019
Geraardsbergen,Victor,Mannelijk,08/26/2019
Tielt-Winge,Ilse,Vrouwelijk,08/23/2019
Herne,Wim,Mannelijk,08/17/2019
Heusden-Zolder,Tom,Mannelijk,08/23/2019
Charleroi,Mehdi,Mannelijk,09/02/2019
Brecht,Annie,Vrouwelijk,08/23/2019
Antwerpen,Jacoba,Vrouwelijk,09/10/2019
Sint-Niklaas (Sint-Niklaas),Daniel,Mannelijk,10/15/2019
Sint-Pieters-Woluwe,Marie-Claude,Vrouwelijk,08/20/2019
Wezembeek-Oppem,Louis,Mannelijk,08/23/2019
Brakel,Marc,Mannelijk,08/14/2019
Sint-Jans-Molenbeek,Mohamed,Mannelijk,08/25/2019
Temse,Laila,Vrouwelijk,08/31/2019
Brugge,Rudy,Mannelijk,08/20/2019
Poperinge,Willy,Mannelijk,08/14/2019
Charleroi,Monique,Vrouwelijk,08/19/2019
Charleroi,Rose,Vrouwelijk,08/19/2019
Wuustwezel,Jacobus,Mannelijk,09/11/2019
Brecht,Erik,Mannelijk,08/17/2019
Boussu,Geoffrey,Mannelijk,08/25/2019
Waregem,Kimberly,Vrouwelijk,08/29/2019
Wezet,Théo,Mannelijk,08/13/2019
Sint-Gillis-Waas,Myrthe,Vrouwelijk,08/20/2019
Mechelen,Lieselotte,Vrouwelijk,08/26/2019
Herk-de-Stad,Frank,Mannelijk,08/24/2019
Brussel,Ashley,Vrouwelijk,08/29/2019
Antwerpen,Christiana,Vrouwelijk,09/05/2019
Sint-Lambrechts-Woluwe,Ophélie,Vrouwelijk,09/30/2019
Brussel,Lina,Vrouwelijk,08/30/2019
Aalst (Aalst),Laura,Vrouwelijk,08/23/2019
Maaseik,Eddy,Mannelijk,08/25/2019
Leuven,Mieke,Vrouwelijk,08/16/2019
Kraainem,Elise,Vrouwelijk,08/18/2019
Luik,Matthieu,Mannelijk,08/22/2019
Houthalen-Helchteren,Liliane,Vrouwelijk,08/14/2019
Schoten,Paul,Mannelijk,08/21/2019
Waterloo,Maxime,Mannelijk,08/24/2019
Maaseik,Eline,Vrouwelijk,08/29/2019
Laakdal,Glenn,Mannelijk,08/25/2019
Turnhout,Mathieu,Mannelijk,08/26/2019
Mettet,Ghislaine,Vrouwelijk,08/25/2019
Herve,Adrien,Mannelijk,08/30/2019
Middelkerke,Bernadette,Vrouwelijk,08/22/2019
Wevelgem,Jean,Mannelijk,08/21/2019
Dessel,Anne,Vrouwelijk,08/21/2019
Antwerpen,Besim,Mannelijk,08/18/2019
Graven,Fabienne,Vrouwelijk,08/24/2019
Haacht,Jeanne,Vrouwelijk,08/24/2019
Sint-Gillis,Eugénie,Vrouwelijk,08/23/2019
Frameries,Jonathan,Mannelijk,08/26/2019
Luik,Amira,Vrouwelijk,08/22/2019
Geraardsbergen,Willy,Mannelijk,08/14/2019
Anderlecht,Younes,Mannelijk,09/10/2019
Charleroi,Danièle,Vrouwelijk,08/25/2019
Beerse,Erik,Mannelijk,08/23/2019
Sint-Jans-Molenbeek,Yousra,Vrouwelijk,08/26/2019
