gemeente,naam,geslacht,verwachte datum
Lede,Herman,Mannelijk,10/09/2019
Sint-Niklaas (Sint-Niklaas),Robin,Mannelijk,09/26/2019
Bonheiden,Jozef,Mannelijk,09/26/2019
Namen,Christophe,Mannelijk,10/02/2019
Sint-Lambrechts-Woluwe,Jean,Mannelijk,09/27/2019
Zottegem,Veronique,Vrouwelijk,09/22/2019
Lokeren,Jeannine,Vrouwelijk,10/10/2019
Oudenaarde,Elle,Vrouwelijk,09/12/2019
Olen,Luc,Mannelijk,09/20/2019
Ravels,Marcus,Mannelijk,09/19/2019
Leuven,Liesbeth,Vrouwelijk,09/14/2019
Elsene,Hajar,Vrouwelijk,09/12/2019
Meerhout,Christiana,Vrouwelijk,09/22/2019
Lille,Guy,Mannelijk,09/22/2019
Brussel,Allan,Mannelijk,09/21/2019
Fexhe-le-Haut-Clocher,Jean-Luc,Mannelijk,09/30/2019
Kortrijk,Hedwige,Vrouwelijk,09/17/2019
Dison,Martin,Mannelijk,09/25/2019
Antwerpen,Leni,Vrouwelijk,09/29/2019
Lint,Eva,Vrouwelijk,09/22/2019
Lier,Christel,Vrouwelijk,09/27/2019
Brugge,Joseph,Mannelijk,09/19/2019
Moeskroen,Jessica,Vrouwelijk,09/14/2019
Elsene,Anne-Sophie,Vrouwelijk,09/15/2019
Gent,Simon,Mannelijk,10/12/2019
Herentals,Gaston,Mannelijk,09/21/2019
Oudergem,Joelle,Vrouwelijk,09/12/2019
Roeselare,Rebecca,Vrouwelijk,10/03/2019
Charleroi,Chantal,Vrouwelijk,09/15/2019
Grobbendonk,Maria,Vrouwelijk,09/12/2019
Lochristi,Régine,Vrouwelijk,09/12/2019
Theux,Anne,Vrouwelijk,09/19/2019
De Haan,Gaëlle,Vrouwelijk,09/23/2019
Antwerpen,Ahmed,Mannelijk,09/16/2019
Kortemark,David,Mannelijk,09/22/2019
Heist-op-den-Berg,Martin,Mannelijk,10/14/2019
Buggenhout,Sander,Mannelijk,09/25/2019
Schaarbeek,Mohamed,Mannelijk,09/14/2019
Brugge,Jacques,Mannelijk,09/24/2019
Geraardsbergen,Christophe,Mannelijk,09/26/2019
Morlanwelz,Sophie,Vrouwelijk,09/22/2019
Halle (Halle-Vilvoorde),Elise,Vrouwelijk,09/23/2019
Lasne,Marcelle,Vrouwelijk,09/23/2019
Zwevegem,Denise,Vrouwelijk,09/25/2019
Morlanwelz,Christelle,Vrouwelijk,09/26/2019
Viroinval,Marceau,Mannelijk,10/05/2019
Brakel,Ghislain,Mannelijk,09/19/2019
Charleroi,Maryse,Vrouwelijk,09/17/2019
Florenville,Quentin,Mannelijk,09/26/2019
Sint-Lievens-Houtem,Chantal,Vrouwelijk,09/22/2019
Waregem,Brigitta,Vrouwelijk,09/20/2019
Sint-Lambrechts-Woluwe,Sylvie,Vrouwelijk,10/02/2019
Oud-Turnhout,Rudy,Mannelijk,09/23/2019
Antwerpen,Arend,Mannelijk,09/19/2019
Vilvoorde,Kaoutar,Vrouwelijk,09/17/2019
Herentals,Maria,Vrouwelijk,10/08/2019
Frasnes-lez-Anvaing,Chantal,Vrouwelijk,09/24/2019
Zandhoven,Nancy,Vrouwelijk,09/27/2019
Erpe-Mere,Willem,Mannelijk,10/06/2019
Antwerpen,Tim,Mannelijk,09/30/2019
Denderleeuw,Sonja,Vrouwelijk,10/01/2019
Soumagne,Florian,Mannelijk,09/13/2019
Sint-Pieters-Leeuw,Luna,Vrouwelijk,09/26/2019
Beerse,Sacha,Mannelijk,09/15/2019
Sint-Lambrechts-Woluwe,Rita,Vrouwelijk,10/09/2019
Knokke-Heist,Jean-Paul,Mannelijk,09/13/2019
Bilzen,Warre,Mannelijk,09/13/2019
Bocholt,Maria,Vrouwelijk,09/20/2019
Antwerpen,Raymond,Mannelijk,10/01/2019
Sint-Martens-Latem,Arthur,Mannelijk,10/13/2019
Bitsingen,Josiane,Vrouwelijk,09/25/2019
Mechelen,Elise,Vrouwelijk,09/22/2019
Antwerpen,André,Mannelijk,09/18/2019
Gent,Fatima,Vrouwelijk,09/22/2019
Duffel,Liliane,Vrouwelijk,09/26/2019
Kortrijk,Mathieu,Mannelijk,09/13/2019
Machelen (Halle-Vilvoorde),Julien,Mannelijk,09/13/2019
Sint-Jans-Molenbeek,Gabriel,Mannelijk,09/23/2019
Châtelet,Cédric,Mannelijk,09/25/2019
Schaarbeek,Azra,Vrouwelijk,09/22/2019
Heusden-Zolder,Jean,Mannelijk,09/20/2019
Schaarbeek,Aleksander,Mannelijk,10/11/2019
Anderlecht,Paulo,Mannelijk,09/26/2019
Aubange,Marie-Claire,Vrouwelijk,09/23/2019
Rotselaar,Robin,Mannelijk,09/20/2019
Harelbeke,Freddy,Mannelijk,09/11/2019
Sint-Katelijne-Waver,Nathalie,Vrouwelijk,09/16/2019
Boechout,Ludovic,Mannelijk,09/28/2019
Chaudfontaine,Antoine,Mannelijk,09/15/2019
Brugge,Irene,Vrouwelijk,09/20/2019
Gedinne,Damien,Mannelijk,09/19/2019
Gent,Kamil,Mannelijk,10/12/2019
Borsbeek,Yassine,Mannelijk,09/16/2019
Lokeren,Xavier,Mannelijk,09/12/2019
Ramillies,Paul,Mannelijk,09/13/2019
Tienen,Nico,Mannelijk,09/11/2019
Alken,Anna,Vrouwelijk,09/30/2019
Balen,Anna,Vrouwelijk,10/27/2019
Grimbergen,Lutgarde,Vrouwelijk,09/19/2019
Koksijde,Michel,Mannelijk,09/17/2019
Namen,Fabienne,Vrouwelijk,09/21/2019
Oostende,Sonia,Vrouwelijk,10/15/2019
Lokeren,Mia,Vrouwelijk,10/01/2019
Fernelmont,Noémie,Vrouwelijk,09/17/2019
Saint-Georges-sur-Meuse,Anne,Vrouwelijk,09/22/2019
Charleroi,Jean-Marie,Mannelijk,09/24/2019
Hannuit,Léa,Vrouwelijk,09/16/2019
Westerlo,Susy,Vrouwelijk,09/19/2019
Fontaine-l’Evêque,Giovanna,Vrouwelijk,10/03/2019
Tielt (Tielt),Martine,Vrouwelijk,09/30/2019
Herentals,Daisy,Vrouwelijk,09/19/2019
Maarkedal,Claudine,Vrouwelijk,09/21/2019
Mettet,Lucienne,Vrouwelijk,11/11/2019
Brugge,Dominique,Vrouwelijk,09/14/2019
Leuven,Wendy,Vrouwelijk,09/19/2019
Houthalen-Helchteren,Giuseppina,Vrouwelijk,09/11/2019
Elsene,Tatjana,Vrouwelijk,10/01/2019
Gent,Jason,Mannelijk,09/11/2019
Waasmunster,Elza,Vrouwelijk,11/04/2019
Gent,Heleen,Vrouwelijk,09/20/2019
Brecht,Mark,Mannelijk,09/23/2019
Luik,Michel,Mannelijk,09/27/2019
Roeselare,Chris,Mannelijk,09/13/2019
Rochefort,Corine,Vrouwelijk,11/02/2019
Schilde,Jozef,Mannelijk,09/14/2019
Brugge,Eva,Vrouwelijk,09/30/2019
Sint-Lambrechts-Woluwe,Elena,Vrouwelijk,09/16/2019
Schoten,Yvonne,Vrouwelijk,09/24/2019
Verviers,Zehra,Vrouwelijk,10/08/2019
Villers-Le-Bouillet,Elise,Vrouwelijk,09/19/2019
Quaregnon,Maëva,Vrouwelijk,09/25/2019
Assesse,Nathalie,Vrouwelijk,09/29/2019
Fléron,Edouard,Mannelijk,09/23/2019
Antwerpen,Muhammad,Mannelijk,09/11/2019
Hechtel-Eksel,Jurgen,Mannelijk,09/20/2019
Mol,Shana,Vrouwelijk,09/11/2019
Etterbeek,Anne,Vrouwelijk,10/13/2019
Bredene,Kurt,Mannelijk,09/19/2019
Lommel,Betty,Vrouwelijk,09/29/2019
Aalst (Aalst),Luc,Mannelijk,09/16/2019
Modave,Brigitte,Vrouwelijk,09/12/2019
Maldegem,Karine,Vrouwelijk,10/17/2019
Doornik,Christian,Mannelijk,09/27/2019
Wingene,Katrien,Vrouwelijk,09/22/2019
Olne,Quentin,Mannelijk,09/27/2019
Fleurus,Richard,Mannelijk,09/19/2019
Ukkel,Philippe,Mannelijk,09/18/2019
Anderlecht,Mohamed,Mannelijk,09/12/2019
Blankenberge,Stéphanie,Vrouwelijk,10/04/2019
Waasmunster,Wim,Mannelijk,09/18/2019
Brasschaat,Anneke,Vrouwelijk,10/03/2019
Stabroek,Kim,Mannelijk,09/22/2019
Hoeselt,José,Vrouwelijk,09/13/2019
Liedekerke,Glenn,Mannelijk,09/21/2019
Zele,Tom,Mannelijk,09/16/2019
Roosdaal,Suzanna,Vrouwelijk,09/22/2019
Beernem,Bart,Mannelijk,09/13/2019
Sint-Pieters-Woluwe,Jérôme,Mannelijk,09/19/2019
Bertogne,Lucie,Vrouwelijk,10/05/2019
Maldegem,Henk,Mannelijk,09/22/2019
Seraing,Philippe,Mannelijk,10/15/2019
Les Bons Villers,Laurence,Vrouwelijk,09/21/2019
Wemmel,Marc,Mannelijk,10/02/2019
Gembloux,Kevin,Mannelijk,09/23/2019
Huldenberg,Pieter,Mannelijk,09/14/2019
Middelkerke,René,Mannelijk,09/21/2019
Elsene,Jessica,Vrouwelijk,10/12/2019
Antwerpen,Farah,Vrouwelijk,09/27/2019
Luik,Yannis,Mannelijk,09/25/2019
Opwijk,Sam,Mannelijk,11/05/2019
Beringen,Herman,Mannelijk,09/20/2019
Schaarbeek,Murat,Mannelijk,10/04/2019
Etterbeek,David,Mannelijk,09/19/2019
Antwerpen,Killian,Mannelijk,09/16/2019
Brussel,Alhassane,Mannelijk,09/18/2019
Deinze,Frank,Mannelijk,10/13/2019
Frasnes-lez-Anvaing,Aurélien,Mannelijk,09/26/2019
Charleroi,Fabio,Mannelijk,10/13/2019
Kuurne,Lucas,Mannelijk,09/17/2019
Maaseik,Lynn,Vrouwelijk,09/16/2019
Mechelen,Yvette,Vrouwelijk,09/11/2019
Erquelinnes,Patrice,Mannelijk,10/15/2019
Pelt,Nathalie,Vrouwelijk,09/11/2019
Seraing,Gaetano,Mannelijk,09/21/2019
Kortrijk,Kyana,Vrouwelijk,09/13/2019
Flémalle,Sarah,Vrouwelijk,09/29/2019
Herenthout,Wim,Mannelijk,09/25/2019
Heusden-Zolder,Asya,Vrouwelijk,09/25/2019
Leuven,Kristina,Vrouwelijk,09/19/2019
Charleroi,Annie,Vrouwelijk,09/22/2019
Mol,Michel,Mannelijk,09/25/2019
Boechout,Peter,Mannelijk,10/10/2019
Antwerpen,Ronny,Mannelijk,09/29/2019
Yvoir,Emma,Vrouwelijk,10/05/2019
Roeselare,Francky,Mannelijk,09/20/2019
Anderlecht,Mohammad,Mannelijk,09/26/2019
Geel,Luca,Mannelijk,09/19/2019
Zonhoven,Sander,Mannelijk,09/24/2019
Waregem,Marthe,Vrouwelijk,09/25/2019
Lokeren,Sabine,Vrouwelijk,09/29/2019
Antwerpen,Guy,Mannelijk,10/10/2019
Nassogne,Anne,Vrouwelijk,10/04/2019
Schaarbeek,Egzon,Mannelijk,09/26/2019
Frameries,Lucas,Mannelijk,10/03/2019
Tremelo,Isabelle,Vrouwelijk,09/19/2019
Menen,Sabine,Vrouwelijk,10/15/2019
Cerfontaine,Simon,Mannelijk,09/15/2019
Charleroi,Jérémy,Mannelijk,09/19/2019
Diest,Dominique,Vrouwelijk,09/11/2019
Overijse,Maryse,Vrouwelijk,09/18/2019
Grimbergen,Christiaan,Mannelijk,09/19/2019
Kortrijk,Bianca,Vrouwelijk,09/19/2019
Charleroi,Lucien,Mannelijk,09/12/2019
Elsene,Massimo,Mannelijk,09/17/2019
Gistel,Chris,Mannelijk,09/19/2019
Maaseik,Anna,Vrouwelijk,09/18/2019
Mechelen,Jonas,Mannelijk,09/13/2019
Rumst,Maria,Vrouwelijk,09/12/2019
Boom,Eddy,Mannelijk,09/28/2019
Grimbergen,Nathalie,Vrouwelijk,09/16/2019
Neupré,David,Mannelijk,09/25/2019
Sint-Pieters-Leeuw,Daisy,Vrouwelijk,09/25/2019
Zedelgem,Xavier,Mannelijk,09/24/2019
Sint-Gillis-Waas,Walter,Mannelijk,10/05/2019
Binche,Philippe,Mannelijk,10/13/2019
Beringen,Margaretha,Vrouwelijk,09/29/2019
Berlare,Maria,Vrouwelijk,09/22/2019
Doornik,Aurélien,Mannelijk,09/25/2019
Maldegem,Cas,Mannelijk,10/03/2019
Bree,Daan,Mannelijk,09/17/2019
Virton,Philippe,Mannelijk,09/16/2019
Lier,Jo,Mannelijk,09/29/2019
Ranst,Elsa,Vrouwelijk,09/28/2019
Oostende,Liliana,Vrouwelijk,09/21/2019
Brugge,Anne,Vrouwelijk,09/13/2019
Vilvoorde,Jeroen,Mannelijk,09/30/2019
Izegem,Jelle,Mannelijk,09/25/2019
Fléron,Willy,Mannelijk,10/10/2019
Lievegem,Sonja,Vrouwelijk,09/27/2019
Kortemark,Albert,Mannelijk,11/09/2019
Kortrijk,Gust,Mannelijk,09/28/2019
Assesse,Christiane,Vrouwelijk,09/19/2019
Koksijde,Huguette,Vrouwelijk,10/01/2019
Yvoir,Olivia,Vrouwelijk,09/22/2019
Lessen,Luc,Mannelijk,10/09/2019
Pittem,Aaron,Mannelijk,09/24/2019
Lille,Kurt,Mannelijk,10/10/2019
Hamme (Dendermonde),Sinan,Mannelijk,09/30/2019
Seraing,Richard,Mannelijk,09/19/2019
Sambreville,Pascal,Mannelijk,09/30/2019
Halle (Halle-Vilvoorde),Mylan,Mannelijk,09/23/2019
Blankenberge,Thomas,Mannelijk,09/20/2019
Rixensart,Antoine,Mannelijk,09/13/2019
Bergen,Leonardo,Mannelijk,09/24/2019
De Haan,Gwendoline,Vrouwelijk,09/22/2019
Pecq,Lucas,Mannelijk,09/30/2019
Sint-Niklaas (Sint-Niklaas),Marleen,Vrouwelijk,09/21/2019
Manage,Michel,Mannelijk,10/01/2019
Binche,Justine,Vrouwelijk,09/12/2019
Kasterlee,Lizette,Vrouwelijk,09/23/2019
Charleroi,Marie-France,Vrouwelijk,09/23/2019
Frameries,Patrick,Mannelijk,09/12/2019
Esneux,Françoise,Vrouwelijk,09/19/2019
Haaltert,Anna,Vrouwelijk,10/11/2019
Chaumont-Gistoux,Alexandre,Mannelijk,09/23/2019
Zele,Mario,Mannelijk,09/16/2019
Schaarbeek,Sonia,Vrouwelijk,09/19/2019
Hoei,Philippe,Mannelijk,09/13/2019
Antwerpen,Katharina,Vrouwelijk,09/12/2019
Steenokkerzeel,Lieze,Vrouwelijk,09/17/2019
Terhulpen,Guy,Mannelijk,09/21/2019
Olne,Raphaël,Mannelijk,09/12/2019
Anderlecht,Nadia,Vrouwelijk,09/13/2019
Leuven,Piotr,Mannelijk,09/24/2019
De Pinte,Jade,Vrouwelijk,09/22/2019
Sint-Pieters-Leeuw,Jean,Mannelijk,10/15/2019
Grobbendonk,Bart,Mannelijk,09/24/2019
Ans,Yasmine,Vrouwelijk,09/16/2019
Charleroi,Ali,Mannelijk,09/22/2019
Kontich,Tom,Mannelijk,09/29/2019
Charleroi,Cathy,Vrouwelijk,09/19/2019
Verviers,Antoinette,Vrouwelijk,10/05/2019
Damme,Etienne,Mannelijk,10/01/2019
Boortmeerbeek,Stefaan,Mannelijk,09/20/2019
Halle (Halle-Vilvoorde),Renzo,Mannelijk,09/23/2019
Aarschot,Ben,Mannelijk,10/10/2019
Puurs-Sint-Amands,Debbie,Vrouwelijk,09/20/2019
Wervik,Frans,Mannelijk,09/29/2019
Eigenbrakel,Anthony,Mannelijk,10/04/2019
Wervik,Emma,Vrouwelijk,09/12/2019
Antwerpen,Anna,Vrouwelijk,09/21/2019
La Louvière,Luigi,Mannelijk,09/24/2019
Brugge,Ellen,Vrouwelijk,09/20/2019
Bergen,Stéphanie,Vrouwelijk,10/08/2019
Chimay,Serge,Mannelijk,10/19/2019
Kontich,Arno,Mannelijk,09/18/2019
Antwerpen,Hanane,Vrouwelijk,09/13/2019
Sint-Niklaas (Sint-Niklaas),Etienne,Mannelijk,09/26/2019
Lier,Jolien,Vrouwelijk,09/14/2019
Geraardsbergen,Marleen,Vrouwelijk,09/27/2019
Kortemark,Emma,Vrouwelijk,09/26/2019
Zonhoven,Stephan,Mannelijk,09/23/2019
Oostende,Monique,Vrouwelijk,09/12/2019
Schoten,Noah,Mannelijk,09/30/2019
Berlare,Nathalie,Vrouwelijk,09/18/2019
Antwerpen,Erwin,Mannelijk,09/19/2019
Ruiselede,Frans,Mannelijk,09/30/2019
Courcelles,Claudine,Vrouwelijk,10/08/2019
Antwerpen,Rabia,Vrouwelijk,09/15/2019
Brussel,Anas,Mannelijk,09/24/2019
Edingen,Germaine,Vrouwelijk,09/17/2019
Bitsingen,Sam,Mannelijk,10/10/2019
Quaregnon,Laurie,Vrouwelijk,09/19/2019
Bornem,Leonard,Mannelijk,10/09/2019
Dinant,Vincent,Mannelijk,10/07/2019
Tremelo,Viktor,Mannelijk,09/15/2019
Boussu,Anne-Marie,Vrouwelijk,09/18/2019
Maasmechelen,Melissa,Vrouwelijk,09/16/2019
Ottignies-Louvain-la-Neuve,Dominique,Mannelijk,09/13/2019
Asse,Paula,Vrouwelijk,09/26/2019
Jemeppe-sur-Sambre,Allan,Mannelijk,09/26/2019
Kapellen (Antwerpen),Lars,Mannelijk,09/18/2019
Saint-Nicolas (Luik),Aïcha,Vrouwelijk,09/23/2019
