gemeente,naam,geslacht,verwachte datum
’s Gravenbrakel,Hervé,Mannelijk,10/09/2019
Zottegem,Laura,Vrouwelijk,10/04/2019
Genk,Bart,Mannelijk,10/03/2019
Westerlo,Alyssa,Vrouwelijk,10/06/2019
Arendonk,Anja,Vrouwelijk,10/08/2019
Schaarbeek,Anil,Mannelijk,10/15/2019
Eigenbrakel,Claire,Vrouwelijk,10/04/2019
Maasmechelen,Leopold,Mannelijk,10/14/2019
Kortrijk,Gino,Mannelijk,10/18/2019
Eigenbrakel,Fernande,Vrouwelijk,10/04/2019
Seraing,Vincenzo,Mannelijk,10/09/2019
Lokeren,Yoni,Mannelijk,10/22/2019
Waver,Amira,Vrouwelijk,10/10/2019
Schaarbeek,Patricia,Vrouwelijk,10/17/2019
Zonhoven,Danny,Mannelijk,10/14/2019
Brugge,Simone,Vrouwelijk,10/03/2019
Binche,Hugues,Mannelijk,10/16/2019
Virton,Marie-Rose,Vrouwelijk,10/13/2019
Oudenaarde,William,Mannelijk,10/15/2019
Moeskroen,Hélène,Vrouwelijk,09/30/2019
Brussel,Fatima,Vrouwelijk,10/16/2019
Lievegem,David,Mannelijk,10/17/2019
Welkenraedt,Raymond,Mannelijk,10/05/2019
Jemeppe-sur-Sambre,Annick,Vrouwelijk,10/09/2019
Bastenaken,Catherine,Vrouwelijk,09/29/2019
Wommelgem,Ludovicus,Mannelijk,10/07/2019
Sint-Gillis-Waas,Pieter,Mannelijk,10/09/2019
Willebroek,Yasin,Mannelijk,09/29/2019
Bilzen,Pierre,Mannelijk,11/21/2019
Kortrijk,Hanne,Vrouwelijk,09/28/2019
Dilbeek,Michel,Mannelijk,10/11/2019
Oostende,Joran,Mannelijk,10/18/2019
Charleroi,Frédéric,Mannelijk,10/27/2019
Charleroi,Marie,Vrouwelijk,10/04/2019
Ninove,Jan,Mannelijk,09/29/2019
Brugge,Joachim,Mannelijk,10/16/2019
Charleroi,Françoise,Vrouwelijk,11/01/2019
Antwerpen,Barbara,Vrouwelijk,10/26/2019
La Louvière,Laurent,Mannelijk,10/08/2019
Manhay,Stéphane,Mannelijk,10/29/2019
Seraing,Auguste,Mannelijk,10/03/2019
Geel,Ann,Vrouwelijk,10/18/2019
Brugge,Christiaan,Mannelijk,10/07/2019
Lokeren,Mieke,Vrouwelijk,10/09/2019
Antwerpen,Mohamed,Mannelijk,10/05/2019
Beringen,Ingrid,Vrouwelijk,10/21/2019
Ichtegem,John,Mannelijk,10/29/2019
Wortegem-Petegem,Dirk,Mannelijk,09/29/2019
Maldegem,Jana,Vrouwelijk,10/18/2019
Koekelare,Sam,Mannelijk,09/29/2019
Graven,Aurore,Vrouwelijk,10/20/2019
Brussel,Benjamin,Mannelijk,10/13/2019
Antwerpen,Inge,Vrouwelijk,10/16/2019
Antwerpen,Camiel,Mannelijk,10/03/2019
Andenne,Elodie,Vrouwelijk,10/06/2019
Nijlen,Rosa,Vrouwelijk,10/14/2019
Hamme (Dendermonde),Guido,Mannelijk,10/15/2019
Waregem,Merel,Vrouwelijk,10/20/2019
Zwevegem,Rino,Mannelijk,10/10/2019
Arendonk,Michel,Mannelijk,10/28/2019
Brussel,Yassine,Mannelijk,09/30/2019
Gembloux,Nicole,Vrouwelijk,10/08/2019
Doornik,Quentin,Mannelijk,10/14/2019
Ukkel,Jeannine,Vrouwelijk,10/15/2019
Namen,Joachim,Mannelijk,10/15/2019
Beernem,Wendy,Vrouwelijk,09/29/2019
Gent,Pippa,Vrouwelijk,10/13/2019
Herenthout,Tessa,Vrouwelijk,10/16/2019
Lessen,Paula,Vrouwelijk,10/10/2019
Elsene,Giuseppina,Vrouwelijk,10/18/2019
Sint-Gillis,Alicia,Vrouwelijk,10/08/2019
Lommel,Jimmy,Mannelijk,10/10/2019
Sint-Martens-Latem,Alexandre,Mannelijk,10/16/2019
Laakdal,Jozef,Mannelijk,10/28/2019
Saint-Nicolas (Luik),Marine,Vrouwelijk,10/23/2019
Ukkel,Leila,Vrouwelijk,10/07/2019
Brussel,Iness,Vrouwelijk,10/05/2019
Menen,Noël,Mannelijk,10/08/2019
Kontich,Freddy,Mannelijk,09/28/2019
Genepiën,Madeleine,Vrouwelijk,10/08/2019
Essen,Gerardus,Mannelijk,09/29/2019
Diepenbeek,Johan,Mannelijk,11/07/2019
Gavere,Hannelore,Vrouwelijk,10/06/2019
Namen,Paul,Mannelijk,10/17/2019
Maaseik,Carine,Vrouwelijk,11/01/2019
Aywaille,Alain,Mannelijk,10/02/2019
Kaprijke,Johan,Mannelijk,10/02/2019
Luik,Nada,Vrouwelijk,09/30/2019
Roeselare,Vanessa,Vrouwelijk,12/02/2019
Herzele,Sarah,Vrouwelijk,09/29/2019
Leuven,Marthe,Vrouwelijk,10/07/2019
Pont-à-Celles,Clémence,Vrouwelijk,10/30/2019
Geraardsbergen,Michel,Mannelijk,10/17/2019
Schaarbeek,Amadou,Mannelijk,10/06/2019
Gent,Fatima,Vrouwelijk,10/18/2019
Mortsel,Emiel,Mannelijk,10/07/2019
Aalst (Aalst),Marcus,Mannelijk,10/30/2019
Hannuit,Renaud,Mannelijk,10/05/2019
Antwerpen,Michaela,Vrouwelijk,10/14/2019
Sint-Jans-Molenbeek,Irène,Vrouwelijk,10/02/2019
Dilbeek,Alma,Vrouwelijk,10/20/2019
Dilbeek,Marc,Mannelijk,10/05/2019
Ganshoren,Huguette,Vrouwelijk,10/04/2019
Diepenbeek,Bram,Mannelijk,10/09/2019
Le Roeulx,Brice,Mannelijk,10/06/2019
Gesves,Delphine,Vrouwelijk,10/15/2019
Jette,Darius,Mannelijk,10/05/2019
Roeselare,Ronny,Mannelijk,10/09/2019
Bertrix,Cécile,Vrouwelijk,10/07/2019
Seraing,Gwendoline,Vrouwelijk,10/10/2019
Bilzen,Hubertina,Vrouwelijk,10/11/2019
Saint-Hubert,Micheline,Vrouwelijk,10/07/2019
Roeselare,Lina,Vrouwelijk,09/28/2019
Essen,Yana,Vrouwelijk,10/09/2019
Nijlen,Annita,Vrouwelijk,10/08/2019
Kortessem,Kim,Mannelijk,10/18/2019
Steenokkerzeel,Ida,Vrouwelijk,10/09/2019
Lommel,Joris,Mannelijk,10/08/2019
La Louvière,Jean-Luc,Mannelijk,10/11/2019
Londerzeel,Amber,Vrouwelijk,09/28/2019
Luik,Maxime,Mannelijk,09/29/2019
Knokke-Heist,Bernard,Mannelijk,10/07/2019
Kraainem,Arthur,Mannelijk,10/12/2019
Ottignies-Louvain-la-Neuve,Aurélien,Mannelijk,10/05/2019
Sint-Niklaas (Sint-Niklaas),Nicole,Vrouwelijk,10/04/2019
Hasselt,Nona,Vrouwelijk,10/08/2019
Bergen,Lucrezia,Vrouwelijk,10/01/2019
Hasselt,Annie,Vrouwelijk,10/06/2019
Geraardsbergen,Jean,Mannelijk,10/10/2019
Brugge,Gilbert,Mannelijk,10/17/2019
Antwerpen,Marieke,Vrouwelijk,10/16/2019
Etterbeek,Michel,Mannelijk,10/18/2019
Chapelle-lez-Herlaimont,Cédric,Mannelijk,10/11/2019
Wevelgem,Bert,Mannelijk,10/10/2019
Manage,Jean,Mannelijk,09/29/2019
Ukkel,Françoise,Vrouwelijk,10/31/2019
Pelt,Adam,Mannelijk,10/18/2019
Lommel,Veronique,Vrouwelijk,10/11/2019
Gent,Eric,Mannelijk,10/19/2019
Tongeren,Morgane,Vrouwelijk,10/16/2019
Ottignies-Louvain-la-Neuve,Fatiha,Vrouwelijk,10/15/2019
Sambreville,Thierry,Mannelijk,09/28/2019
Bilzen,Godelieve,Vrouwelijk,10/17/2019
Antwerpen,Christiane,Vrouwelijk,09/30/2019
Vorst (Brussel-Hoofdstad),Anas,Mannelijk,10/12/2019
Elsene,Jacques,Mannelijk,10/17/2019
Bevekom,Anne,Vrouwelijk,10/18/2019
Oud-Heverlee,Julie,Vrouwelijk,10/11/2019
Sint-Pieters-Woluwe,Louise,Vrouwelijk,10/05/2019
Schaarbeek,Youssef,Mannelijk,09/28/2019
Doornik,Arnaud,Mannelijk,10/13/2019
Brugge,Inès,Vrouwelijk,10/01/2019
Brugge,Siebe,Mannelijk,10/02/2019
Essen,Jorn,Mannelijk,10/28/2019
Hemiksem,Rudy,Mannelijk,10/15/2019
Middelkerke,Marc,Mannelijk,11/16/2019
Mortsel,Lucie,Vrouwelijk,10/08/2019
Schaarbeek,Jamal,Mannelijk,10/06/2019
Maaseik,Kaat,Vrouwelijk,10/13/2019
Aalst (Aalst),Francine,Vrouwelijk,10/31/2019
Doornik,Christopher,Mannelijk,10/17/2019
Damme,Dries,Mannelijk,10/26/2019
Charleroi,Kylian,Mannelijk,10/16/2019
Saint-Ghislain,Adrien,Mannelijk,10/12/2019
Sint-Lambrechts-Woluwe,Silvia,Vrouwelijk,10/18/2019
Lievegem,Tibo,Mannelijk,10/10/2019
Waregem,Sybille,Vrouwelijk,09/30/2019
Diksmuide,Wendy,Vrouwelijk,10/24/2019
Ninove,Daisy,Vrouwelijk,10/18/2019
Bonheiden,Wilhelmina,Vrouwelijk,10/05/2019
Estaimpuis,Kylian,Mannelijk,10/05/2019
Hamois,Nathan,Mannelijk,11/26/2019
Zaventem,Nadine,Vrouwelijk,10/22/2019
Westerlo,Brent,Mannelijk,10/17/2019
Dilsen-Stokkem,Miranda,Vrouwelijk,10/06/2019
Sint-Niklaas (Sint-Niklaas),Sarah,Vrouwelijk,10/07/2019
Herent,Jonas,Mannelijk,10/03/2019
Hasselt,Marieke,Vrouwelijk,10/17/2019
De Haan,Sofie,Vrouwelijk,10/12/2019
Temse,Franky,Mannelijk,10/05/2019
Beringen,Burhan,Mannelijk,10/28/2019
Luik,Viorel,Mannelijk,10/05/2019
Aarlen,Sonia,Vrouwelijk,09/28/2019
Brussel,Abdullah,Mannelijk,10/16/2019
Oostende,Quinten,Mannelijk,10/05/2019
Mechelen,Ronald,Mannelijk,10/15/2019
Antwerpen,Lydia,Vrouwelijk,10/14/2019
Anderlecht,Mostafa,Mannelijk,10/07/2019
Mol,Sylvie,Vrouwelijk,10/10/2019
Aalter,Caroline,Vrouwelijk,10/14/2019
Beringen,Petrus,Mannelijk,10/08/2019
Bocholt,Gertrude,Vrouwelijk,10/23/2019
Fleurus,Cathy,Vrouwelijk,09/28/2019
Beringen,Lander,Mannelijk,10/01/2019
Wevelgem,Bieke,Vrouwelijk,10/07/2019
Elsene,Andrea,Vrouwelijk,10/04/2019
Antwerpen,Raf,Mannelijk,10/07/2019
Anderlecht,Willy,Mannelijk,10/06/2019
Ukkel,Léopold,Mannelijk,10/09/2019
Zottegem,Cecilia,Vrouwelijk,10/12/2019
Anderlecht,Ikram,Vrouwelijk,10/16/2019
Brussel,Philippe,Mannelijk,10/05/2019
Sint-Truiden,Christine,Vrouwelijk,10/15/2019
Ninove,Sanne,Vrouwelijk,11/03/2019
Charleroi,Christelle,Vrouwelijk,10/17/2019
Bergen,Thierry,Mannelijk,10/17/2019
Zedelgem,Tom,Mannelijk,10/12/2019
Deinze,Yvonne,Vrouwelijk,10/29/2019
Sankt Vith,Kevin,Mannelijk,10/06/2019
Borgloon,Joseph,Mannelijk,10/07/2019
Anzegem,Ellen,Vrouwelijk,10/08/2019
Antwerpen,Aisha,Vrouwelijk,10/13/2019
Gent,Vesile,Vrouwelijk,10/05/2019
Wevelgem,Fran,Vrouwelijk,10/15/2019
Quaregnon,Jacques,Mannelijk,10/10/2019
Anderlecht,Jean,Mannelijk,10/08/2019
Antwerpen,Maria,Vrouwelijk,10/19/2019
Marche-en-Famenne,Eric,Mannelijk,10/10/2019
Brugge,Dieter,Mannelijk,10/20/2019
Deinze,Ward,Mannelijk,10/05/2019
Sint-Truiden,Hilde,Vrouwelijk,10/06/2019
Luik,Aurore,Vrouwelijk,10/27/2019
La Louvière,Vanessa,Vrouwelijk,10/14/2019
Antwerpen,Chantal,Vrouwelijk,10/01/2019
Kortrijk,Peter,Mannelijk,10/15/2019
Liedekerke,Willy,Mannelijk,10/18/2019
Zottegem,Marie,Vrouwelijk,10/02/2019
Bergen,Amine,Mannelijk,10/12/2019
Rijkevorsel,Maria,Vrouwelijk,10/18/2019
Anderlecht,Marco,Mannelijk,10/26/2019
Namen,Sébastien,Mannelijk,10/12/2019
Antwerpen,Hüseyin,Mannelijk,10/18/2019
Courcelles,Mathias,Mannelijk,10/14/2019
Ukkel,Sonia,Vrouwelijk,10/06/2019
Aat,Aurélie,Vrouwelijk,10/22/2019
Antwerpen,Josephina,Vrouwelijk,10/16/2019
Zoersel,Willy,Mannelijk,09/29/2019
Beerse,Jolien,Vrouwelijk,10/14/2019
Kontich,Sofie,Vrouwelijk,09/30/2019
Diepenbeek,Bjorn,Mannelijk,10/14/2019
Eigenbrakel,Daniel,Mannelijk,10/31/2019
Heist-op-den-Berg,Lowie,Mannelijk,09/29/2019
Herselt,Sonia,Vrouwelijk,09/29/2019
Roeselare,Rosette,Vrouwelijk,10/06/2019
Lessen,Aurore,Vrouwelijk,10/11/2019
Nijlen,Jan,Mannelijk,09/28/2019
Hastière,Isabelle,Vrouwelijk,10/02/2019
Amel,Anita,Vrouwelijk,10/10/2019
Heist-op-den-Berg,Willem,Mannelijk,10/09/2019
Leuven,Nicole,Vrouwelijk,10/05/2019
Charleroi,Said,Mannelijk,11/27/2019
Antwerpen,Joshua,Mannelijk,10/09/2019
Charleroi,Romuald,Mannelijk,10/09/2019
Merchtem,Lola,Vrouwelijk,10/02/2019
Boussu,Sophie,Vrouwelijk,10/14/2019
Lier,Simonne,Vrouwelijk,10/05/2019
Heusden-Zolder,Erva,Vrouwelijk,09/28/2019
Grimbergen,Petra,Vrouwelijk,10/08/2019
Herk-de-Stad,Pascal,Mannelijk,10/08/2019
Marche-en-Famenne,Guillaume,Mannelijk,10/05/2019
Peer,Dominique,Mannelijk,10/16/2019
Aat,Monique,Vrouwelijk,10/01/2019
Tremelo,Johan,Mannelijk,10/07/2019
Kruibeke,Cyriel,Mannelijk,10/16/2019
Zaventem,Daniela,Vrouwelijk,10/07/2019
Zemst,Stijn,Mannelijk,10/18/2019
Wemmel,Stéphane,Mannelijk,10/11/2019
Lummen,Dimitri,Mannelijk,10/03/2019
Ganshoren,Armand,Mannelijk,10/07/2019
Braives,Tom,Mannelijk,10/10/2019
Wuustwezel,Yvonne,Vrouwelijk,10/09/2019
Aiseau-Presles,Alexandre,Mannelijk,10/04/2019
Borgloon,Jana,Vrouwelijk,10/10/2019
Schaarbeek,Nancy,Vrouwelijk,10/12/2019
Hooglede,Thomas,Mannelijk,09/28/2019
Rixensart,Juliette,Vrouwelijk,10/17/2019
Pelt,Leopold,Mannelijk,10/10/2019
Lommel,Hendrik,Mannelijk,10/10/2019
Kapellen (Antwerpen),Marleen,Vrouwelijk,10/05/2019
De Pinte,Danny,Mannelijk,10/12/2019
Vosselaar,Yves,Mannelijk,10/11/2019
Deerlijk,Rita,Vrouwelijk,10/27/2019
Eigenbrakel,Lucas,Mannelijk,10/09/2019
Brakel,Andy,Mannelijk,10/11/2019
Hoegaarden,Dieter,Mannelijk,10/17/2019
La Louvière,Olivier,Mannelijk,10/02/2019
Andenne,Jules,Mannelijk,10/06/2019
Verlaine,Sébastien,Mannelijk,10/01/2019
Boussu,Emma,Vrouwelijk,10/18/2019
Genk,Giuliana,Vrouwelijk,10/07/2019
Turnhout,Alfons,Mannelijk,10/08/2019
Pepingen,Gabrielle,Vrouwelijk,10/15/2019
Beloeil,Geneviève,Vrouwelijk,10/13/2019
Schoten,Victor,Mannelijk,10/24/2019
’s Gravenbrakel,Philippe,Mannelijk,10/18/2019
Courcelles,Amine,Mannelijk,10/25/2019
Boussu,Sonia,Vrouwelijk,10/24/2019
Nijlen,Jef,Mannelijk,10/08/2019
Charleroi,Jérémy,Mannelijk,10/22/2019
Brussel,Jean-Marc,Mannelijk,10/09/2019
Mortsel,Dora,Vrouwelijk,10/14/2019
Villers-la-Ville,Christiane,Vrouwelijk,10/06/2019
Aalter,Madeleine,Vrouwelijk,10/12/2019
Keerbergen,Jozef,Mannelijk,10/07/2019
Comblain-au-Pont,Henri,Mannelijk,10/05/2019
Mol,Dirk,Mannelijk,10/14/2019
Ham,Rosa,Vrouwelijk,10/04/2019
Mechelen,Sean,Mannelijk,11/19/2019
Aalst (Aalst),Brigitte,Vrouwelijk,11/22/2019
Geel,Willy,Mannelijk,10/05/2019
Lede,André,Mannelijk,10/13/2019
Waver,Eddy,Mannelijk,10/11/2019
Grobbendonk,Guy,Mannelijk,09/28/2019
Pont-à-Celles,Marie-Jeanne,Vrouwelijk,10/08/2019
