gemeente,naam,geslacht,verwachte datum
Zulte,Odette,Vrouwelijk,03/27/2019
Zinnik,Benoit,Mannelijk,03/21/2019
Brussel,Marc,Mannelijk,03/16/2019
Vilvoorde,Abdellatif,Mannelijk,03/12/2019
Sombreffe,Xavier,Mannelijk,03/29/2019
Sint-Jans-Molenbeek,Ismaël,Mannelijk,03/16/2019
Nijlen,Francis,Mannelijk,03/20/2019
Sint-Joost-ten-Node,Lise,Vrouwelijk,03/18/2019
Bergen,Savannah,Vrouwelijk,03/21/2019
Oostende,Dennis,Mannelijk,03/13/2019
Kruisem,Remi,Mannelijk,04/04/2019
Kalmthout,Herman,Mannelijk,03/29/2019
Antwerpen,Pieter,Mannelijk,03/17/2019
Hulshout,Joseph,Mannelijk,03/09/2019
Eupen,Rita,Vrouwelijk,03/17/2019
Oudenaarde,Indra,Vrouwelijk,03/22/2019
Ninove,Hilda,Vrouwelijk,03/28/2019
Tongeren,Sofie,Vrouwelijk,03/23/2019
Alken,Annemie,Vrouwelijk,03/21/2019
Halle (Halle-Vilvoorde),Rudi,Mannelijk,03/17/2019
Hamme (Dendermonde),Ronny,Mannelijk,03/21/2019
Jette,Aliya,Vrouwelijk,03/22/2019
Elsene,Caroline,Vrouwelijk,03/22/2019
Mortsel,Anne-Marie,Vrouwelijk,03/18/2019
Sint-Jans-Molenbeek,Naoual,Vrouwelijk,03/21/2019
Antwerpen,Dina,Vrouwelijk,03/31/2019
Dendermonde,Sarina,Vrouwelijk,03/24/2019
Brussel,Sandra,Vrouwelijk,03/18/2019
Anderlecht,Maxime,Mannelijk,03/27/2019
Ukkel,Liliane,Vrouwelijk,03/10/2019
Châtelet,Pierre,Mannelijk,03/23/2019
Zwevegem,Caroline,Vrouwelijk,03/17/2019
Malmedy,Antoine,Mannelijk,03/16/2019
Pont-à-Celles,Rose,Vrouwelijk,04/10/2019
Lint,Roger,Mannelijk,03/25/2019
Brussel,Aïssatou,Vrouwelijk,03/13/2019
Izegem,Martine,Vrouwelijk,03/21/2019
Doornik,Noah,Mannelijk,03/23/2019
Mechelen,Nick,Mannelijk,03/22/2019
Roeselare,Louis,Mannelijk,03/17/2019
Ukkel,Robert,Mannelijk,03/26/2019
Colfontaine,Leslie,Vrouwelijk,03/29/2019
Couvin,Sarah,Vrouwelijk,04/12/2019
Nieuwpoort,Andy,Mannelijk,03/20/2019
Ronse,Catherine,Vrouwelijk,03/25/2019
Floreffe,Laurence,Vrouwelijk,04/06/2019
Marchin,Frédérique,Vrouwelijk,03/18/2019
Eghezée,Jérémy,Mannelijk,03/12/2019
Zwevegem,Cecilia,Vrouwelijk,03/25/2019
Overijse,Jules,Mannelijk,03/16/2019
Aalter,Rudy,Mannelijk,04/02/2019
Herk-de-Stad,Pierre,Mannelijk,03/23/2019
Stekene,Ingrid,Vrouwelijk,03/14/2019
Putte,Gerry,Mannelijk,03/14/2019
Lanaken,Owen,Mannelijk,03/28/2019
Anderlecht,Jean,Mannelijk,03/18/2019
Dendermonde,Erik,Mannelijk,03/17/2019
Heist-op-den-Berg,Ken,Mannelijk,03/28/2019
Welkenraedt,Dominique,Mannelijk,03/23/2019
Charleroi,Dounia,Vrouwelijk,03/21/2019
Oostende,Jan,Mannelijk,03/20/2019
Schaarbeek,Margaux,Vrouwelijk,03/12/2019
Lendelede,Jules,Mannelijk,03/22/2019
Vilvoorde,Lamia,Vrouwelijk,03/12/2019
Londerzeel,Lien,Vrouwelijk,03/22/2019
Doornik,Zélie,Vrouwelijk,03/18/2019
Chapelle-lez-Herlaimont,Christophe,Mannelijk,03/23/2019
Huldenberg,Tom,Mannelijk,03/27/2019
Oudenaarde,Kris,Mannelijk,04/03/2019
La Louvière,Willy,Mannelijk,03/31/2019
Mechelen,Fleur,Vrouwelijk,03/16/2019
Brasschaat,Jana,Vrouwelijk,03/18/2019
Charleroi,Abdeslam,Mannelijk,03/24/2019
Antwerpen,Satenik,Vrouwelijk,03/25/2019
Ukkel,Michèle,Vrouwelijk,03/17/2019
Jemeppe-sur-Sambre,Dominique,Vrouwelijk,03/19/2019
Lummen,Gino,Mannelijk,03/26/2019
Lubbeek,Jan,Mannelijk,03/17/2019
Opwijk,José,Vrouwelijk,03/24/2019
Ganshoren,Salima,Vrouwelijk,03/11/2019
Le Roeulx,Nathalie,Vrouwelijk,03/19/2019
Pepinster,Philippe,Mannelijk,03/20/2019
Jette,Mihai,Mannelijk,03/18/2019
Leuven,Joelle,Vrouwelijk,03/15/2019
Brussel,Aouatif,Vrouwelijk,03/16/2019
Ninove,Christiaan,Mannelijk,03/20/2019
Zoutleeuw,Rita,Vrouwelijk,03/19/2019
Edegem,Julienne,Vrouwelijk,03/28/2019
Bevekom,Marie,Vrouwelijk,03/20/2019
Leuven,Hamza,Mannelijk,03/09/2019
Wanze,Stéphane,Mannelijk,03/13/2019
Seraing,Shana,Vrouwelijk,03/25/2019
Gent,Paolo,Mannelijk,03/18/2019
Evere,Lucie,Vrouwelijk,03/25/2019
Waver,Freddy,Mannelijk,03/21/2019
Hemiksem,Stephan,Mannelijk,03/20/2019
Oostende,Nick,Mannelijk,03/23/2019
Vorst (Brussel-Hoofdstad),Gloria,Vrouwelijk,03/10/2019
Ukkel,Annie,Vrouwelijk,03/29/2019
Berlare,Bert,Mannelijk,03/18/2019
Antwerpen,Ziad,Mannelijk,03/28/2019
Quaregnon,Séverine,Vrouwelijk,03/15/2019
Waver,Alice,Vrouwelijk,03/17/2019
Asse,Marijke,Vrouwelijk,03/22/2019
Brasschaat,Tibe,Mannelijk,03/09/2019
Gent,John,Mannelijk,03/21/2019
Beerse,Lotte,Vrouwelijk,03/25/2019
Knokke-Heist,Jason,Mannelijk,03/28/2019
Waver,Loïc,Mannelijk,03/17/2019
Antwerpen,Hershi,Mannelijk,03/29/2019
Genk,Pierre,Mannelijk,03/23/2019
Oudergem,Arnaud,Mannelijk,03/16/2019
Sint-Lambrechts-Woluwe,Jakub,Mannelijk,03/24/2019
Dilbeek,Samuel,Mannelijk,03/17/2019
Verviers,Victoria,Vrouwelijk,03/20/2019
Veurne,Frederic,Mannelijk,04/14/2019
Zaventem,Dylan,Mannelijk,03/19/2019
Lasne,Thierry,Mannelijk,04/06/2019
Sint-Niklaas (Sint-Niklaas),Carlo,Mannelijk,04/09/2019
Tienen,Robbe,Mannelijk,03/20/2019
Lier,Lesley,Vrouwelijk,04/27/2019
Essen,Gerda,Vrouwelijk,03/14/2019
Moeskroen,Coraline,Vrouwelijk,03/25/2019
Beyne-Heusay,Amina,Vrouwelijk,03/25/2019
Hamont-Achel,Maria,Vrouwelijk,03/15/2019
Binche,Mathieu,Mannelijk,03/19/2019
Avelgem,Xander,Mannelijk,03/13/2019
Ieper,Charlotte,Vrouwelijk,03/10/2019
Lessen,Christine,Vrouwelijk,03/17/2019
Messancy,Danielle,Vrouwelijk,03/13/2019
Mol,Noor,Vrouwelijk,03/14/2019
Grimbergen,Daniel,Mannelijk,03/28/2019
Namen,Manon,Vrouwelijk,03/20/2019
Mettet,Jacqueline,Vrouwelijk,03/14/2019
Blankenberge,Sofie,Vrouwelijk,04/08/2019
Verviers,Alain,Mannelijk,03/11/2019
Beauraing,Jacques,Mannelijk,03/20/2019
Lochristi,Christiane,Vrouwelijk,03/19/2019
Oupeye,Jean-François,Mannelijk,03/19/2019
Waterloo,Loïc,Mannelijk,03/28/2019
Doornik,Bastien,Mannelijk,03/21/2019
Menen,Ivan,Mannelijk,04/04/2019
Brugge,Kenneth,Mannelijk,03/13/2019
Charleroi,Nicole,Vrouwelijk,03/23/2019
Zemst,Jonas,Mannelijk,03/19/2019
Ottignies-Louvain-la-Neuve,Laurence,Vrouwelijk,03/23/2019
Lokeren,Lore,Vrouwelijk,03/16/2019
Brussel,Alexandra,Vrouwelijk,03/27/2019
Elsene,Marion,Vrouwelijk,03/22/2019
Gent,Maarten,Mannelijk,03/09/2019
Halen,Jozef,Mannelijk,03/30/2019
Evergem,Hubert,Mannelijk,03/20/2019
Kortenberg,Christopher,Mannelijk,04/08/2019
Graven,Pascale,Vrouwelijk,03/18/2019
Grimbergen,Marie,Vrouwelijk,03/26/2019
Wommelgem,Michiel,Mannelijk,03/16/2019
Mol,Hendrika,Vrouwelijk,03/10/2019
Wetteren,Salem,Mannelijk,03/18/2019
Antwerpen,Marcel,Mannelijk,05/01/2019
Wezembeek-Oppem,Pierre,Mannelijk,03/22/2019
Izegem,Mireille,Vrouwelijk,03/16/2019
Aalst (Aalst),Jozef,Mannelijk,03/21/2019
Wetteren,Erwin,Mannelijk,03/29/2019
Waterloo,Emmanuel,Mannelijk,03/18/2019
Sint-Niklaas (Sint-Niklaas),Lotte,Vrouwelijk,03/26/2019
Brecht,Maria,Vrouwelijk,03/21/2019
Waregem,Wesley,Mannelijk,03/22/2019
Namen,Blanche,Vrouwelijk,03/26/2019
Dessel,Peter,Mannelijk,03/17/2019
Namen,Christian,Mannelijk,03/09/2019
Lint,Lien,Vrouwelijk,04/07/2019
Sint-Genesius-Rode,Gregory,Mannelijk,03/18/2019
Walcourt,Marie,Vrouwelijk,03/19/2019
Izegem,Senne,Mannelijk,04/11/2019
Charleroi,Yamina,Vrouwelijk,03/21/2019
Brussel,Capucine,Vrouwelijk,03/11/2019
Antwerpen,Karin,Vrouwelijk,03/29/2019
Namen,Jérôme,Mannelijk,04/03/2019
Ternat,Jurgen,Mannelijk,04/07/2019
La Louvière,Josette,Vrouwelijk,03/25/2019
Pepinster,Thibaut,Mannelijk,04/09/2019
Brugge,Carina,Vrouwelijk,03/27/2019
Anderlecht,Rayan,Mannelijk,03/18/2019
Beyne-Heusay,Marie,Vrouwelijk,04/25/2019
Koekelberg,Virginie,Vrouwelijk,03/17/2019
Heusden-Zolder,Maria,Vrouwelijk,03/27/2019
Messancy,Maxime,Mannelijk,03/18/2019
Gent,Peter,Mannelijk,04/28/2019
Antwerpen,Süleyman,Mannelijk,03/17/2019
Verviers,Christiane,Vrouwelijk,04/08/2019
Tongeren,Yves,Mannelijk,03/20/2019
Charleroi,Marty,Mannelijk,03/11/2019
Hasselt,Maria,Vrouwelijk,03/19/2019
Wichelen,Peter,Mannelijk,03/27/2019
Oupeye,Gaëlle,Vrouwelijk,03/25/2019
Aalst (Aalst),Paul,Mannelijk,04/10/2019
Rochefort,Marie,Vrouwelijk,03/21/2019
Saint-Nicolas (Luik),Mélissa,Vrouwelijk,03/20/2019
Malle,Katrien,Vrouwelijk,03/27/2019
Gembloux,Jean,Mannelijk,03/12/2019
Brussel,Juan,Mannelijk,03/25/2019
Berlare,Els,Vrouwelijk,03/18/2019
Grâce-Hollogne,Giovanni,Mannelijk,04/02/2019
Deinze,Maria,Vrouwelijk,03/27/2019
Lommel,Angelina,Vrouwelijk,03/19/2019
Brussel,Burak,Mannelijk,03/23/2019
Verviers,Georges,Mannelijk,03/20/2019
Waver,Philippe,Mannelijk,03/26/2019
Diepenbeek,Vicky,Vrouwelijk,03/26/2019
Gent,Steven,Mannelijk,03/24/2019
Maaseik,Stef,Mannelijk,04/06/2019
Herentals,Alois,Mannelijk,03/17/2019
Leuze-en-Hainaut,Jennifer,Vrouwelijk,03/12/2019
Gent,Salvatore,Mannelijk,03/16/2019
Wuustwezel,Franciscus,Mannelijk,03/18/2019
Lier,Roger,Mannelijk,05/08/2019
Dilsen-Stokkem,Maria,Vrouwelijk,03/19/2019
Oostkamp,Pascale,Vrouwelijk,03/27/2019
Diksmuide,Bart,Mannelijk,03/16/2019
Vloesberg,Patrick,Mannelijk,03/28/2019
Lier,Martine,Vrouwelijk,03/28/2019
Dilbeek,Ellen,Vrouwelijk,04/09/2019
Bevekom,Martine,Vrouwelijk,03/11/2019
Flémalle,Jacques,Mannelijk,04/07/2019
Gent,Jacqueline,Vrouwelijk,03/19/2019
Temse,Mauro,Mannelijk,03/14/2019
Luik,Hanife,Vrouwelijk,03/10/2019
Watermaal-Bosvoorde,Yves,Mannelijk,03/25/2019
De Pinte,Carine,Vrouwelijk,03/24/2019
Etalle,Dominique,Mannelijk,03/17/2019
Evere,Estelle,Vrouwelijk,03/29/2019
La Louvière,Lucie,Vrouwelijk,04/08/2019
Anhée,Simone,Vrouwelijk,03/12/2019
Oosterzele,Luc,Mannelijk,03/30/2019
Fontaine-l’Evêque,Muriel,Vrouwelijk,04/11/2019
Charleroi,Fabienne,Vrouwelijk,03/27/2019
Dinant,Patricia,Vrouwelijk,03/21/2019
Koksijde,Yvette,Vrouwelijk,03/11/2019
Staden,Wim,Mannelijk,04/05/2019
Knokke-Heist,Robert,Mannelijk,03/16/2019
Saint-Nicolas (Luik),Clément,Mannelijk,03/15/2019
Ternat,Emile,Mannelijk,03/17/2019
Sint-Katelijne-Waver,Nicole,Vrouwelijk,03/14/2019
Arendonk,Elise,Vrouwelijk,03/18/2019
Kruibeke,Jozef,Mannelijk,03/27/2019
Ieper,Mieke,Vrouwelijk,03/24/2019
Beyne-Heusay,Isabelle,Vrouwelijk,04/03/2019
Zemst,Maria,Vrouwelijk,03/22/2019
Puurs-Sint-Amands,Jeanine,Vrouwelijk,04/06/2019
Lokeren,Yvonne,Vrouwelijk,03/15/2019
Namen,Véronique,Vrouwelijk,03/20/2019
Beloeil,Cédric,Mannelijk,03/20/2019
Niel,Leon,Mannelijk,03/21/2019
Kortenberg,Arlette,Vrouwelijk,03/26/2019
Saint-Léger (Virton),Vanessa,Vrouwelijk,03/16/2019
Liedekerke,Vera,Vrouwelijk,03/18/2019
Zoutleeuw,Milan,Mannelijk,03/22/2019
Quaregnon,Daniel,Mannelijk,03/27/2019
Waver,Arthur,Mannelijk,03/22/2019
Aubange,Diana,Vrouwelijk,03/21/2019
Kampenhout,Tim,Mannelijk,03/19/2019
Brussel,Angelica,Vrouwelijk,03/10/2019
Schoten,Monique,Vrouwelijk,03/23/2019
Seraing,Gilberte,Vrouwelijk,03/29/2019
Moeskroen,Françoise,Vrouwelijk,03/28/2019
Charleroi,Madisson,Vrouwelijk,03/25/2019
Marche-en-Famenne,Jean-Marc,Mannelijk,04/08/2019
Herstal,Dorian,Mannelijk,03/22/2019
Colfontaine,Amandine,Vrouwelijk,03/22/2019
Aalst (Aalst),Alan,Mannelijk,03/16/2019
Bièvre,Annie,Vrouwelijk,03/16/2019
Pepinster,Vanessa,Vrouwelijk,03/11/2019
Mechelen,Viktoria,Vrouwelijk,03/21/2019
Moeskroen,Emma,Vrouwelijk,03/17/2019
Couvin,Michel,Mannelijk,03/16/2019
Antwerpen,Marina,Vrouwelijk,03/29/2019
Antwerpen,Pascal,Mannelijk,03/21/2019
Evergem,Steven,Mannelijk,03/28/2019
Awans,Christelle,Vrouwelijk,03/28/2019
Sint-Niklaas (Sint-Niklaas),Michaël,Mannelijk,03/16/2019
Sint-Niklaas (Sint-Niklaas),Moussa,Mannelijk,03/15/2019
Chièvres,Christiane,Vrouwelijk,03/19/2019
Donceel,Geneviève,Vrouwelijk,03/26/2019
Rebecq,Lise,Vrouwelijk,03/19/2019
Antwerpen,Freddy,Mannelijk,03/15/2019
Beveren (Sint-Niklaas),Petrus,Mannelijk,03/19/2019
Beernem,Anna,Vrouwelijk,03/26/2019
Oud-Heverlee,Mathias,Mannelijk,05/06/2019
Boom,Bianca,Vrouwelijk,03/25/2019
Anderlecht,Alex,Mannelijk,04/29/2019
Sint-Truiden,Peter,Mannelijk,03/18/2019
Antwerpen,Steve,Mannelijk,03/16/2019
Elsene,Serge,Mannelijk,04/19/2019
Aarlen,Marion,Vrouwelijk,03/16/2019
Huldenberg,Nicolas,Mannelijk,03/17/2019
Merksplas,Kristel,Vrouwelijk,03/12/2019
Sint-Lambrechts-Woluwe,Simon,Mannelijk,04/12/2019
Brugge,Cédric,Mannelijk,03/09/2019
Brugge,Bart,Mannelijk,03/20/2019
Puurs-Sint-Amands,Lennert,Mannelijk,03/11/2019
Genepiën,Sophie,Vrouwelijk,03/13/2019
Izegem,Tom,Mannelijk,03/22/2019
Theux,Elise,Vrouwelijk,03/22/2019
Etterbeek,Sabrina,Vrouwelijk,03/23/2019
Opwijk,Freddy,Mannelijk,03/13/2019
Kapellen (Antwerpen),Nicolas,Mannelijk,03/22/2019
Leuven,Hilde,Vrouwelijk,03/23/2019
Doornik,Nicolas,Mannelijk,03/27/2019
Wuustwezel,Anny,Vrouwelijk,03/24/2019
Menen,Maria,Vrouwelijk,03/11/2019
Charleroi,Johnny,Mannelijk,03/26/2019
Lier,Dimitri,Mannelijk,03/19/2019
Nieuwerkerken (Hasselt),Isabelle,Vrouwelijk,03/27/2019
Tielt (Tielt),Martine,Vrouwelijk,04/11/2019
Rumes,Chantal,Vrouwelijk,03/21/2019
Antwerpen,Axl,Mannelijk,05/12/2019
Brussel,Horacio,Mannelijk,03/24/2019
Flémalle,Stéphanie,Vrouwelijk,03/17/2019
Kraainem,Natalia,Vrouwelijk,03/22/2019
Puurs-Sint-Amands,Tim,Mannelijk,04/07/2019
Kortenberg,Mathieu,Mannelijk,03/16/2019
Aartselaar,Inge,Vrouwelijk,04/27/2019
Wemmel,Adam,Mannelijk,03/17/2019
Anderlecht,Samah,Vrouwelijk,03/20/2019
Kortenberg,Sander,Mannelijk,03/26/2019
Antwerpen,Luc,Mannelijk,03/22/2019
Damme,Marie,Vrouwelijk,03/19/2019
Profondeville,Lou,Vrouwelijk,03/24/2019
Wommelgem,Frank,Mannelijk,03/09/2019
De Pinte,Jan,Mannelijk,03/19/2019
Leuze-en-Hainaut,Bernard,Mannelijk,03/13/2019
Eghezée,Mike,Mannelijk,03/20/2019
Péruwelz,Laetitia,Vrouwelijk,03/17/2019
Vorst (Brussel-Hoofdstad),Monique,Vrouwelijk,03/18/2019
Voeren,Anne,Vrouwelijk,03/12/2019
Ganshoren,Sara,Vrouwelijk,03/21/2019
