gemeente,naam,geslacht,verwachte datum
Olen,Josephus,Mannelijk,12/23/2019
Willebroek,Erika,Vrouwelijk,12/24/2019
Ronse,Olivier,Mannelijk,12/24/2019
Turnhout,Mathijs,Mannelijk,12/18/2019
Quaregnon,Calogero,Mannelijk,02/14/2020
Sint-Jans-Molenbeek,Mohamed,Mannelijk,12/22/2019
Luik,Leïla,Vrouwelijk,12/31/2019
Wevelgem,Suze,Vrouwelijk,12/22/2019
Huldenberg,Wim,Mannelijk,12/21/2019
Verlaine,Pauline,Vrouwelijk,12/30/2019
Gent,Peter,Mannelijk,12/20/2019
Turnhout,Ingrid,Vrouwelijk,12/16/2019
Charleroi,Najia,Vrouwelijk,12/18/2019
Ottignies-Louvain-la-Neuve,Thomas,Mannelijk,12/18/2019
Sint-Lambrechts-Woluwe,Sebastian,Mannelijk,12/12/2019
Bergen,Laurent,Mannelijk,12/23/2019
Maldegem,Victor,Mannelijk,12/17/2019
Luik,Gérard,Mannelijk,12/12/2019
Malle,Stefan,Mannelijk,12/21/2019
Herselt,Christine,Vrouwelijk,01/08/2020
Oudenaarde,Geert,Mannelijk,12/23/2019
Borsbeek,Rudi,Mannelijk,01/03/2020
La Roche-en-Ardenne,Louis,Mannelijk,12/21/2019
Antwerpen,David,Mannelijk,12/17/2019
Fléron,André,Mannelijk,12/18/2019
Deerlijk,Warre,Mannelijk,01/30/2020
Blankenberge,Nicole,Vrouwelijk,12/31/2019
Antwerpen,Iwona,Vrouwelijk,12/30/2019
Beerse,Christiane,Vrouwelijk,12/25/2019
Nassogne,Lucas,Mannelijk,01/05/2020
Tervuren,Martine,Vrouwelijk,12/12/2019
Brussel,Bruno,Mannelijk,12/27/2019
Harelbeke,Stijn,Mannelijk,12/21/2019
Mechelen,Dirk,Mannelijk,12/12/2019
Niel,Nancy,Vrouwelijk,12/18/2019
Gouvy,Danielle,Vrouwelijk,12/18/2019
Dilbeek,Anne,Vrouwelijk,12/28/2019
Waregem,Francine,Vrouwelijk,12/23/2019
Ecaussinnes,John,Mannelijk,12/17/2019
Haaltert,Petra,Vrouwelijk,12/25/2019
Waregem,Leen,Vrouwelijk,12/22/2019
Hélécine,Florence,Vrouwelijk,12/27/2019
Charleroi,Aylin,Vrouwelijk,12/23/2019
Kinrooi,Jonas,Mannelijk,12/23/2019
Zwijndrecht,Hayat,Vrouwelijk,12/23/2019
Dilbeek,Gabriel,Mannelijk,01/14/2020
Hamont-Achel,Anja,Vrouwelijk,12/22/2019
Scherpenheuvel-Zichem,Luc,Mannelijk,12/31/2019
Gent,Nele,Vrouwelijk,12/14/2019
La Louvière,Alessio,Mannelijk,01/09/2020
Ranst,Gilberte,Vrouwelijk,12/13/2019
Bergen,Nancy,Vrouwelijk,12/25/2019
Brussel,Fabienne,Vrouwelijk,12/20/2019
Engis,Patrick,Mannelijk,01/06/2020
Elsene,Mélissa,Vrouwelijk,12/23/2019
Beersel,Aimé,Mannelijk,12/19/2019
Rixensart,Emily,Vrouwelijk,12/21/2019
Rotselaar,David,Mannelijk,12/17/2019
Namen,Michel,Mannelijk,12/18/2019
Modave,Martin,Mannelijk,01/14/2020
Doornik,Michelle,Vrouwelijk,12/21/2019
Antwerpen,Jimmy,Mannelijk,12/22/2019
Viroinval,Marie,Vrouwelijk,12/21/2019
Amel,Tamara,Vrouwelijk,12/15/2019
Antwerpen,Nicole,Vrouwelijk,01/13/2020
Brussel,Fatiha,Vrouwelijk,12/23/2019
Anzegem,Marleen,Vrouwelijk,12/18/2019
Lievegem,Eddy,Mannelijk,12/30/2019
Eigenbrakel,Isabelle,Vrouwelijk,12/25/2019
Orp-Jauche,Christiane,Vrouwelijk,02/07/2020
Kruisem,Jonathan,Mannelijk,12/12/2019
Gent,Nicolae,Mannelijk,12/26/2019
Wevelgem,Valérie,Vrouwelijk,12/16/2019
Antwerpen,Paula,Vrouwelijk,12/20/2019
Waver,Eduard,Mannelijk,12/22/2019
Bornem,Olga,Vrouwelijk,12/19/2019
Jette,Moncef,Mannelijk,12/23/2019
Berlare,Senne,Mannelijk,01/13/2020
Quiévrain,Morgane,Vrouwelijk,12/31/2019
Anderlecht,Alice,Vrouwelijk,12/21/2019
Hotton,Daniel,Mannelijk,12/31/2019
Geel,Rudy,Mannelijk,12/22/2019
Evere,Raymond,Mannelijk,12/18/2019
Vielsalm,Quentin,Mannelijk,01/11/2020
Komen-Waasten,Eric,Mannelijk,12/21/2019
Retie,Eline,Vrouwelijk,12/26/2019
Soumagne,Sylvain,Mannelijk,12/17/2019
Fontaine-l’Evêque,Georges,Mannelijk,12/22/2019
Dilbeek,Joëlle,Vrouwelijk,12/26/2019
Borgworm,Stéphane,Mannelijk,12/20/2019
Bredene,Natalia,Vrouwelijk,12/22/2019
Antwerpen,Steven,Mannelijk,12/24/2019
Verlaine,Marie,Vrouwelijk,12/13/2019
Lochristi,Geert,Mannelijk,12/27/2019
Zonnebeke,Lars,Mannelijk,01/12/2020
Durbuy,Guillaume,Mannelijk,12/24/2019
Mettet,Ludivine,Vrouwelijk,01/02/2020
Antwerpen,Luc,Mannelijk,12/20/2019
Gembloux,Melissa,Vrouwelijk,12/16/2019
Sint-Niklaas (Sint-Niklaas),Melissa,Vrouwelijk,12/29/2019
Anderlecht,Téo,Mannelijk,12/24/2019
Bredene,Yvette,Vrouwelijk,12/12/2019
Kaprijke,Simon,Mannelijk,12/19/2019
Sint-Gillis,Abdellah,Mannelijk,12/17/2019
Dinant,Dimitri,Mannelijk,12/13/2019
Bergen,Viviane,Vrouwelijk,12/30/2019
Zottegem,Gerarda,Vrouwelijk,01/05/2020
Beveren (Sint-Niklaas),Ilse,Vrouwelijk,12/19/2019
Schaarbeek,Mamadou,Mannelijk,12/15/2019
Poperinge,Miranda,Vrouwelijk,12/23/2019
Merchtem,Hedwig,Mannelijk,12/14/2019
Meerhout,Kelly,Vrouwelijk,12/31/2019
Moeskroen,Calvin,Mannelijk,12/22/2019
Lommel,Lisa,Vrouwelijk,12/12/2019
Leuze-en-Hainaut,Luc,Mannelijk,12/28/2019
Koekelberg,Karim,Mannelijk,12/28/2019
Turnhout,Martine,Vrouwelijk,01/10/2020
Ieper,Sarah,Vrouwelijk,12/28/2019
Charleroi,Regina,Vrouwelijk,01/19/2020
Brussel,Christian,Mannelijk,12/22/2019
Sint-Agatha-Berchem,Nathan,Mannelijk,12/18/2019
Torhout,Philippe,Mannelijk,01/01/2020
Bergen,Hamid,Mannelijk,12/21/2019
Overijse,Anna,Vrouwelijk,12/29/2019
Anderlecht,Marius,Mannelijk,12/25/2019
Brussel,Gabriela,Vrouwelijk,01/02/2020
Westerlo,Alicia,Vrouwelijk,12/27/2019
Koksijde,Laurence,Vrouwelijk,12/24/2019
Brugge,Magda,Vrouwelijk,12/29/2019
Gavere,Andrea,Vrouwelijk,12/20/2019
Sint-Niklaas (Sint-Niklaas),Michel,Mannelijk,01/12/2020
Charleroi,Logan,Mannelijk,12/30/2019
Dilbeek,Guy,Mannelijk,12/14/2019
Kraainem,Richard,Mannelijk,12/31/2019
Gent,Amal,Vrouwelijk,12/17/2019
Zonnebeke,Rosa,Vrouwelijk,12/14/2019
Oudergem,Caroline,Vrouwelijk,12/26/2019
Huldenberg,Jacqueline,Vrouwelijk,12/15/2019
Sankt Vith,Annette,Vrouwelijk,02/15/2020
Zedelgem,Daisy,Vrouwelijk,12/17/2019
Lier,Stijn,Mannelijk,12/11/2019
Charleroi,Koffi,Mannelijk,12/16/2019
Moeskroen,Sylvie,Vrouwelijk,12/27/2019
Bilzen,Staf,Mannelijk,12/31/2019
Temse,Elien,Vrouwelijk,01/30/2020
Mettet,Gérard,Mannelijk,01/02/2020
Leuven,Katrien,Vrouwelijk,12/13/2019
Destelbergen,Bart,Mannelijk,12/30/2019
Beveren (Sint-Niklaas),Ana,Vrouwelijk,12/12/2019
Leuven,Witse,Mannelijk,12/22/2019
Luik,Yves,Mannelijk,12/22/2019
Avelgem,Peter,Mannelijk,12/29/2019
Anderlecht,Adelina,Vrouwelijk,12/20/2019
Kortrijk,Eva,Vrouwelijk,01/10/2020
Brugge,Laura,Vrouwelijk,12/24/2019
La Louvière,Dominique,Mannelijk,12/12/2019
Beersel,Sara,Vrouwelijk,12/18/2019
Jemeppe-sur-Sambre,Amandine,Vrouwelijk,12/15/2019
Bernissart,Mireille,Vrouwelijk,12/24/2019
Beauraing,Séverine,Vrouwelijk,12/24/2019
Brugge,Marie,Vrouwelijk,12/16/2019
Brugge,Gaspard,Mannelijk,12/23/2019
Gent,Christiane,Vrouwelijk,01/07/2020
Oostkamp,Daniël,Mannelijk,12/20/2019
Chaudfontaine,Edith,Vrouwelijk,12/31/2019
Elsene,Nancy,Vrouwelijk,12/14/2019
Fleurus,Christel,Vrouwelijk,12/16/2019
Sint-Joost-ten-Node,Amalia,Vrouwelijk,12/16/2019
Kasterlee,Sonja,Vrouwelijk,12/28/2019
Luik,Jimmy,Mannelijk,01/01/2020
Wuustwezel,Emma,Vrouwelijk,12/16/2019
Keerbergen,Sofie,Vrouwelijk,12/23/2019
Harelbeke,Remi,Mannelijk,12/22/2019
Ham-sur-Heure-Nalinnes,Olivier,Mannelijk,12/25/2019
Boussu,Rachid,Mannelijk,12/25/2019
Blankenberge,Niels,Mannelijk,01/14/2020
Chapelle-lez-Herlaimont,Domenico,Mannelijk,12/22/2019
Izegem,Olivia,Vrouwelijk,12/22/2019
Colfontaine,Ingrid,Vrouwelijk,12/16/2019
Pepinster,Christophe,Mannelijk,12/14/2019
Rotselaar,Ward,Mannelijk,12/29/2019
Lokeren,Godelieve,Vrouwelijk,12/30/2019
Moerbeke (Gent),Rudy,Mannelijk,12/25/2019
Fleurus,Brigitte,Vrouwelijk,12/22/2019
Ieper,Monique,Vrouwelijk,01/07/2020
Destelbergen,Janne,Vrouwelijk,12/19/2019
Brussel,Matthias,Mannelijk,12/28/2019
Antwerpen,Saida,Vrouwelijk,12/17/2019
Bertogne,Vincent,Mannelijk,12/31/2019
Gent,Julien,Mannelijk,12/28/2019
Bilzen,Guido,Mannelijk,12/28/2019
Ukkel,Thomas,Mannelijk,12/22/2019
Chièvres,Ludovic,Mannelijk,12/27/2019
Herent,Emile,Mannelijk,12/18/2019
Courcelles,Andréa,Mannelijk,01/30/2020
Bergen,Lilya,Vrouwelijk,01/11/2020
Edegem,Marc,Mannelijk,12/17/2019
Mechelen,Hamza,Mannelijk,12/18/2019
Herstal,Lucie,Vrouwelijk,12/31/2019
Herzele,Patrick,Mannelijk,12/27/2019
Herstal,Ornella,Vrouwelijk,12/11/2019
Roosdaal,Marcel,Mannelijk,12/28/2019
Luik,Fabrice,Mannelijk,12/23/2019
Waterloo,Charlotte,Vrouwelijk,12/27/2019
Etterbeek,Guy,Mannelijk,12/11/2019
Nassogne,Damien,Mannelijk,12/30/2019
Etterbeek,Mélissa,Vrouwelijk,12/26/2019
Evere,Nassim,Mannelijk,12/16/2019
Charleroi,Marine,Vrouwelijk,12/18/2019
Gent,Ahmed,Mannelijk,12/20/2019
Heusden-Zolder,Yilmaz,Mannelijk,12/21/2019
Namen,Martine,Vrouwelijk,12/12/2019
Roeselare,Bert,Mannelijk,12/24/2019
Thuin,Michel,Mannelijk,12/21/2019
Soumagne,Pascale,Vrouwelijk,12/14/2019
Kapellen (Antwerpen),Eric,Mannelijk,12/11/2019
Floreffe,Gisèle,Vrouwelijk,01/08/2020
Charleroi,Marie,Vrouwelijk,12/20/2019
Doornik,Pascal,Mannelijk,12/25/2019
Bredene,Jason,Mannelijk,12/25/2019
Anderlecht,Ali,Mannelijk,12/23/2019
Zulte,Joost,Mannelijk,12/27/2019
Oudenaarde,Georges,Mannelijk,12/18/2019
Ternat,Julie,Vrouwelijk,12/18/2019
Gouvy,Aurore,Vrouwelijk,12/18/2019
Bree,José,Vrouwelijk,12/16/2019
Antwerpen,Raymonda,Vrouwelijk,12/19/2019
Luik,Charlotte,Vrouwelijk,12/19/2019
Anderlecht,Jean,Mannelijk,12/11/2019
Poperinge,Martine,Vrouwelijk,12/27/2019
Pecq,Rita,Vrouwelijk,12/20/2019
Erpe-Mere,Michaël,Mannelijk,12/23/2019
Aalst (Aalst),Maggy,Vrouwelijk,12/18/2019
Wingene,Roger,Mannelijk,12/21/2019
Rijkevorsel,Robbe,Mannelijk,12/15/2019
Geraardsbergen,Björn,Mannelijk,12/26/2019
Aalst (Aalst),Gunther,Mannelijk,12/28/2019
Brussel,Samir,Mannelijk,12/30/2019
Aalst (Aalst),Veerle,Vrouwelijk,12/18/2019
Arendonk,Arne,Mannelijk,12/27/2019
Sint-Niklaas (Sint-Niklaas),Julia,Vrouwelijk,12/17/2019
Ans,Marie,Vrouwelijk,12/26/2019
Kapellen (Antwerpen),Helena,Vrouwelijk,01/12/2020
Bertem,Joren,Mannelijk,12/25/2019
Niel,Magda,Vrouwelijk,12/28/2019
Herselt,Robert,Mannelijk,01/10/2020
Gooik,Josée,Vrouwelijk,12/18/2019
Antwerpen,Lucia,Vrouwelijk,01/08/2020
Evere,Marie,Vrouwelijk,12/26/2019
Geraardsbergen,Marie-Claire,Vrouwelijk,01/11/2020
Vaux-sur-Sûre,Marion,Vrouwelijk,12/20/2019
Luik,Lambertine,Vrouwelijk,12/23/2019
Brussel,Radia,Vrouwelijk,12/30/2019
Maasmechelen,Tamara,Vrouwelijk,12/26/2019
Balen,Maria,Vrouwelijk,12/20/2019
Aiseau-Presles,Ali,Mannelijk,12/31/2019
Malle,Danny,Mannelijk,12/20/2019
Schaarbeek,Ibrahima,Mannelijk,12/30/2019
Antwerpen,Norhan,Vrouwelijk,01/05/2020
Gent,Robert,Mannelijk,12/23/2019
Charleroi,Alessio,Mannelijk,01/11/2020
Chastre,Hélène,Vrouwelijk,12/31/2019
Lasne,Karine,Vrouwelijk,12/25/2019
Geraardsbergen,Ludwina,Vrouwelijk,12/28/2019
Bergen,Alexandre,Mannelijk,12/19/2019
Zinnik,Ruddy,Mannelijk,12/24/2019
Oostende,Christopher,Mannelijk,12/26/2019
Bergen,Dimitrios,Mannelijk,12/25/2019
Merchtem,Samuel,Mannelijk,12/16/2019
Zwalm,Gerda,Vrouwelijk,12/31/2019
Namen,Dominique,Vrouwelijk,12/29/2019
Peer,Marc,Mannelijk,12/14/2019
Aalst (Aalst),Nore,Vrouwelijk,12/31/2019
Leuven,Willy,Mannelijk,12/30/2019
Izegem,Willem,Mannelijk,12/24/2019
Pelt,Anita,Vrouwelijk,12/22/2019
Antwerpen,Michael,Mannelijk,12/12/2019
Ottignies-Louvain-la-Neuve,Amel,Vrouwelijk,12/31/2019
Doornik,Noah,Mannelijk,12/19/2019
Luik,Yassine,Mannelijk,12/26/2019
Antwerpen,Yousra,Vrouwelijk,12/24/2019
Elsene,Tania,Vrouwelijk,12/12/2019
Maaseik,Margaretha,Vrouwelijk,01/07/2020
Dendermonde,Lutgarde,Vrouwelijk,12/28/2019
Watermaal-Bosvoorde,Martin,Mannelijk,12/24/2019
Kruibeke,Christoph,Mannelijk,12/31/2019
Evere,Souad,Vrouwelijk,12/23/2019
Sint-Lambrechts-Woluwe,Simone,Vrouwelijk,01/09/2020
Antwerpen,Hayat,Vrouwelijk,12/20/2019
Antwerpen,Navya,Vrouwelijk,01/14/2020
Jemeppe-sur-Sambre,Martin,Mannelijk,12/18/2019
Eeklo,Sara,Vrouwelijk,12/23/2019
Moeskroen,Anne-Sophie,Vrouwelijk,12/14/2019
Antwerpen,Stefanie,Vrouwelijk,12/18/2019
Kaprijke,Lien,Vrouwelijk,12/29/2019
Sambreville,Vito,Mannelijk,12/31/2019
Geraardsbergen,Christiane,Vrouwelijk,12/29/2019
Antwerpen,Lena,Vrouwelijk,12/12/2019
Aiseau-Presles,Eric,Mannelijk,12/29/2019
Charleroi,Simon,Mannelijk,12/21/2019
Mechelen,Philippe,Mannelijk,12/21/2019
Heist-op-den-Berg,Joeri,Mannelijk,01/22/2020
Courcelles,Suzanne,Vrouwelijk,01/03/2020
Lebbeke,Jean,Mannelijk,12/29/2019
Dendermonde,Steven,Mannelijk,12/28/2019
Lasne,Didier,Mannelijk,12/21/2019
Merelbeke,Raymond,Mannelijk,12/23/2019
Brugge,Caroline,Vrouwelijk,12/30/2019
Hasselt,Sarah,Vrouwelijk,12/22/2019
