gemeente,naam,geslacht,verwachte datum
Ichtegem,Annie,Vrouwelijk,10/17/2019
Brugge,Dorine,Vrouwelijk,10/06/2019
Vilvoorde,Diana,Vrouwelijk,10/11/2019
Tervuren,Marie-Rose,Vrouwelijk,10/12/2019
Quaregnon,Jocelyne,Vrouwelijk,09/28/2019
Lokeren,Sabine,Vrouwelijk,10/13/2019
Durbuy,Eline,Vrouwelijk,10/21/2019
Tremelo,Amber,Vrouwelijk,10/10/2019
Bonheiden,Willy,Mannelijk,10/07/2019
Ans,Sylvie,Vrouwelijk,10/14/2019
Ternat,Christiaan,Mannelijk,10/12/2019
Rebecq,Delphine,Vrouwelijk,10/02/2019
Beveren (Sint-Niklaas),Kelsey,Vrouwelijk,10/02/2019
Colfontaine,Brigitte,Vrouwelijk,10/02/2019
Sint-Pieters-Leeuw,Nour,Vrouwelijk,10/14/2019
Moeskroen,Andrée,Vrouwelijk,10/10/2019
Eigenbrakel,Nicole,Vrouwelijk,10/03/2019
Frameries,Dany,Mannelijk,10/07/2019
Sint-Jans-Molenbeek,Tony,Mannelijk,10/22/2019
Marche-en-Famenne,Hélène,Vrouwelijk,10/08/2019
Lommel,Guido,Mannelijk,10/09/2019
Herve,Jeannine,Vrouwelijk,10/26/2019
Verviers,Ayse,Vrouwelijk,10/31/2019
Retie,Julie,Vrouwelijk,10/09/2019
Sint-Jans-Molenbeek,Michele,Mannelijk,10/08/2019
Gent,Arya,Vrouwelijk,10/12/2019
Antwerpen,Safia,Vrouwelijk,10/06/2019
Halle (Halle-Vilvoorde),Marc,Mannelijk,10/13/2019
Charleroi,Aymen,Mannelijk,10/06/2019
Jemeppe-sur-Sambre,Alexandra,Vrouwelijk,10/07/2019
Huldenberg,Manon,Vrouwelijk,10/11/2019
La Louvière,Claude,Mannelijk,10/04/2019
Gent,Cyril,Mannelijk,10/06/2019
Ukkel,Marie-Anne,Vrouwelijk,10/14/2019
Menen,Magda,Vrouwelijk,09/29/2019
Dinant,Micheline,Vrouwelijk,10/26/2019
Zedelgem,Ellen,Vrouwelijk,10/05/2019
Gent,André,Mannelijk,10/19/2019
Weismes,Elisabeth,Vrouwelijk,10/20/2019
Villers-la-Ville,Caroline,Vrouwelijk,10/17/2019
Hoei,Monique,Vrouwelijk,10/03/2019
’s Gravenbrakel,Lou,Vrouwelijk,09/25/2019
Ans,Sabine,Vrouwelijk,10/17/2019
De Pinte,Peter,Mannelijk,09/29/2019
Antwerpen,Robine,Vrouwelijk,10/06/2019
Zinnik,Manuel,Mannelijk,10/03/2019
Brugge,Dylan,Mannelijk,10/03/2019
Antwerpen,Julieta,Vrouwelijk,10/01/2019
Welkenraedt,Lisa,Vrouwelijk,09/28/2019
Anzegem,Irma,Vrouwelijk,09/28/2019
Eigenbrakel,Emily,Vrouwelijk,10/12/2019
Antwerpen,Salah,Mannelijk,09/28/2019
Evergem,Denise,Vrouwelijk,10/15/2019
Hamme (Dendermonde),Wim,Mannelijk,09/26/2019
Waver,Christine,Vrouwelijk,10/02/2019
Graven,Antoine,Mannelijk,10/08/2019
Les Bons Villers,Maurice,Mannelijk,10/09/2019
Lokeren,Linda,Vrouwelijk,10/04/2019
Koksijde,Michael,Mannelijk,10/05/2019
Aalst (Aalst),Yvette,Vrouwelijk,09/28/2019
Maldegem,Brecht,Mannelijk,10/10/2019
Anderlecht,Saliha,Vrouwelijk,10/08/2019
Graven,Hélène,Vrouwelijk,09/29/2019
Binche,Wendy,Vrouwelijk,10/05/2019
Lede,Hubert,Mannelijk,10/06/2019
Zedelgem,Elke,Vrouwelijk,10/08/2019
Boussu,Romuald,Mannelijk,10/05/2019
Sint-Pieters-Woluwe,Yasmina,Vrouwelijk,10/15/2019
Namen,Marion,Vrouwelijk,10/13/2019
Antwerpen,Julienne,Vrouwelijk,09/25/2019
Chimay,Louise,Vrouwelijk,10/15/2019
Boom,Luc,Mannelijk,10/05/2019
Olen,Joanna,Vrouwelijk,09/28/2019
Ecaussinnes,Monique,Vrouwelijk,10/10/2019
Maldegem,Dirk,Mannelijk,10/05/2019
Wommelgem,Maria,Vrouwelijk,10/01/2019
Nijvel,Catherine,Vrouwelijk,10/05/2019
Heers,Mariette,Vrouwelijk,10/03/2019
Ranst,Sanne,Vrouwelijk,10/03/2019
Lessen,Nicolas,Mannelijk,10/07/2019
Staden,Alexander,Mannelijk,10/06/2019
Laarne,Filip,Mannelijk,10/05/2019
Machelen (Halle-Vilvoorde),Ellen,Vrouwelijk,10/13/2019
Vorst (Brussel-Hoofdstad),Aïssatou,Vrouwelijk,10/13/2019
Brussel,Hafid,Mannelijk,10/04/2019
Waasmunster,Karel,Mannelijk,10/25/2019
Antwerpen,Maria,Vrouwelijk,10/14/2019
Sint-Genesius-Rode,Aurélien,Mannelijk,09/25/2019
Namen,Nicole,Vrouwelijk,10/06/2019
Zonnebeke,Magda,Vrouwelijk,10/14/2019
Sint-Genesius-Rode,Ariane,Vrouwelijk,10/23/2019
Leuven,Joeri,Mannelijk,10/12/2019
Mortsel,Davy,Mannelijk,10/10/2019
Bergen,Frédérique,Vrouwelijk,10/09/2019
Zwevegem,Kenneth,Mannelijk,09/26/2019
Ichtegem,Joris,Mannelijk,10/04/2019
Dison,Magali,Vrouwelijk,10/08/2019
Westerlo,Viviane,Vrouwelijk,09/26/2019
Vilvoorde,Souad,Vrouwelijk,10/08/2019
Graven,Raymond,Mannelijk,10/25/2019
Charleroi,Alice,Vrouwelijk,09/29/2019
Beringen,Gilbert,Mannelijk,10/04/2019
Ganshoren,Vincenzo,Mannelijk,09/25/2019
Geraardsbergen,Toon,Mannelijk,10/07/2019
Oostende,Nick,Mannelijk,10/15/2019
Ieper,Robert,Mannelijk,10/08/2019
Oupeye,Nadine,Vrouwelijk,10/05/2019
Zwevegem,Jeanine,Vrouwelijk,10/08/2019
Roeselare,Kim,Vrouwelijk,10/14/2019
Sint-Gillis-Waas,Urbain,Mannelijk,09/29/2019
Berlaar,Kenny,Mannelijk,10/07/2019
Ieper,Veerle,Vrouwelijk,10/08/2019
Lint,Marianne,Vrouwelijk,10/14/2019
Bierbeek,Patrick,Mannelijk,09/27/2019
Gent,Tom,Mannelijk,09/30/2019
Hasselt,Hugo,Mannelijk,09/25/2019
Sint-Jans-Molenbeek,Wassim,Mannelijk,10/21/2019
Nieuwerkerken (Hasselt),Andy,Mannelijk,10/05/2019
Aat,Stéphanie,Vrouwelijk,10/04/2019
Bergen,Micheline,Vrouwelijk,10/07/2019
Antwerpen,Els,Vrouwelijk,10/03/2019
Charleroi,Julia,Vrouwelijk,10/12/2019
Ledegem,Conny,Vrouwelijk,10/24/2019
Waterloo,Camille,Vrouwelijk,10/11/2019
Namen,Antoine,Mannelijk,10/08/2019
Eigenbrakel,Mireille,Vrouwelijk,10/11/2019
Maaseik,Gilles,Mannelijk,10/13/2019
Sint-Pieters-Leeuw,Jo,Mannelijk,10/13/2019
Fernelmont,Lisa,Vrouwelijk,10/19/2019
Antwerpen,Yves,Mannelijk,10/20/2019
Amay,Julien,Mannelijk,10/05/2019
Kortrijk,Maud,Vrouwelijk,09/28/2019
Oostende,Liliane,Vrouwelijk,10/09/2019
Asse,Gertjan,Mannelijk,11/10/2019
Pont-à-Celles,Arthur,Mannelijk,10/08/2019
Mechelen,Siegfried,Mannelijk,10/01/2019
Torhout,Britt,Vrouwelijk,10/14/2019
Moeskroen,Jacques,Mannelijk,10/09/2019
Ottignies-Louvain-la-Neuve,Arnaud,Mannelijk,10/10/2019
Ecaussinnes,Maria,Vrouwelijk,10/04/2019
Heusden-Zolder,Femke,Vrouwelijk,09/27/2019
Elsene,Andrea,Mannelijk,10/05/2019
Zulte,Bart,Mannelijk,10/07/2019
Welkenraedt,Alfred,Mannelijk,10/02/2019
Sint-Jans-Molenbeek,Stéphane,Mannelijk,10/27/2019
Tongeren,Eric,Mannelijk,10/05/2019
Walcourt,Marianne,Vrouwelijk,09/25/2019
Hoogstraten,An,Vrouwelijk,10/07/2019
Doornik,Claire,Vrouwelijk,10/18/2019
Sint-Jans-Molenbeek,Yahya,Mannelijk,10/17/2019
Quaregnon,Calogero,Mannelijk,10/04/2019
Genk,Anouk,Vrouwelijk,09/25/2019
Elsene,Florian,Mannelijk,10/13/2019
Stabroek,Christophe,Mannelijk,10/12/2019
Linter,Jean,Mannelijk,10/13/2019
Rixensart,Anne,Vrouwelijk,10/03/2019
Charleroi,Mariam,Vrouwelijk,10/04/2019
Aarlen,Anthony,Mannelijk,10/07/2019
Hoeilaart,Jenny,Vrouwelijk,10/09/2019
Lokeren,Amélie,Vrouwelijk,10/20/2019
Schaarbeek,Jozef,Mannelijk,09/28/2019
Heusden-Zolder,Davy,Mannelijk,10/06/2019
Sint-Joost-ten-Node,Samir,Mannelijk,11/10/2019
Leuven,Stephane,Mannelijk,10/04/2019
Luik,Adrien,Mannelijk,10/20/2019
Rotselaar,Daan,Mannelijk,10/08/2019
Oosterzele,Marie,Vrouwelijk,10/07/2019
Pelt,Antonius,Mannelijk,10/18/2019
Herentals,Bert,Mannelijk,10/04/2019
Hamme (Dendermonde),Filip,Mannelijk,10/09/2019
Eghezée,Louis,Mannelijk,10/06/2019
Antwerpen,Kristel,Vrouwelijk,10/13/2019
Sint-Martens-Latem,Hugo,Mannelijk,10/08/2019
Stekene,Dirk,Mannelijk,10/03/2019
Jurbeke,Brigitte,Vrouwelijk,10/06/2019
Wevelgem,Stijn,Mannelijk,10/05/2019
Sint-Katelijne-Waver,Jessica,Vrouwelijk,10/03/2019
Menen,Dorine,Vrouwelijk,10/05/2019
Mol,Edward,Mannelijk,10/08/2019
Nijvel,Yassine,Mannelijk,09/29/2019
Borsbeek,Filip,Mannelijk,10/24/2019
Lievegem,Rita,Vrouwelijk,10/12/2019
Geraardsbergen,Ruben,Mannelijk,10/11/2019
Ans,Isabelle,Vrouwelijk,10/13/2019
Mechelen,August,Mannelijk,09/28/2019
Lille,Josepha,Vrouwelijk,10/06/2019
Etterbeek,Kai,Mannelijk,10/01/2019
Jemeppe-sur-Sambre,Yvonne,Vrouwelijk,10/07/2019
Leuven,Daan,Mannelijk,10/12/2019
Gent,Eden,Mannelijk,09/30/2019
Saint-Georges-sur-Meuse,Maëlle,Vrouwelijk,09/27/2019
Oudsbergen,Tijs,Mannelijk,10/28/2019
Koekelberg,Fatima,Vrouwelijk,10/15/2019
Geel,Els,Vrouwelijk,10/10/2019
Marchin,Romain,Mannelijk,10/05/2019
Antwerpen,Saida,Vrouwelijk,10/08/2019
Wommelgem,Philippe,Mannelijk,10/04/2019
Herselt,Hanne,Vrouwelijk,10/02/2019
Lasne,Gaspard,Mannelijk,10/06/2019
Ukkel,Julien,Mannelijk,10/03/2019
Waterloo,Alessia,Vrouwelijk,10/27/2019
Charleroi,Fatima,Vrouwelijk,10/08/2019
Durbuy,Fanny,Vrouwelijk,10/06/2019
Waregem,Philippe,Mannelijk,10/09/2019
Brasschaat,Michel,Mannelijk,10/01/2019
Lummen,Katleen,Vrouwelijk,10/11/2019
Wezembeek-Oppem,Justine,Vrouwelijk,11/17/2019
Mortsel,Katia,Vrouwelijk,10/14/2019
Nandrin,Céline,Vrouwelijk,10/02/2019
Dilsen-Stokkem,Eva,Vrouwelijk,10/05/2019
Seraing,Nina,Vrouwelijk,10/02/2019
Staden,Joyce,Vrouwelijk,10/02/2019
Oupeye,Eva,Vrouwelijk,10/14/2019
Hechtel-Eksel,Ismail,Mannelijk,09/28/2019
Lokeren,Loes,Vrouwelijk,09/30/2019
Charleroi,Lily,Vrouwelijk,10/02/2019
Ieper,Nadine,Vrouwelijk,10/06/2019
Linkebeek,Samuel,Mannelijk,10/29/2019
Nassogne,Alain,Mannelijk,10/21/2019
Antwerpen,Viktor,Mannelijk,10/02/2019
Luik,Lidia,Vrouwelijk,10/06/2019
Evergem,Pieter,Mannelijk,10/05/2019
Doische,Philippe,Mannelijk,10/03/2019
Antwerpen,Quinten,Mannelijk,10/03/2019
Eghezée,Olivier,Mannelijk,10/15/2019
Aarlen,Maurice,Mannelijk,10/05/2019
Kinrooi,Leo,Mannelijk,10/06/2019
Ukkel,Ann,Vrouwelijk,10/21/2019
Kuurne,Femke,Vrouwelijk,09/27/2019
Namen,Naxhije,Vrouwelijk,09/26/2019
Wetteren,Peter,Mannelijk,10/09/2019
Hamme (Dendermonde),Johny,Mannelijk,10/07/2019
Aubange,Giulia,Vrouwelijk,10/05/2019
Jette,Leila,Vrouwelijk,10/05/2019
Morlanwelz,Lucas,Mannelijk,10/04/2019
Merelbeke,Maxine,Vrouwelijk,10/19/2019
Fontaine-l’Evêque,Claudette,Vrouwelijk,10/08/2019
Gent,Sanne,Mannelijk,10/02/2019
Seraing,Dominique,Vrouwelijk,10/03/2019
Linkebeek,Eric,Mannelijk,10/15/2019
Saint-Nicolas (Luik),Pierre,Mannelijk,09/28/2019
Schaarbeek,Fernando,Mannelijk,11/09/2019
Gent,Mylène,Vrouwelijk,10/09/2019
Hulshout,Griet,Vrouwelijk,10/04/2019
’s Gravenbrakel,Alejandro,Mannelijk,10/03/2019
Waver,Lily,Vrouwelijk,10/06/2019
Luik,Geneviève,Vrouwelijk,10/27/2019
Trooz,René,Mannelijk,10/03/2019
Dison,Mohamed,Mannelijk,10/01/2019
Merbes-le-Château,Lisa,Vrouwelijk,10/13/2019
Oupeye,Nicolas,Mannelijk,09/27/2019
Graven,Thomas,Mannelijk,10/28/2019
Perwijs (Nijvel),Henri,Mannelijk,10/15/2019
Houthalen-Helchteren,Kaat,Vrouwelijk,10/02/2019
Heusden-Zolder,Recep,Mannelijk,09/29/2019
Courcelles,Barbara,Vrouwelijk,10/22/2019
Roeselare,Marijke,Vrouwelijk,10/09/2019
Geel,Nancy,Vrouwelijk,09/27/2019
Sambreville,Jean-Christophe,Mannelijk,10/06/2019
Huldenberg,Sofie,Vrouwelijk,10/06/2019
Gent,Magda,Vrouwelijk,09/26/2019
Lier,Jules,Mannelijk,10/03/2019
Ninove,Jan,Mannelijk,09/30/2019
Lommel,Ferdinand,Mannelijk,10/12/2019
Juprelle,Anne,Vrouwelijk,10/13/2019
Merchtem,Stefan,Mannelijk,10/02/2019
Anderlecht,Mevlüt,Mannelijk,10/07/2019
Moeskroen,Emma,Vrouwelijk,10/15/2019
Leuven,Julien,Mannelijk,10/10/2019
Sint-Martens-Latem,Diana,Vrouwelijk,10/07/2019
Sint-Truiden,Magda,Vrouwelijk,09/28/2019
Asse,Nathalie,Vrouwelijk,10/06/2019
Lievegem,Rosa,Vrouwelijk,10/03/2019
Sint-Niklaas (Sint-Niklaas),Emilie,Vrouwelijk,10/24/2019
Kontich,Georgette,Vrouwelijk,09/29/2019
Kruibeke,Erik,Mannelijk,09/30/2019
Brussel,Joseph,Mannelijk,10/06/2019
Antwerpen,Nouha,Vrouwelijk,10/02/2019
Antwerpen,Irène,Vrouwelijk,10/15/2019
Denderleeuw,Emma,Vrouwelijk,10/15/2019
Anhée,Mireille,Vrouwelijk,09/26/2019
Tongeren,Roland,Mannelijk,10/02/2019
Erpe-Mere,Herman,Mannelijk,10/13/2019
Borgloon,Patrick,Mannelijk,10/02/2019
Grobbendonk,Peggy,Vrouwelijk,10/09/2019
Antwerpen,Ronald,Mannelijk,09/27/2019
Gembloux,Joseph,Mannelijk,09/30/2019
Opwijk,Jozef,Mannelijk,10/02/2019
Herne,Dominique,Vrouwelijk,09/28/2019
Nijlen,Carmen,Vrouwelijk,11/01/2019
Léglise,Aline,Vrouwelijk,10/13/2019
Hemiksem,Kelly,Vrouwelijk,10/09/2019
Bitsingen,Océane,Vrouwelijk,10/04/2019
Ronse,Tibo,Mannelijk,10/15/2019
Wezembeek-Oppem,Audrey,Vrouwelijk,10/08/2019
Halle (Halle-Vilvoorde),Cathy,Vrouwelijk,10/13/2019
Sint-Pieters-Woluwe,Joséphine,Vrouwelijk,10/28/2019
Fosses-la-Ville,Mattéo,Mannelijk,10/12/2019
Puurs-Sint-Amands,Anna,Vrouwelijk,09/30/2019
Antwerpen,Romain,Mannelijk,09/29/2019
Tongeren,Rebecca,Vrouwelijk,10/20/2019
Sprimont,Soline,Vrouwelijk,10/15/2019
Middelkerke,Charlotte,Vrouwelijk,09/30/2019
Nieuwerkerken (Hasselt),Dany,Mannelijk,10/14/2019
Putte,Patricia,Vrouwelijk,10/02/2019
Heusden-Zolder,Christina,Vrouwelijk,10/14/2019
Luik,Marthe,Vrouwelijk,10/06/2019
Riemst,Jurgen,Mannelijk,10/15/2019
Herent,Ilse,Vrouwelijk,10/11/2019
Brugge,Henri,Mannelijk,10/07/2019
Sivry-Rance,Florian,Mannelijk,10/14/2019
Luik,Simon,Mannelijk,10/05/2019
Wingene,Lies,Vrouwelijk,10/10/2019
Antwerpen,Carolus,Mannelijk,10/15/2019
Rumes,Benjamin,Mannelijk,09/25/2019
Sint-Truiden,Alice,Vrouwelijk,10/04/2019
Antwerpen,Damla,Vrouwelijk,09/27/2019
Gooik,Jos,Mannelijk,10/11/2019
Namen,Edouard,Mannelijk,10/09/2019
Antwerpen,Nicolaas,Mannelijk,09/27/2019
Kalmthout,Wannes,Mannelijk,10/02/2019
Antwerpen,Denise,Vrouwelijk,10/05/2019
Elsene,Fatiha,Vrouwelijk,09/26/2019
Antwerpen,Johan,Mannelijk,10/03/2019
Hasselt,Tine,Vrouwelijk,10/02/2019
Middelkerke,Nicolas,Mannelijk,09/30/2019
Ham,Monique,Vrouwelijk,10/23/2019
Antwerpen,Carina,Vrouwelijk,10/04/2019
Bergen,Sylvie,Vrouwelijk,10/02/2019
Oostkamp,Dieter,Mannelijk,11/17/2019
Ottignies-Louvain-la-Neuve,Hubert,Mannelijk,10/10/2019
Gent,Victor,Mannelijk,10/13/2019
Oudenaarde,Sammy,Mannelijk,10/06/2019
Libramont-Chevigny,Lucas,Mannelijk,09/27/2019
Anderlecht,Luz,Vrouwelijk,10/03/2019
Jette,Abdelkader,Mannelijk,10/13/2019
Mettet,René,Mannelijk,10/04/2019
Waasmunster,Marianne,Vrouwelijk,10/01/2019
Grobbendonk,Glenn,Mannelijk,10/03/2019
Wezet,Roland,Mannelijk,09/25/2019
Hamois,Odile,Vrouwelijk,10/15/2019
Aalter,Tuur,Mannelijk,10/11/2019
Gent,Patrick,Mannelijk,09/26/2019
