gemeente,naam,geslacht,verwachte datum
Haaltert,Conny,Vrouwelijk,03/07/2019
Ninove,Jan,Mannelijk,02/23/2019
Diest,Karina,Vrouwelijk,02/26/2019
Péruwelz,Quentin,Mannelijk,03/03/2019
Aalst (Aalst),Idris,Mannelijk,02/23/2019
Elsene,Victor,Mannelijk,03/02/2019
Keerbergen,Nadine,Vrouwelijk,03/04/2019
Tienen,Wout,Mannelijk,03/07/2019
Gent,Ben,Mannelijk,03/04/2019
Yvoir,Henri,Mannelijk,02/19/2019
Sint-Niklaas (Sint-Niklaas),Jonas,Mannelijk,03/05/2019
Sint-Niklaas (Sint-Niklaas),Frank,Mannelijk,03/03/2019
Aalst (Aalst),Erna,Vrouwelijk,03/04/2019
Tienen,Rudolf,Mannelijk,03/03/2019
Dilbeek,Ine,Vrouwelijk,02/27/2019
Ukkel,Juliette,Vrouwelijk,02/25/2019
Menen,Stéphan,Mannelijk,02/20/2019
Aarlen,Alain,Mannelijk,03/07/2019
Anzegem,Wilfried,Mannelijk,03/14/2019
Luik,Tommy,Mannelijk,03/05/2019
Charleroi,Martine,Vrouwelijk,03/08/2019
Geraardsbergen,Marleen,Vrouwelijk,03/29/2019
Profondeville,Juliette,Vrouwelijk,03/05/2019
Balen,Björn,Mannelijk,02/23/2019
Kortessem,Stef,Mannelijk,02/26/2019
Tessenderlo,Sven,Mannelijk,02/25/2019
Bergen,Gérard,Mannelijk,03/06/2019
Oupeye,Jocelyne,Vrouwelijk,03/02/2019
Gent,Oliver,Mannelijk,03/05/2019
Hoogstraten,Luc,Mannelijk,03/02/2019
Namen,Nicolas,Mannelijk,02/22/2019
Oupeye,Luca,Mannelijk,02/23/2019
Oostende,Ilse,Vrouwelijk,03/02/2019
Menen,Monique,Vrouwelijk,04/12/2019
Mechelen,Kevin,Mannelijk,03/07/2019
Overijse,Christina,Vrouwelijk,03/09/2019
Ingelmunster,Gino,Mannelijk,02/20/2019
Zinnik,Eliane,Vrouwelijk,02/25/2019
Rijkevorsel,Martha,Vrouwelijk,02/28/2019
Nijvel,Noa,Mannelijk,03/10/2019
Aalter,Eddy,Mannelijk,03/12/2019
Sint-Truiden,Kurt,Mannelijk,02/22/2019
Edegem,Walter,Mannelijk,03/01/2019
Oudsbergen,Jurgen,Mannelijk,03/05/2019
Plombières,Laura,Vrouwelijk,02/27/2019
Rumst,David,Mannelijk,02/24/2019
Tongeren,Sandy,Vrouwelijk,02/23/2019
Oostrozebeke,Patrick,Mannelijk,02/26/2019
Beloeil,Nathan,Mannelijk,03/05/2019
Vorst (Brussel-Hoofdstad),Alicia,Vrouwelijk,03/02/2019
Waterloo,Antoine,Mannelijk,02/27/2019
Mettet,Joëlle,Vrouwelijk,03/14/2019
Destelbergen,Maria,Vrouwelijk,03/04/2019
Oud-Turnhout,Anna,Vrouwelijk,02/22/2019
Hasselt,Sara,Vrouwelijk,02/28/2019
Antwerpen,Nicky,Mannelijk,02/28/2019
Nijlen,Marie,Vrouwelijk,03/10/2019
Leuven,David,Mannelijk,02/22/2019
Etterbeek,Philippe,Mannelijk,02/24/2019
Zaventem,Adam,Mannelijk,02/24/2019
Merksplas,Dirk,Mannelijk,02/16/2019
Lanaken,Milan,Mannelijk,02/17/2019
Waterloo,Jean,Mannelijk,03/16/2019
Lommel,Daan,Mannelijk,02/17/2019
Waasmunster,Eddy,Mannelijk,03/16/2019
Châtelet,Nunzio,Mannelijk,03/02/2019
La Louvière,Frédérique,Vrouwelijk,04/11/2019
Beernem,Kathleen,Vrouwelijk,03/19/2019
Sankt Vith,Mathilde,Vrouwelijk,02/26/2019
Zulte,Ine,Vrouwelijk,02/20/2019
Heusden-Zolder,Rita,Vrouwelijk,03/14/2019
Brecht,Steven,Mannelijk,03/06/2019
Sint-Agatha-Berchem,Farid,Mannelijk,03/08/2019
Waver,Manon,Vrouwelijk,02/23/2019
Evere,Nuri,Mannelijk,02/20/2019
Boussu,Youssef,Mannelijk,02/28/2019
Zottegem,Robbe,Mannelijk,03/02/2019
Alken,Jan,Mannelijk,03/06/2019
Namen,Murielle,Vrouwelijk,03/02/2019
Aubange,Jonathan,Mannelijk,02/22/2019
Ruiselede,Ann,Vrouwelijk,04/04/2019
Jabbeke,Els,Vrouwelijk,02/24/2019
Brussel,Hilda,Vrouwelijk,02/17/2019
Etterbeek,Claudine,Vrouwelijk,02/25/2019
Florenville,Cédric,Mannelijk,02/24/2019
Evere,Patrick,Mannelijk,03/03/2019
Waver,Frédéric,Mannelijk,03/01/2019
Sprimont,Pauline,Vrouwelijk,03/19/2019
Verviers,Serge,Mannelijk,02/16/2019
Morlanwelz,Jean-Marc,Mannelijk,02/28/2019
Moeskroen,Jacqueline,Vrouwelijk,03/07/2019
Gent,Ellis,Vrouwelijk,02/21/2019
Eeklo,Hans,Mannelijk,04/02/2019
Etterbeek,Emmanuel,Mannelijk,03/07/2019
Eigenbrakel,Jeannine,Vrouwelijk,02/19/2019
Gent,Patrick,Mannelijk,03/01/2019
Amay,Marie,Vrouwelijk,02/27/2019
Antwerpen,Dirk,Mannelijk,02/17/2019
Hasselt,Sabina,Vrouwelijk,03/09/2019
Hoogstraten,Jef,Mannelijk,03/07/2019
Wuustwezel,Lydia,Vrouwelijk,02/28/2019
Brakel,Ann,Vrouwelijk,02/26/2019
Grimbergen,Pascale,Vrouwelijk,02/23/2019
Lille,Wim,Mannelijk,02/21/2019
Herentals,Ann,Vrouwelijk,03/01/2019
Fléron,Enzo,Mannelijk,02/24/2019
Brussel,Adam,Mannelijk,03/01/2019
Seneffe,Sébastien,Mannelijk,04/14/2019
Flémalle,Pietro,Mannelijk,02/24/2019
Waregem,Kathleen,Vrouwelijk,02/21/2019
Gembloux,Antoine,Mannelijk,02/25/2019
Lommel,Dirk,Mannelijk,02/26/2019
Sivry-Rance,Michel,Mannelijk,03/01/2019
Veurne,Nick,Mannelijk,02/19/2019
Hasselt,Rosalie,Vrouwelijk,02/27/2019
Merbes-le-Château,Bernard,Mannelijk,03/10/2019
Geraardsbergen,Nancy,Vrouwelijk,02/28/2019
Meix-devant-Virton,Valérie,Vrouwelijk,03/20/2019
Ternat,Yolande,Vrouwelijk,02/16/2019
Fleurus,Maria,Vrouwelijk,02/24/2019
Sint-Gillis,George,Mannelijk,02/24/2019
Ottignies-Louvain-la-Neuve,Nathalie,Vrouwelijk,02/27/2019
Kortrijk,Dirk,Mannelijk,02/27/2019
Londerzeel,Guido,Mannelijk,02/17/2019
Deinze,Nico,Mannelijk,03/03/2019
Borgloon,Aline,Vrouwelijk,03/14/2019
Elsene,Caroline,Vrouwelijk,02/27/2019
Ieper,Ludwig,Mannelijk,02/18/2019
Beveren (Sint-Niklaas),Kris,Mannelijk,03/18/2019
Brussel,Christel,Vrouwelijk,02/21/2019
Sint-Gillis,José,Mannelijk,03/07/2019
Sint-Truiden,Gert,Mannelijk,02/24/2019
Brugge,Patrick,Mannelijk,03/04/2019
Anderlecht,Manuel,Mannelijk,03/14/2019
Berloz,Florine,Vrouwelijk,03/12/2019
Niel,Ludovicus,Mannelijk,02/16/2019
Clavier,Louise,Vrouwelijk,02/18/2019
Lommel,Julie,Vrouwelijk,03/10/2019
Oosterzele,Cecile,Vrouwelijk,02/28/2019
Brugge,Sara,Vrouwelijk,03/06/2019
Soumagne,David,Mannelijk,03/05/2019
Anderlecht,Bassma,Vrouwelijk,03/03/2019
Anderlecht,Hugues,Mannelijk,02/28/2019
Tessenderlo,Sara,Vrouwelijk,02/27/2019
Edegem,Germaine,Vrouwelijk,03/03/2019
Geel,Fatiha,Vrouwelijk,03/08/2019
Puurs-Sint-Amands,Nancy,Vrouwelijk,03/06/2019
Namen,Anthony,Mannelijk,02/23/2019
Lier,Martine,Vrouwelijk,03/16/2019
Sint-Gillis-Waas,Filip,Mannelijk,02/23/2019
Mol,Bram,Mannelijk,03/08/2019
Koksijde,Roger,Mannelijk,03/08/2019
Charleroi,Manon,Vrouwelijk,03/03/2019
Charleroi,Emile,Mannelijk,02/16/2019
Theux,Zoé,Vrouwelijk,02/24/2019
Duffel,Kenneth,Mannelijk,03/04/2019
Zedelgem,Tom,Mannelijk,03/07/2019
Brussel,Mustapha,Mannelijk,04/20/2019
Oostrozebeke,Noor,Vrouwelijk,02/20/2019
Buggenhout,Jos,Mannelijk,03/05/2019
Roeselare,Guillaume,Mannelijk,02/18/2019
Tubeke,Vinciane,Vrouwelijk,02/18/2019
Binche,Emy,Vrouwelijk,02/21/2019
Deinze,Lisa,Vrouwelijk,02/19/2019
Oudenburg,Daniel,Mannelijk,02/28/2019
Aalst (Aalst),Anny,Vrouwelijk,02/16/2019
Knokke-Heist,Hilda,Vrouwelijk,02/28/2019
Hastière,Emile,Mannelijk,03/21/2019
Poperinge,Amber,Vrouwelijk,02/21/2019
Lierneux,Grégory,Mannelijk,03/05/2019
Jemeppe-sur-Sambre,Laurence,Vrouwelijk,03/09/2019
Puurs-Sint-Amands,Vincent,Mannelijk,03/06/2019
Sint-Lambrechts-Woluwe,Jacqueline,Vrouwelijk,03/14/2019
La Louvière,Matthieu,Mannelijk,02/28/2019
Beveren (Sint-Niklaas),Rafaël,Mannelijk,03/01/2019
Brecht,Silke,Vrouwelijk,02/27/2019
Elsene,Michelle,Vrouwelijk,02/26/2019
Vorst (Brussel-Hoofdstad),Marion,Vrouwelijk,03/02/2019
Vorst (Brussel-Hoofdstad),Walid,Mannelijk,02/19/2019
Hamoir,René,Mannelijk,02/23/2019
Messancy,Maria,Vrouwelijk,02/24/2019
Geel,Lotte,Vrouwelijk,02/23/2019
Beveren (Sint-Niklaas),Hannelore,Vrouwelijk,03/13/2019
Waregem,Els,Vrouwelijk,04/06/2019
Kapellen (Antwerpen),Patrick,Mannelijk,02/23/2019
Brussel,Philippe,Mannelijk,02/23/2019
Tielt (Tielt),Marleen,Vrouwelijk,03/19/2019
Sint-Laureins,Robbe,Mannelijk,02/26/2019
Houthalen-Helchteren,Nicole,Vrouwelijk,03/16/2019
Asse,Ilse,Vrouwelijk,02/24/2019
Zottegem,Christel,Vrouwelijk,03/19/2019
Leuven,Julius,Mannelijk,02/24/2019
Antwerpen,Eliana,Vrouwelijk,02/26/2019
Brugge,Cécile,Vrouwelijk,02/21/2019
Oudergem,Béatrice,Vrouwelijk,03/19/2019
Brussel,Zakaria,Mannelijk,02/25/2019
Antwerpen,Pierre,Mannelijk,03/04/2019
Sint-Jans-Molenbeek,Mohammed,Mannelijk,03/07/2019
Merelbeke,Linda,Vrouwelijk,02/20/2019
Wevelgem,Dries,Mannelijk,02/20/2019
Chaumont-Gistoux,Paul,Mannelijk,03/01/2019
Deinze,Tatiana,Vrouwelijk,02/27/2019
Rotselaar,Noor,Vrouwelijk,03/07/2019
Westerlo,Marcel,Mannelijk,03/15/2019
Nazareth,Martine,Vrouwelijk,02/21/2019
Couvin,Daniel,Mannelijk,02/18/2019
Ieper,Frankie,Mannelijk,03/03/2019
Puurs-Sint-Amands,Yvette,Vrouwelijk,02/16/2019
Menen,Milan,Mannelijk,02/28/2019
Gesves,Frédéric,Mannelijk,02/17/2019
Gavere,Marleen,Vrouwelijk,02/24/2019
Zemst,Kelly,Vrouwelijk,03/06/2019
Fleurus,Sarah,Vrouwelijk,02/28/2019
Gent,Amir,Mannelijk,04/12/2019
Boechout,Mark,Mannelijk,02/23/2019
Namen,Joëlle,Vrouwelijk,03/07/2019
Wuustwezel,Michiel,Mannelijk,02/25/2019
Villers-la-Ville,Julien,Mannelijk,03/04/2019
Antwerpen,Merve,Vrouwelijk,02/16/2019
Chapelle-lez-Herlaimont,Margaux,Vrouwelijk,02/27/2019
Schaarbeek,Pieter,Mannelijk,02/24/2019
Grimbergen,Christian,Mannelijk,03/01/2019
De Panne,Bertha,Vrouwelijk,02/19/2019
Zoersel,Benjamin,Mannelijk,03/04/2019
Schilde,Cindy,Vrouwelijk,02/26/2019
Drogenbos,Colette,Vrouwelijk,02/18/2019
Charleroi,Marie-Paule,Vrouwelijk,03/14/2019
Charleroi,Paule,Vrouwelijk,02/19/2019
Brugge,Joni,Vrouwelijk,02/28/2019
Moeskroen,Nadine,Vrouwelijk,03/03/2019
Torhout,Benjamin,Mannelijk,03/08/2019
Zwevegem,Lorenzo,Mannelijk,03/02/2019
Jabbeke,Tim,Mannelijk,02/25/2019
Fleurus,Eliane,Vrouwelijk,04/23/2019
Anzegem,Lucas,Mannelijk,03/02/2019
Bilzen,Kevin,Mannelijk,02/23/2019
Geel,Joanna,Vrouwelijk,02/24/2019
Vielsalm,Kevin,Mannelijk,03/01/2019
Diest,Chantal,Vrouwelijk,03/01/2019
Bierbeek,Ingrid,Vrouwelijk,02/21/2019
Schaarbeek,Georgette,Vrouwelijk,02/24/2019
Bree,Marc,Mannelijk,03/03/2019
Ukkel,Pascale,Vrouwelijk,02/17/2019
Schaarbeek,Milo,Mannelijk,04/10/2019
Avelgem,Lien,Vrouwelijk,03/19/2019
Haacht,Jules,Mannelijk,04/10/2019
Aalter,Jacqueline,Vrouwelijk,03/03/2019
Namen,Laure,Vrouwelijk,03/09/2019
Geel,Wim,Mannelijk,02/27/2019
Kinrooi,Marc,Mannelijk,03/12/2019
Lochristi,Alex,Mannelijk,02/23/2019
Lessen,Kevin,Mannelijk,03/07/2019
La Louvière,Marie-France,Vrouwelijk,03/01/2019
Flémalle,Maxime,Mannelijk,04/19/2019
Tienen,Pedro,Mannelijk,03/03/2019
Luik,Odette,Vrouwelijk,02/28/2019
Chapelle-lez-Herlaimont,Giacomo,Mannelijk,03/02/2019
Kortrijk,Saadia,Vrouwelijk,03/18/2019
Herk-de-Stad,François,Mannelijk,02/26/2019
Charleroi,Emma,Vrouwelijk,04/19/2019
Beveren (Sint-Niklaas),Laurien,Vrouwelijk,02/24/2019
Walcourt,Rose,Vrouwelijk,03/04/2019
Charleroi,Christian,Mannelijk,02/23/2019
Eghezée,Noah,Mannelijk,03/03/2019
Donceel,Valérie,Vrouwelijk,02/18/2019
Zedelgem,Stijn,Mannelijk,02/26/2019
Schaarbeek,Alain,Mannelijk,02/23/2019
Habay,Geoffroy,Mannelijk,02/27/2019
Antwerpen,François,Mannelijk,03/04/2019
Leuven,Pascal,Mannelijk,02/26/2019
Luik,Adam,Mannelijk,02/16/2019
Sambreville,Walid,Mannelijk,02/26/2019
Antwerpen,Ahmed,Mannelijk,02/28/2019
Vilvoorde,Maria,Vrouwelijk,02/24/2019
Sint-Truiden,Paul,Mannelijk,02/26/2019
Namen,Amal,Vrouwelijk,03/02/2019
Ramillies,Victoria,Vrouwelijk,03/21/2019
Maasmechelen,Mehmet,Mannelijk,02/26/2019
Balen,Gabriella,Vrouwelijk,03/03/2019
Wetteren,Marie,Vrouwelijk,03/07/2019
Gent,Vasileios,Mannelijk,02/23/2019
Bornem,Maria,Vrouwelijk,02/24/2019
Lessen,Patricia,Vrouwelijk,03/01/2019
Ingelmunster,Pieter,Mannelijk,02/25/2019
Zottegem,Marleen,Vrouwelijk,02/18/2019
Schaarbeek,Charlotte,Vrouwelijk,02/28/2019
Andenne,Denis,Mannelijk,02/27/2019
Meise,Pascale,Vrouwelijk,03/08/2019
Brugge,Diana,Vrouwelijk,03/03/2019
Hamme (Dendermonde),Eddy,Mannelijk,03/08/2019
Chaumont-Gistoux,Jean,Mannelijk,02/23/2019
Elsene,Ioanna,Vrouwelijk,02/28/2019
Temse,Jonas,Mannelijk,02/25/2019
La Louvière,Giuseppe,Mannelijk,03/06/2019
Meulebeke,Bruno,Mannelijk,02/16/2019
Ohey,Manon,Vrouwelijk,02/27/2019
Anderlecht,Zuzanna,Vrouwelijk,02/28/2019
Dendermonde,Christiane,Vrouwelijk,02/23/2019
Charleroi,Salvatore,Mannelijk,02/20/2019
Heist-op-den-Berg,Dirk,Mannelijk,02/27/2019
Antwerpen,Tenzin,Vrouwelijk,02/24/2019
Eeklo,Sabrina,Vrouwelijk,02/25/2019
Aarschot,Ella,Vrouwelijk,02/22/2019
Sint-Niklaas (Sint-Niklaas),Bart,Mannelijk,03/01/2019
Andenne,Julien,Mannelijk,03/02/2019
Beloeil,Thomas,Mannelijk,02/21/2019
Fontaine-l’Evêque,Farah,Vrouwelijk,03/20/2019
Wommelgem,Lien,Vrouwelijk,02/20/2019
Brecht,Nele,Vrouwelijk,02/24/2019
Antwerpen,Violeta,Vrouwelijk,03/01/2019
Meulebeke,Georges,Mannelijk,02/28/2019
Mol,An,Vrouwelijk,03/02/2019
Anderlecht,Charlotte,Vrouwelijk,03/25/2019
Lier,Irène,Vrouwelijk,03/07/2019
Grâce-Hollogne,Renato,Mannelijk,03/09/2019
Antwerpen,Aymane,Mannelijk,03/04/2019
Pelt,Mathijs,Mannelijk,03/03/2019
Berlaar,Kevin,Mannelijk,02/23/2019
Torhout,Nathalie,Vrouwelijk,02/28/2019
Andenne,Robert,Mannelijk,03/11/2019
Gerpinnes,Julien,Mannelijk,03/04/2019
