gemeente,naam,geslacht,verwachte datum
Tielt-Winge,Firmin,Mannelijk,12/17/2019
Chaudfontaine,Anna,Vrouwelijk,12/10/2019
Mechelen,Lars,Mannelijk,12/05/2019
Moerbeke (Gent),Marie,Vrouwelijk,12/09/2019
Gavere,Peter,Mannelijk,12/02/2019
Schaarbeek,Alvaro,Mannelijk,12/08/2019
Oostende,Maureen,Vrouwelijk,12/16/2019
Maldegem,Marietta,Vrouwelijk,12/07/2019
Temse,Koen,Mannelijk,12/08/2019
Juprelle,Paul,Mannelijk,12/14/2019
Luik,Rachid,Mannelijk,12/13/2019
Brussel,Marco,Mannelijk,01/06/2020
Elzele,Mathéo,Mannelijk,12/08/2019
Herentals,Augusta,Vrouwelijk,12/11/2019
Ukkel,Maria,Vrouwelijk,12/16/2019
Antwerpen,Melisa,Vrouwelijk,12/10/2019
Seraing,Donia,Vrouwelijk,12/31/2019
Celles (Doornik),Pascal,Mannelijk,12/18/2019
Oud-Turnhout,Eveline,Vrouwelijk,12/09/2019
Grâce-Hollogne,Nicole,Vrouwelijk,12/06/2019
Riemst,Victor,Mannelijk,12/14/2019
Lubbeek,Mariette,Vrouwelijk,12/15/2019
Lubbeek,Sara,Vrouwelijk,12/23/2019
Schaarbeek,Louise,Vrouwelijk,12/19/2019
Verviers,Sophie,Vrouwelijk,12/03/2019
Maasmechelen,Miriam,Vrouwelijk,11/28/2019
Herentals,Elise,Vrouwelijk,12/05/2019
Waver,Antoine,Mannelijk,12/14/2019
Brakel,Stefaan,Mannelijk,12/19/2019
Geraardsbergen,Inge,Vrouwelijk,12/10/2019
Châtelet,Cindy,Vrouwelijk,12/06/2019
Sint-Niklaas (Sint-Niklaas),Jeroen,Mannelijk,12/12/2019
Oudergem,Alexandra,Vrouwelijk,12/10/2019
Turnhout,Gustaaf,Mannelijk,12/12/2019
Dilbeek,Guy,Mannelijk,12/02/2019
Bergen,Nicole,Vrouwelijk,01/01/2020
Gent,Leon,Mannelijk,12/11/2019
Tongeren,Damien,Mannelijk,12/04/2019
Sint-Joost-ten-Node,Fatiha,Vrouwelijk,12/13/2019
Sint-Pieters-Woluwe,Maria,Vrouwelijk,12/15/2019
Zonhoven,Herman,Mannelijk,12/08/2019
Schaarbeek,Marlena,Vrouwelijk,12/08/2019
Wezet,Sophie,Vrouwelijk,12/14/2019
Herve,Thierry,Mannelijk,12/16/2019
Schelle,Raymond,Mannelijk,12/07/2019
Gent,Aysegül,Vrouwelijk,12/09/2019
Antwerpen,Alexandr,Mannelijk,12/12/2019
Maldegem,Lindsay,Vrouwelijk,11/28/2019
Hulshout,Christophe,Mannelijk,12/09/2019
Sint-Truiden,Pierre,Mannelijk,11/30/2019
Schaarbeek,Charles,Mannelijk,12/17/2019
Kinrooi,Lien,Vrouwelijk,12/31/2019
Deinze,Robert,Mannelijk,12/04/2019
Saint-Ghislain,Yves,Mannelijk,12/07/2019
Namen,Etienne,Mannelijk,12/11/2019
Zedelgem,Colette,Vrouwelijk,12/09/2019
Schaarbeek,Geoffroy,Mannelijk,12/10/2019
Aubange,Pierre-Yves,Mannelijk,01/19/2020
Melle,Hendrik,Mannelijk,12/05/2019
Antwerpen,Alexandra,Vrouwelijk,12/10/2019
Izegem,Griet,Vrouwelijk,12/12/2019
Hannuit,Nicole,Vrouwelijk,12/08/2019
Dilsen-Stokkem,Peter,Mannelijk,12/13/2019
Westerlo,Kurt,Mannelijk,12/08/2019
Berlare,Elisabeth,Vrouwelijk,01/29/2020
Oostende,Ivan,Mannelijk,12/10/2019
Gent,Natalie,Vrouwelijk,12/16/2019
Zemst,Mariette,Vrouwelijk,12/19/2019
Jette,Anthony,Mannelijk,12/16/2019
Zaventem,Roger,Mannelijk,12/12/2019
Mol,Lars,Mannelijk,12/24/2019
Florenville,Emilie,Vrouwelijk,12/27/2019
Antwerpen,Elias,Mannelijk,12/10/2019
Beveren (Sint-Niklaas),Rita,Vrouwelijk,11/29/2019
Herentals,Sylvain,Mannelijk,12/04/2019
Fernelmont,Alix,Vrouwelijk,12/03/2019
Balen,Lea,Vrouwelijk,12/03/2019
Hasselt,Greta,Vrouwelijk,12/16/2019
Halle (Halle-Vilvoorde),An,Vrouwelijk,12/16/2019
Balen,François,Mannelijk,12/08/2019
Hooglede,Els,Vrouwelijk,12/12/2019
Borgworm,Muriel,Vrouwelijk,12/12/2019
Fleurus,Liliane,Vrouwelijk,12/02/2019
Luik,Louise,Vrouwelijk,12/08/2019
Courcelles,Anne,Vrouwelijk,12/13/2019
Herstal,Philippe,Mannelijk,12/25/2019
Lanaken,Marie-Louise,Vrouwelijk,12/06/2019
Charleroi,Muriel,Vrouwelijk,12/12/2019
Raeren,Rita,Vrouwelijk,12/07/2019
Aalst (Aalst),Nick,Mannelijk,12/28/2019
Quaregnon,Françoise,Vrouwelijk,12/11/2019
Ninove,Viviane,Vrouwelijk,12/17/2019
Sint-Jans-Molenbeek,Murat,Mannelijk,12/15/2019
Châtelet,Yasmine,Vrouwelijk,12/17/2019
Esneux,Lilou,Vrouwelijk,12/07/2019
Anderlecht,Aaron,Mannelijk,12/08/2019
Leuze-en-Hainaut,Nicole,Vrouwelijk,12/29/2019
Ronse,Anita,Vrouwelijk,12/05/2019
Sint-Gillis-Waas,Ine,Vrouwelijk,12/03/2019
Verviers,Stéphanie,Vrouwelijk,01/03/2020
Wevelgem,Nadine,Vrouwelijk,12/18/2019
Deinze,Marc,Mannelijk,11/30/2019
Nijvel,Nathalie,Vrouwelijk,12/11/2019
Brasschaat,Saskia,Vrouwelijk,12/18/2019
Namen,Christian,Mannelijk,12/15/2019
Beveren (Sint-Niklaas),Andy,Mannelijk,12/10/2019
Antwerpen,Franky,Mannelijk,12/18/2019
Dilbeek,Evelien,Vrouwelijk,12/10/2019
Anderlecht,Hicham,Mannelijk,11/28/2019
Rumst,Mathis,Mannelijk,12/23/2019
Zemst,André,Mannelijk,12/14/2019
Trooz,Amélie,Vrouwelijk,12/26/2019
Halle (Halle-Vilvoorde),Christian,Mannelijk,12/17/2019
Staden,Ronny,Mannelijk,12/07/2019
Schaarbeek,Diane,Vrouwelijk,12/22/2019
Verviers,Louis,Mannelijk,12/05/2019
Luik,Xavier,Mannelijk,12/05/2019
Charleroi,Cassandra,Vrouwelijk,12/16/2019
Asse,Patricia,Vrouwelijk,12/08/2019
De Pinte,Paul,Mannelijk,12/18/2019
Mechelen,Margareta,Vrouwelijk,12/08/2019
Antwerpen,Bart,Mannelijk,12/25/2019
Elsene,Steven,Mannelijk,12/04/2019
Londerzeel,Ingrid,Vrouwelijk,12/18/2019
Peer,Ingrid,Vrouwelijk,12/04/2019
Walcourt,Loan,Mannelijk,12/02/2019
Frasnes-lez-Anvaing,Damien,Mannelijk,12/09/2019
Gent,Abdul,Mannelijk,12/09/2019
Bredene,Tony,Mannelijk,12/18/2019
Beveren (Sint-Niklaas),Micheline,Vrouwelijk,12/11/2019
Duffel,Alfons,Mannelijk,12/15/2019
Buggenhout,Kelly,Vrouwelijk,12/07/2019
Sint-Pieters-Leeuw,Odette,Vrouwelijk,12/11/2019
Bornem,Carine,Vrouwelijk,12/20/2019
Herk-de-Stad,Mario,Mannelijk,12/03/2019
Rotselaar,Stien,Vrouwelijk,12/15/2019
Essen,Annelies,Vrouwelijk,12/03/2019
Marche-en-Famenne,Isabelle,Vrouwelijk,12/08/2019
Hoeilaart,Nicolas,Mannelijk,12/09/2019
Kasterlee,Jan,Mannelijk,12/07/2019
Lo-Reninge,Germaine,Vrouwelijk,11/28/2019
Rumst,Kobe,Mannelijk,12/29/2019
Heist-op-den-Berg,Lenn,Mannelijk,11/28/2019
Zonhoven,Marina,Vrouwelijk,12/01/2019
Arendonk,Martine,Vrouwelijk,12/14/2019
Sint-Niklaas (Sint-Niklaas),Ilona,Vrouwelijk,12/25/2019
Brasschaat,Dominique,Vrouwelijk,12/07/2019
Mol,Frans,Mannelijk,12/14/2019
Amay,Françoise,Vrouwelijk,01/19/2020
Vloesberg,Frédéric,Mannelijk,12/08/2019
Turnhout,Henricus,Mannelijk,12/10/2019
Chaumont-Gistoux,Patrick,Mannelijk,12/18/2019
Trooz,Yvonne,Vrouwelijk,12/04/2019
Genk,Romina,Vrouwelijk,12/07/2019
Fleurus,Aurore,Vrouwelijk,12/15/2019
Oudenburg,Sara,Vrouwelijk,12/07/2019
Brasschaat,Luna,Vrouwelijk,12/11/2019
Balen,Wim,Mannelijk,12/29/2019
La Louvière,Bernadette,Vrouwelijk,12/17/2019
Mettet,Katty,Vrouwelijk,12/03/2019
Zottegem,Marleen,Vrouwelijk,12/10/2019
Heist-op-den-Berg,Nancy,Vrouwelijk,12/11/2019
Ninove,Els,Vrouwelijk,12/14/2019
Zedelgem,Johan,Mannelijk,12/05/2019
Temse,Wilfried,Mannelijk,11/30/2019
Edegem,Thomas,Mannelijk,12/11/2019
Sint-Niklaas (Sint-Niklaas),Kurt,Mannelijk,11/30/2019
Erpe-Mere,Maria,Vrouwelijk,12/14/2019
Jurbeke,Roger,Mannelijk,12/05/2019
Zoersel,Eliza,Vrouwelijk,11/28/2019
Lanaken,Benjamin,Mannelijk,12/15/2019
Balen,Tom,Mannelijk,12/06/2019
Lanaken,Philomena,Vrouwelijk,12/02/2019
Harelbeke,Armand,Mannelijk,12/05/2019
Bitsingen,Catherine,Vrouwelijk,12/08/2019
Assenede,Rudy,Mannelijk,12/26/2019
Sint-Jans-Molenbeek,Nour,Vrouwelijk,12/05/2019
Gent,Eliane,Vrouwelijk,12/08/2019
Huldenberg,Olivier,Mannelijk,11/30/2019
Zottegem,Jan,Mannelijk,12/08/2019
Haaltert,Benny,Mannelijk,12/02/2019
Wingene,Lies,Vrouwelijk,12/11/2019
Antwerpen,Çinar,Mannelijk,02/02/2020
Momignies,Jonathan,Mannelijk,12/08/2019
Geel,Anneleen,Vrouwelijk,12/09/2019
Sint-Jans-Molenbeek,Béatrice,Vrouwelijk,12/03/2019
Assenede,Marijke,Vrouwelijk,12/15/2019
Brugge,Rita,Vrouwelijk,12/07/2019
Oostende,Patrick,Mannelijk,12/21/2019
Charleroi,Rayan,Mannelijk,12/30/2019
Moeskroen,Margaux,Vrouwelijk,12/25/2019
Genk,Sandra,Vrouwelijk,12/06/2019
Sint-Pieters-Woluwe,Vanessa,Vrouwelijk,12/07/2019
Vorst (Brussel-Hoofdstad),Driss,Mannelijk,12/13/2019
Sint-Lambrechts-Woluwe,Marc,Mannelijk,12/04/2019
Brugge,Raymond,Mannelijk,12/26/2019
Antwerpen,Esther,Vrouwelijk,12/16/2019
Verviers,Giuseppe,Mannelijk,12/09/2019
Ninove,Imke,Vrouwelijk,12/22/2019
Luik,Gilberte,Vrouwelijk,12/01/2019
Genk,Suzanna,Vrouwelijk,12/17/2019
Sint-Pieters-Woluwe,Margaret,Vrouwelijk,12/08/2019
Charleroi,Jean-Marie,Mannelijk,12/17/2019
Brugge,Brent,Mannelijk,12/11/2019
Zemst,Marianne,Vrouwelijk,12/01/2019
Sint-Gillis,Pauline,Vrouwelijk,12/05/2019
Chapelle-lez-Herlaimont,Filomena,Vrouwelijk,12/11/2019
Kortrijk,Julia,Vrouwelijk,12/01/2019
Court-Saint-Etienne,Claude,Mannelijk,12/05/2019
Londerzeel,Eric,Mannelijk,12/16/2019
Luik,Soumia,Vrouwelijk,12/25/2019
Ans,Mohammed,Mannelijk,12/07/2019
La Louvière,Arthur,Mannelijk,12/09/2019
Waver,Charlotte,Vrouwelijk,12/11/2019
Boortmeerbeek,Joseph,Mannelijk,12/25/2019
Mettet,Audrey,Vrouwelijk,12/13/2019
Menen,Jessie,Vrouwelijk,12/12/2019
Zele,Aimé,Mannelijk,12/10/2019
Dendermonde,Jeanne,Vrouwelijk,12/04/2019
Etterbeek,Felix,Mannelijk,12/05/2019
Sint-Gillis-Waas,Jessica,Vrouwelijk,12/10/2019
Kapellen (Antwerpen),Sarah,Vrouwelijk,12/09/2019
Aalst (Aalst),Filip,Mannelijk,12/26/2019
Dilbeek,Charlotte,Vrouwelijk,11/30/2019
Le Roeulx,Serge,Mannelijk,12/06/2019
Alken,Luc,Mannelijk,12/08/2019
Kuurne,Sofie,Vrouwelijk,11/28/2019
Boussu,Franco,Mannelijk,12/05/2019
Clavier,Michel,Mannelijk,12/01/2019
Ukkel,Anne-Sophie,Vrouwelijk,12/09/2019
Somme-Leuze,Baptiste,Mannelijk,12/04/2019
Diest,Julie,Vrouwelijk,12/04/2019
Chastre,Alexis,Mannelijk,11/28/2019
Kruisem,Jade,Vrouwelijk,11/30/2019
Namen,Gaspard,Mannelijk,12/03/2019
Antwerpen,Esra,Vrouwelijk,12/25/2019
Grâce-Hollogne,Christian,Mannelijk,12/13/2019
Roeselare,Eddy,Mannelijk,12/17/2019
Geel,Elke,Vrouwelijk,12/02/2019
Waregem,Sandrine,Vrouwelijk,12/16/2019
Morlanwelz,Christophe,Mannelijk,12/15/2019
Menen,Nicky,Mannelijk,12/07/2019
Grimbergen,Bart,Mannelijk,11/30/2019
Komen-Waasten,Stéphane,Mannelijk,12/01/2019
Sint-Gillis,Julie,Vrouwelijk,12/09/2019
Hoogstraten,Maxime,Mannelijk,01/01/2020
Dentergem,Jenny,Vrouwelijk,11/28/2019
Sint-Jans-Molenbeek,Marius,Mannelijk,12/07/2019
Donceel,Guy,Mannelijk,12/17/2019
Colfontaine,Christophe,Mannelijk,12/25/2019
Pepinster,Nathalie,Vrouwelijk,01/18/2020
Kortrijk,Dagmar,Vrouwelijk,12/18/2019
Zemst,Bert,Mannelijk,12/01/2019
Beringen,Kris,Mannelijk,11/30/2019
Ans,Rose,Vrouwelijk,12/01/2019
Lommel,Bo,Vrouwelijk,12/21/2019
Knokke-Heist,Anthony,Mannelijk,11/29/2019
Lennik,Nadia,Vrouwelijk,12/05/2019
Schaarbeek,Edwin,Mannelijk,01/05/2020
Beveren (Sint-Niklaas),Yoran,Mannelijk,12/13/2019
Knokke-Heist,Jimmy,Mannelijk,12/10/2019
Rumes,Nicole,Vrouwelijk,12/05/2019
Heusden-Zolder,Maggy,Vrouwelijk,12/08/2019
Aalst (Aalst),Petrus,Mannelijk,12/06/2019
Quévy,Alizée,Vrouwelijk,12/13/2019
Eupen,Tamara,Vrouwelijk,12/11/2019
Brussel,Amal,Vrouwelijk,01/30/2020
Oud-Turnhout,Erwin,Mannelijk,12/09/2019
Kinrooi,Ilse,Vrouwelijk,12/15/2019
Doornik,René,Mannelijk,12/12/2019
Wachtebeke,Vincent,Mannelijk,12/01/2019
Brussel,Christiane,Vrouwelijk,12/09/2019
Aubel,Philippe,Mannelijk,12/18/2019
Seraing,Muriel,Vrouwelijk,12/13/2019
La Roche-en-Ardenne,Eliane,Vrouwelijk,11/30/2019
Flémalle,Marie-Louise,Vrouwelijk,11/28/2019
Tessenderlo,Jan,Mannelijk,12/23/2019
Ciney,Alain,Mannelijk,12/30/2019
Leuven,Marie,Vrouwelijk,12/14/2019
Jemeppe-sur-Sambre,Gérard,Mannelijk,12/01/2019
Rochefort,Colette,Vrouwelijk,12/07/2019
Lebbeke,Emilie,Vrouwelijk,12/07/2019
Balen,Bart,Mannelijk,12/17/2019
Harelbeke,Sabrina,Vrouwelijk,12/16/2019
Oudenburg,Tine,Vrouwelijk,12/10/2019
Deinze,Femke,Vrouwelijk,12/06/2019
Florennes,Arlette,Vrouwelijk,12/19/2019
Flémalle,David,Mannelijk,11/30/2019
Scherpenheuvel-Zichem,Cecile,Vrouwelijk,11/30/2019
Eigenbrakel,Ethan,Mannelijk,12/01/2019
Oud-Turnhout,Sander,Mannelijk,12/10/2019
Charleroi,Emilie,Vrouwelijk,12/16/2019
Antwerpen,Jay,Mannelijk,12/31/2019
Antwerpen,Cecilia,Vrouwelijk,12/13/2019
Floreffe,Thomas,Mannelijk,11/29/2019
Seraing,Aline,Vrouwelijk,12/11/2019
Antwerpen,Eduard,Mannelijk,12/03/2019
