gemeente,naam,geslacht,verwachte datum
Antwerpen,Germaine,Vrouwelijk,02/13/2019
Tienen,Francine,Vrouwelijk,02/19/2019
Antwerpen,Marcel,Mannelijk,02/05/2019
Binche,Cécile,Vrouwelijk,02/05/2019
Kortrijk,Grietje,Vrouwelijk,02/10/2019
Gembloux,Lisa,Vrouwelijk,02/14/2019
Marche-en-Famenne,Rémi,Mannelijk,02/07/2019
Genk,Anniek,Vrouwelijk,02/13/2019
Ukkel,Vincent,Mannelijk,02/05/2019
Moeskroen,Nancy,Vrouwelijk,03/12/2019
Lubbeek,Cedric,Mannelijk,02/05/2019
Wevelgem,Fabienne,Vrouwelijk,04/03/2019
Hensies,Bérengère,Vrouwelijk,02/08/2019
Bernissart,Joëlle,Vrouwelijk,02/13/2019
Sankt Vith,Frank,Mannelijk,02/14/2019
Eghezée,Céline,Vrouwelijk,02/16/2019
Kaprijke,Marleen,Vrouwelijk,02/03/2019
Berlaar,Yves,Mannelijk,02/10/2019
Herenthout,Vincent,Mannelijk,02/11/2019
Verviers,Jacqueline,Vrouwelijk,02/03/2019
Kortrijk,Claude,Mannelijk,02/17/2019
Esneux,William,Mannelijk,01/30/2019
Thimister-Clermont,Christian,Mannelijk,02/11/2019
Leuven,Mario,Mannelijk,02/17/2019
Schaarbeek,Luca,Mannelijk,02/07/2019
Zonhoven,Nora,Vrouwelijk,02/02/2019
Malmedy,Ginette,Vrouwelijk,02/05/2019
Hoegaarden,Ellen,Vrouwelijk,02/06/2019
Kinrooi,Lynn,Vrouwelijk,02/07/2019
Seraing,Régine,Vrouwelijk,02/08/2019
Kortemark,Jürgen,Mannelijk,02/04/2019
Verviers,Johnny,Mannelijk,02/18/2019
Fernelmont,Julien,Mannelijk,02/06/2019
Leopoldsburg,Karin,Vrouwelijk,02/09/2019
Etterbeek,John,Mannelijk,02/03/2019
Walhain,Stéphanie,Vrouwelijk,03/27/2019
Zaventem,Maria,Vrouwelijk,02/10/2019
Beveren (Sint-Niklaas),Wojciech,Mannelijk,02/05/2019
Lille,Bart,Mannelijk,02/04/2019
Maasmechelen,Yasmina,Vrouwelijk,02/08/2019
Oudergem,Sandrine,Vrouwelijk,02/16/2019
Luik,Selin,Vrouwelijk,02/05/2019
Wetteren,Henri,Mannelijk,02/12/2019
Genk,Christophe,Mannelijk,02/18/2019
Kuurne,Chris,Mannelijk,02/11/2019
Quévy,Anne,Vrouwelijk,02/09/2019
Berlare,René,Mannelijk,02/08/2019
Brugge,Eric,Mannelijk,02/15/2019
Sint-Gillis-Waas,Laura,Vrouwelijk,02/12/2019
Bilzen,Astrid,Vrouwelijk,02/14/2019
Nieuwpoort,Chantal,Vrouwelijk,02/08/2019
Aarschot,Fons,Mannelijk,02/10/2019
Edegem,Aline,Vrouwelijk,02/14/2019
Turnhout,Brahim,Mannelijk,02/15/2019
Etterbeek,Olivier,Mannelijk,02/10/2019
Aalst (Aalst),Serge,Mannelijk,03/01/2019
Le Roeulx,Philippe,Mannelijk,02/01/2019
Verviers,Patricia,Vrouwelijk,02/18/2019
Halle (Halle-Vilvoorde),Louis,Mannelijk,02/24/2019
Kortrijk,Wendy,Vrouwelijk,02/16/2019
Limburg,Georgette,Vrouwelijk,03/03/2019
Gent,Anny,Vrouwelijk,02/02/2019
Puurs-Sint-Amands,Tom,Mannelijk,01/30/2019
Perwijs (Nijvel),Delphine,Vrouwelijk,01/29/2019
Rumst,Simon,Mannelijk,03/03/2019
Borgworm,Morgane,Vrouwelijk,03/01/2019
Celles (Doornik),Thomas,Mannelijk,01/30/2019
Oupeye,Lionel,Mannelijk,02/15/2019
Antwerpen,Sonam,Vrouwelijk,02/06/2019
Antwerpen,Aiman,Mannelijk,02/05/2019
Verviers,Anne-Marie,Vrouwelijk,02/14/2019
Aarschot,Stijn,Mannelijk,02/07/2019
Luik,Eric,Mannelijk,02/06/2019
Schaarbeek,Andrea,Mannelijk,02/27/2019
Gerpinnes,Angelo,Mannelijk,02/11/2019
Harelbeke,Maria,Vrouwelijk,02/05/2019
Geldenaken,Myriam,Vrouwelijk,02/13/2019
Leuven,Maria,Vrouwelijk,02/03/2019
Diest,Mireille,Vrouwelijk,02/03/2019
Brussel,Meryam,Vrouwelijk,02/08/2019
Gent,Geert,Mannelijk,02/07/2019
Lebbeke,Barbara,Vrouwelijk,02/08/2019
Charleroi,Kimberley,Vrouwelijk,02/09/2019
Londerzeel,Noah,Mannelijk,02/11/2019
Philippeville,Julien,Mannelijk,02/05/2019
Jemeppe-sur-Sambre,Christopher,Mannelijk,02/05/2019
Wervik,Antoine,Mannelijk,02/04/2019
Kalmthout,Sofie,Vrouwelijk,02/19/2019
Moeskroen,Fabienne,Vrouwelijk,02/18/2019
Aalter,Geert,Mannelijk,01/31/2019
Sint-Niklaas (Sint-Niklaas),Karel,Mannelijk,02/11/2019
Chastre,Roland,Mannelijk,02/03/2019
Beveren (Sint-Niklaas),Alexander,Mannelijk,02/25/2019
Oostende,Inge,Vrouwelijk,01/30/2019
Doornik,Marie-Christine,Vrouwelijk,03/10/2019
Ingelmunster,Geert,Mannelijk,01/29/2019
Ans,Henri,Mannelijk,02/04/2019
Denderleeuw,Patrick,Mannelijk,02/05/2019
Wezet,Louis,Mannelijk,02/10/2019
Anderlecht,Ugur,Mannelijk,02/05/2019
Schaarbeek,Ioan,Mannelijk,02/12/2019
Charleroi,Pasquale,Mannelijk,02/15/2019
Geraardsbergen,Rita,Vrouwelijk,02/14/2019
Ukkel,Eva,Vrouwelijk,03/03/2019
Dendermonde,Martha,Vrouwelijk,01/29/2019
Awans,Aurore,Vrouwelijk,02/16/2019
Ukkel,Joseph,Mannelijk,01/29/2019
Beringen,Leona,Vrouwelijk,02/09/2019
Saint-Ghislain,Cathy,Vrouwelijk,02/01/2019
Sankt Vith,Sandra,Vrouwelijk,02/25/2019
Kortrijk,Carine,Vrouwelijk,02/11/2019
Ravels,Louis,Mannelijk,01/31/2019
Antwerpen,Willy,Mannelijk,02/17/2019
Sint-Jans-Molenbeek,Julie,Vrouwelijk,02/03/2019
Bastenaken,Emilie,Vrouwelijk,02/02/2019
Maasmechelen,Mustafa,Mannelijk,02/16/2019
Gent,Jasper,Mannelijk,02/08/2019
Sankt Vith,Nadine,Vrouwelijk,02/10/2019
Fosses-la-Ville,Yvette,Vrouwelijk,02/05/2019
Charleroi,Françoise,Vrouwelijk,02/08/2019
Sint-Gillis,Cécile,Vrouwelijk,02/18/2019
Oostkamp,Katrien,Vrouwelijk,03/24/2019
Sint-Niklaas (Sint-Niklaas),Roland,Mannelijk,02/11/2019
Verviers,Annabelle,Vrouwelijk,02/12/2019
Opwijk,Jarne,Mannelijk,02/07/2019
Bergen,Julien,Mannelijk,02/03/2019
Londerzeel,Joren,Mannelijk,02/08/2019
Elsene,Bruno,Mannelijk,02/10/2019
Dilsen-Stokkem,Elisabeth,Vrouwelijk,02/10/2019
Ham,Bart,Mannelijk,02/12/2019
Etterbeek,Mathilde,Vrouwelijk,02/01/2019
Ichtegem,Marc,Mannelijk,02/13/2019
Rijkevorsel,Willem,Mannelijk,01/29/2019
Poperinge,Anneke,Vrouwelijk,02/09/2019
Sint-Niklaas (Sint-Niklaas),Rita,Vrouwelijk,02/05/2019
Sambreville,Danielle,Vrouwelijk,02/05/2019
Geel,Viktor,Mannelijk,01/29/2019
Bitsingen,Fanny,Vrouwelijk,02/11/2019
Philippeville,Delphine,Vrouwelijk,02/14/2019
Melle,François,Mannelijk,02/16/2019
Watermaal-Bosvoorde,Sébastien,Mannelijk,02/16/2019
Wemmel,Aicha,Vrouwelijk,02/08/2019
Grimbergen,Tom,Mannelijk,02/05/2019
Gent,Marcus,Mannelijk,02/05/2019
Hasselt,Goele,Vrouwelijk,02/09/2019
Charleroi,Thomas,Mannelijk,02/17/2019
Luik,Matilde,Vrouwelijk,03/01/2019
De Panne,Stefaan,Mannelijk,02/08/2019
Herve,Louis,Mannelijk,02/15/2019
Sint-Agatha-Berchem,Tasnim,Vrouwelijk,02/06/2019
Beveren (Sint-Niklaas),Robert,Mannelijk,02/06/2019
Kontich,François,Mannelijk,02/07/2019
Diepenbeek,Michiel,Mannelijk,02/12/2019
Brussel,Mohamed,Mannelijk,02/10/2019
Beveren (Sint-Niklaas),Gwen,Vrouwelijk,02/11/2019
Ukkel,Amina,Vrouwelijk,02/07/2019
Essen,Marc,Mannelijk,02/07/2019
Maldegem,Margo,Vrouwelijk,01/31/2019
Hasselt,Anne-Marie,Vrouwelijk,01/30/2019
Stekene,Liam,Mannelijk,02/03/2019
Oostrozebeke,Marc,Mannelijk,02/16/2019
Lennik,Karlien,Vrouwelijk,02/05/2019
Bilzen,Kyano,Mannelijk,03/04/2019
Namen,Adam,Mannelijk,02/04/2019
Lokeren,Stefan,Mannelijk,02/14/2019
Puurs-Sint-Amands,Nathalie,Vrouwelijk,02/09/2019
Brussel,Ilhan,Mannelijk,02/06/2019
Luik,Antonio,Mannelijk,01/29/2019
Anderlecht,Roland,Mannelijk,02/05/2019
Bonheiden,Monique,Vrouwelijk,02/13/2019
Avelgem,Mauro,Mannelijk,02/02/2019
Berlaar,Seppe,Mannelijk,02/12/2019
Bergen,Louna,Vrouwelijk,02/23/2019
Beernem,Jan,Mannelijk,02/03/2019
Harelbeke,Hilde,Vrouwelijk,02/09/2019
Jemeppe-sur-Sambre,Frank,Mannelijk,03/04/2019
Herenthout,Bart,Mannelijk,02/20/2019
Maldegem,Lore,Vrouwelijk,02/06/2019
Beersel,Maria,Vrouwelijk,02/14/2019
Pelt,Anna,Vrouwelijk,02/04/2019
Genk,Sabine,Vrouwelijk,01/31/2019
Antwerpen,Werner,Mannelijk,02/04/2019
Antwerpen,Hilda,Vrouwelijk,02/05/2019
Bergen,Jean-François,Mannelijk,02/03/2019
Ham-sur-Heure-Nalinnes,Marie,Vrouwelijk,02/17/2019
Charleroi,Nadia,Vrouwelijk,02/05/2019
Nazareth,Kathleen,Vrouwelijk,02/06/2019
Moeskroen,Bryan,Mannelijk,02/17/2019
Brasschaat,Maria,Vrouwelijk,02/09/2019
Ieper,Karl,Mannelijk,02/18/2019
Wetteren,Franky,Mannelijk,02/07/2019
Antwerpen,Clement,Mannelijk,02/13/2019
Namen,Danièle,Vrouwelijk,02/23/2019
Binche,Jacqueline,Vrouwelijk,02/07/2019
Charleroi,David,Mannelijk,02/05/2019
Sint-Jans-Molenbeek,Nathalie,Vrouwelijk,02/10/2019
Dison,Virginie,Vrouwelijk,02/28/2019
Kinrooi,Melissa,Vrouwelijk,02/10/2019
Antwerpen,Liesbeth,Vrouwelijk,02/01/2019
Florennes,Thomas,Mannelijk,02/22/2019
Zemst,Amélie,Vrouwelijk,03/13/2019
Brussel,Mama,Vrouwelijk,02/10/2019
Grimbergen,Noor,Vrouwelijk,02/10/2019
Rixensart,Juliette,Vrouwelijk,02/12/2019
Antwerpen,Abdelilah,Mannelijk,02/01/2019
Zinnik,Fernande,Vrouwelijk,02/08/2019
Anhée,Nina,Vrouwelijk,02/08/2019
Leuven,Ioan,Mannelijk,01/29/2019
Mortsel,Joseph,Mannelijk,03/01/2019
Jemeppe-sur-Sambre,Stéphane,Mannelijk,02/09/2019
Sint-Gillis-Waas,Karin,Vrouwelijk,02/18/2019
Hensies,Arnaud,Mannelijk,03/03/2019
Antwerpen,Peter,Mannelijk,01/31/2019
Kampenhout,Maria,Vrouwelijk,02/12/2019
Deinze,Wim,Mannelijk,01/31/2019
La Louvière,Marguerite,Vrouwelijk,02/10/2019
Hamme (Dendermonde),Jens,Mannelijk,02/13/2019
Péruwelz,Patrick,Mannelijk,02/26/2019
Niel,Anthony,Mannelijk,02/16/2019
Leopoldsburg,Francis,Mannelijk,02/03/2019
Vilvoorde,Marie,Vrouwelijk,02/08/2019
Willebroek,Veronique,Vrouwelijk,02/11/2019
Charleroi,Jacques,Mannelijk,02/11/2019
Genk,Esmeralda,Vrouwelijk,02/18/2019
Hulshout,Kim,Vrouwelijk,02/11/2019
Raeren,Maria,Vrouwelijk,02/08/2019
Maldegem,Marc,Mannelijk,02/14/2019
Elsene,Aurélien,Mannelijk,02/08/2019
Sint-Gillis,Billie,Vrouwelijk,02/18/2019
Veurne,Carine,Vrouwelijk,02/04/2019
Genk,Leyla,Vrouwelijk,02/14/2019
Essen,Nathalie,Vrouwelijk,02/10/2019
Oostende,Kathy,Vrouwelijk,02/10/2019
Buggenhout,Luc,Mannelijk,02/04/2019
Gent,Anass,Mannelijk,02/10/2019
Bocholt,Ruben,Mannelijk,02/01/2019
Pelt,Kaat,Vrouwelijk,02/17/2019
Verviers,Michelle,Vrouwelijk,02/06/2019
Brussel,Kira,Vrouwelijk,02/27/2019
Aalst (Aalst),Claudine,Vrouwelijk,02/24/2019
Villers-la-Ville,Nicolas,Mannelijk,02/09/2019
Rochefort,Jean,Mannelijk,02/17/2019
Harelbeke,Clara,Vrouwelijk,01/30/2019
Fléron,Myriam,Vrouwelijk,02/10/2019
Oostkamp,Jana,Vrouwelijk,02/11/2019
Dendermonde,Robin,Mannelijk,02/08/2019
Bastenaken,Pierre,Mannelijk,01/31/2019
Rijkevorsel,Louise,Vrouwelijk,02/18/2019
Antwerpen,Caroline,Vrouwelijk,02/18/2019
Halle (Halle-Vilvoorde),Jean,Mannelijk,02/06/2019
Antwerpen,Zainab,Vrouwelijk,01/30/2019
Edegem,Patrick,Mannelijk,01/30/2019
Hasselt,Leopold,Mannelijk,02/13/2019
Brussel,Sven,Mannelijk,02/17/2019
Lier,Willy,Mannelijk,03/01/2019
Brugge,William,Mannelijk,02/05/2019
Ciney,Cassandra,Vrouwelijk,02/07/2019
Luik,Bertrand,Mannelijk,02/11/2019
Lier,Christel,Vrouwelijk,02/17/2019
Eupen,Günter,Mannelijk,02/12/2019
Charleroi,Robert,Mannelijk,02/10/2019
Manage,Angel,Mannelijk,02/17/2019
Verviers,Rita,Vrouwelijk,02/09/2019
Kinrooi,Jacqueline,Vrouwelijk,03/01/2019
Zwevegem,Rino,Mannelijk,02/11/2019
Philippeville,Angelo,Mannelijk,02/07/2019
Gent,Sarah,Vrouwelijk,02/18/2019
Antoing,Laurent,Mannelijk,02/04/2019
Gembloux,Lilly,Vrouwelijk,02/09/2019
Wuustwezel,Greta,Vrouwelijk,02/18/2019
Moeskroen,Pascale,Vrouwelijk,02/08/2019
Dendermonde,Luc,Mannelijk,02/03/2019
Alken,Sabine,Vrouwelijk,02/07/2019
Luik,Ghislaine,Vrouwelijk,02/11/2019
Lanaken,Jolanda,Vrouwelijk,02/06/2019
Erpe-Mere,Pieter,Mannelijk,02/06/2019
Gent,Naima,Vrouwelijk,02/18/2019
Avelgem,Robbe,Mannelijk,02/06/2019
Watermaal-Bosvoorde,Annick,Vrouwelijk,02/17/2019
Luik,Fabien,Mannelijk,02/13/2019
Messancy,Alexandra,Vrouwelijk,02/10/2019
Leuven,Sam,Mannelijk,02/11/2019
Grimbergen,Sarah,Vrouwelijk,02/05/2019
Brasschaat,Roger,Mannelijk,02/23/2019
Gent,Dirk,Mannelijk,02/14/2019
Houthalen-Helchteren,Martine,Vrouwelijk,02/04/2019
Leuven,Julien,Mannelijk,02/24/2019
Antwerpen,Cornelis,Mannelijk,02/07/2019
Luik,Jeanne,Vrouwelijk,02/08/2019
Steenokkerzeel,Josephus,Mannelijk,02/10/2019
Sint-Pieters-Leeuw,Jan,Mannelijk,02/06/2019
Stekene,Kris,Mannelijk,02/25/2019
Menen,Sven,Mannelijk,02/10/2019
Hotton,Anne,Vrouwelijk,02/17/2019
Ninove,Maria,Vrouwelijk,02/01/2019
Affligem,Franciscus,Mannelijk,02/22/2019
Péruwelz,Monique,Vrouwelijk,02/16/2019
Beernem,Louis,Mannelijk,02/09/2019
Koekelberg,Chaimae,Vrouwelijk,02/10/2019
Aalst (Aalst),Johan,Mannelijk,01/29/2019
Bornem,Lutgarde,Vrouwelijk,02/15/2019
Antwerpen,Youssef,Mannelijk,02/03/2019
Bilzen,Bernard,Mannelijk,02/14/2019
Turnhout,Josepha,Vrouwelijk,02/05/2019
Hechtel-Eksel,Wendy,Vrouwelijk,03/03/2019
Maasmechelen,Franciscus,Mannelijk,02/05/2019
Profondeville,Manon,Vrouwelijk,02/21/2019
Maasmechelen,Ludo,Mannelijk,02/12/2019
Sint-Truiden,Michel,Mannelijk,02/16/2019
Jette,Georgette,Vrouwelijk,02/03/2019
Riemst,Marina,Vrouwelijk,02/10/2019
Luik,Anna,Vrouwelijk,02/17/2019
Brecht,Raymond,Mannelijk,02/05/2019
Jette,Guillaume,Mannelijk,02/06/2019
Antwerpen,Martha,Vrouwelijk,01/31/2019
Péruwelz,Claudette,Vrouwelijk,02/10/2019
La Louvière,Amal,Vrouwelijk,02/08/2019
Chimay,Ethan,Mannelijk,01/30/2019
Brussel,Micheline,Vrouwelijk,02/05/2019
Schilde,Monique,Vrouwelijk,02/07/2019
Beringen,Maria,Vrouwelijk,02/13/2019
Anzegem,Marleen,Vrouwelijk,02/08/2019
