gemeente,naam,geslacht,verwachte datum
Genk,Maria,Vrouwelijk,04/14/2019
Sint-Truiden,Ilse,Vrouwelijk,03/25/2019
Hamois,Michel,Mannelijk,04/16/2019
Ronse,Meriem,Vrouwelijk,03/29/2019
Fosses-la-Ville,Marius,Mannelijk,03/23/2019
Kortrijk,Hendrik,Mannelijk,03/18/2019
Herselt,Maria,Vrouwelijk,04/13/2019
Leopoldsburg,Liliane,Vrouwelijk,03/21/2019
Moeskroen,Thomas,Mannelijk,03/27/2019
Malle,Joke,Vrouwelijk,04/06/2019
Charleroi,Diego,Mannelijk,04/06/2019
Liedekerke,Tom,Mannelijk,04/03/2019
Luik,Mohamed,Mannelijk,03/22/2019
Nazareth,Melissa,Vrouwelijk,04/20/2019
Lontzen,Bernhard,Mannelijk,04/07/2019
Oostkamp,Sabrina,Vrouwelijk,03/21/2019
Sint-Jans-Molenbeek,Philippe,Mannelijk,03/28/2019
Antwerpen,Ines,Vrouwelijk,03/29/2019
Lier,Jordy,Mannelijk,03/26/2019
Perwijs (Nijvel),Paulette,Vrouwelijk,04/16/2019
Meulebeke,Wim,Mannelijk,03/31/2019
Turnhout,Kris,Mannelijk,03/27/2019
Aarschot,Ronny,Mannelijk,04/04/2019
Luik,Antonino,Mannelijk,04/06/2019
Gent,Ramzi,Mannelijk,04/02/2019
Sint-Niklaas (Sint-Niklaas),Maria,Vrouwelijk,03/21/2019
Andenne,Didier,Mannelijk,03/24/2019
Hove (Antwerpen),Rita,Vrouwelijk,03/23/2019
Evergem,Anny,Vrouwelijk,04/03/2019
Lommel,Johanna,Vrouwelijk,03/17/2019
De Panne,Monique,Vrouwelijk,03/22/2019
Kluisbergen,Jean,Mannelijk,03/17/2019
Antwerpen,Rayan,Mannelijk,03/24/2019
Ukkel,Emmanuel,Mannelijk,04/14/2019
Kruisem,Louis,Mannelijk,04/13/2019
Libramont-Chevigny,Jean,Mannelijk,04/02/2019
Gedinne,Nadine,Vrouwelijk,03/26/2019
Eeklo,Danny,Mannelijk,03/26/2019
Elsene,Stefania,Vrouwelijk,03/30/2019
Antwerpen,Joanna,Vrouwelijk,04/28/2019
Lummen,Liesbet,Vrouwelijk,04/10/2019
Grâce-Hollogne,Cindy,Vrouwelijk,04/05/2019
Beringen,Joachim,Mannelijk,04/02/2019
Ninove,Ahmed,Mannelijk,03/19/2019
Ciney,Raymonde,Vrouwelijk,03/30/2019
Mortsel,Jonas,Mannelijk,03/20/2019
Sint-Jans-Molenbeek,Ali,Mannelijk,04/06/2019
Brussel,Levon,Mannelijk,03/29/2019
Tielt-Winge,Marc,Mannelijk,03/27/2019
Brasschaat,Henri,Mannelijk,04/03/2019
Koekelare,Clara,Vrouwelijk,03/30/2019
Vilvoorde,Chantal,Vrouwelijk,04/06/2019
Antwerpen,Erkan,Mannelijk,03/18/2019
Brussel,Ludovic,Mannelijk,05/17/2019
Brugge,Dorine,Vrouwelijk,04/01/2019
Antwerpen,Lars,Mannelijk,03/25/2019
La Louvière,Ethan,Mannelijk,04/01/2019
Mechelen,Asmae,Vrouwelijk,04/15/2019
Scherpenheuvel-Zichem,Hilde,Vrouwelijk,04/12/2019
Elsene,Souad,Vrouwelijk,04/06/2019
Ukkel,Geneviève,Vrouwelijk,04/07/2019
Brussel,Lise,Vrouwelijk,04/03/2019
Beernem,Franky,Mannelijk,03/25/2019
Courcelles,Shirley,Vrouwelijk,04/03/2019
Jabbeke,Jolien,Vrouwelijk,03/18/2019
Luik,Adrien,Mannelijk,04/05/2019
Tongeren,Sylvie,Vrouwelijk,03/24/2019
Aalst (Aalst),Marie,Vrouwelijk,03/22/2019
Beringen,Maria,Vrouwelijk,04/10/2019
Hamont-Achel,Adrianus,Mannelijk,04/02/2019
Herentals,Tim,Mannelijk,04/06/2019
Schaarbeek,Dalila,Vrouwelijk,03/27/2019
Beerse,Sonja,Vrouwelijk,03/26/2019
Lommel,Theo,Mannelijk,03/28/2019
Putte,Karin,Vrouwelijk,04/10/2019
Wielsbeke,Jonas,Mannelijk,04/12/2019
Kelmis,Nicole,Vrouwelijk,03/25/2019
Hensies,Michel,Mannelijk,04/17/2019
Grimbergen,Marc,Mannelijk,03/24/2019
Mechelen,Josephine,Vrouwelijk,03/27/2019
Aalst (Aalst),Jozef,Mannelijk,03/21/2019
Sint-Jans-Molenbeek,Ihsan,Vrouwelijk,03/22/2019
Gent,Ann,Vrouwelijk,03/30/2019
Grâce-Hollogne,Muriel,Vrouwelijk,04/06/2019
Heist-op-den-Berg,Maria,Vrouwelijk,03/25/2019
Saint-Nicolas (Luik),Léa,Vrouwelijk,03/31/2019
Beersel,Frédéric,Mannelijk,03/26/2019
Fleurus,Anthony,Mannelijk,03/28/2019
Frameries,Isabelle,Vrouwelijk,04/03/2019
Limburg,Jeanine,Vrouwelijk,03/25/2019
Moeskroen,Eugénie,Vrouwelijk,03/30/2019
Binche,Vincent,Mannelijk,04/06/2019
Leuven,Ali,Mannelijk,04/30/2019
Zemst,Elza,Vrouwelijk,04/04/2019
Luik,Nadine,Vrouwelijk,03/26/2019
Lummen,Wendy,Vrouwelijk,03/30/2019
Luik,Mariette,Vrouwelijk,04/11/2019
Waver,Brigitte,Vrouwelijk,03/30/2019
Balen,Peter,Mannelijk,03/28/2019
Nijlen,Walter,Mannelijk,03/19/2019
Hasselt,Lore,Vrouwelijk,03/28/2019
Vorst (Brussel-Hoofdstad),Violeta,Vrouwelijk,03/24/2019
Ingelmunster,Roland,Mannelijk,03/26/2019
Vorst (Brussel-Hoofdstad),Françoise,Vrouwelijk,03/26/2019
Vilvoorde,Kobe,Mannelijk,04/02/2019
Heist-op-den-Berg,Alexandra,Vrouwelijk,03/24/2019
Ukkel,Nuno,Mannelijk,03/25/2019
Kasterlee,Jozef,Mannelijk,03/26/2019
Brussel,Karol,Mannelijk,03/24/2019
Rixensart,Caroline,Vrouwelijk,03/29/2019
Lichtervelde,Jozef,Mannelijk,03/17/2019
Sint-Pieters-Woluwe,Vittorio,Mannelijk,04/05/2019
Colfontaine,Sébastien,Mannelijk,03/24/2019
Chastre,Géraldine,Vrouwelijk,04/06/2019
Galmaarden,Willy,Mannelijk,04/05/2019
Eigenbrakel,Victor,Mannelijk,03/30/2019
Deinze,Henriette,Vrouwelijk,04/06/2019
Andenne,Gilbert,Mannelijk,03/17/2019
Zelzate,Tim,Mannelijk,03/28/2019
Zele,Jurgen,Mannelijk,03/25/2019
Oudergem,Catherine,Vrouwelijk,03/17/2019
Ranst,Paul,Mannelijk,03/26/2019
Hasselt,Laura,Vrouwelijk,03/22/2019
Dison,Damien,Mannelijk,03/24/2019
Fléron,Natacha,Vrouwelijk,04/02/2019
Maasmechelen,Anita,Vrouwelijk,03/26/2019
Yvoir,Laetitia,Vrouwelijk,03/31/2019
Kortrijk,Siegfried,Mannelijk,03/28/2019
Etterbeek,Arthur,Mannelijk,04/20/2019
Brussel,Daniel,Mannelijk,03/20/2019
Oostkamp,Julie,Vrouwelijk,04/04/2019
Scherpenheuvel-Zichem,Marie,Vrouwelijk,04/20/2019
Herk-de-Stad,Ellen,Vrouwelijk,04/05/2019
Elsene,Kristian,Mannelijk,03/24/2019
Jalhay,Francis,Mannelijk,03/30/2019
Begijnendijk,Annelies,Vrouwelijk,03/24/2019
Maasmechelen,Leonard,Mannelijk,03/27/2019
Charleroi,Morgane,Vrouwelijk,03/22/2019
Sint-Lambrechts-Woluwe,Pascal,Mannelijk,04/03/2019
Oostende,Norbert,Mannelijk,03/28/2019
Gent,Ronny,Mannelijk,03/26/2019
Aalst (Aalst),Dounia,Vrouwelijk,03/18/2019
Denderleeuw,Nicolas,Mannelijk,03/25/2019
Tubeke,Michel,Mannelijk,05/12/2019
Marche-en-Famenne,Raphaël,Mannelijk,04/02/2019
Hoeselt,Sara,Vrouwelijk,04/02/2019
Ukkel,Myriam,Vrouwelijk,04/04/2019
Gent,Sabine,Vrouwelijk,03/28/2019
Hélécine,Noah,Mannelijk,03/29/2019
Oudergem,Virginie,Vrouwelijk,03/31/2019
Mortsel,Christiane,Vrouwelijk,03/19/2019
Moeskroen,Ahmed,Mannelijk,03/25/2019
Gent,Rita,Vrouwelijk,04/04/2019
Kalmthout,Guido,Mannelijk,03/20/2019
Antwerpen,Peter,Mannelijk,04/02/2019
Malle,Adriana,Vrouwelijk,03/24/2019
Grimbergen,Véronique,Vrouwelijk,03/20/2019
Gooik,Femke,Vrouwelijk,03/27/2019
Meise,Sonia,Vrouwelijk,03/23/2019
Ans,Delphine,Vrouwelijk,03/29/2019
Quévy,Cindy,Vrouwelijk,03/28/2019
Elsene,Thi,Vrouwelijk,03/27/2019
Hoeilaart,Marius,Mannelijk,04/05/2019
Charleroi,Suzanne,Vrouwelijk,04/08/2019
Sint-Lambrechts-Woluwe,Joao,Mannelijk,03/27/2019
Antwerpen,Sven,Mannelijk,03/31/2019
Momignies,Cécile,Vrouwelijk,03/21/2019
Zwijndrecht,Gustaaf,Mannelijk,03/20/2019
Evergem,Mila,Vrouwelijk,03/24/2019
Londerzeel,Rudi,Mannelijk,03/18/2019
Ans,Adrien,Mannelijk,03/31/2019
Grimbergen,Marleen,Vrouwelijk,03/27/2019
Genk,Tine,Vrouwelijk,04/01/2019
Flémalle,Irène,Vrouwelijk,03/20/2019
Aalst (Aalst),Kaat,Vrouwelijk,04/29/2019
Namen,Mehmet,Mannelijk,03/24/2019
Kruisem,Ronny,Mannelijk,03/27/2019
Middelkerke,Kasper,Mannelijk,04/06/2019
Wommelgem,Jacqueline,Vrouwelijk,03/29/2019
Antwerpen,Tarik,Mannelijk,04/03/2019
Turnhout,Marc,Mannelijk,03/27/2019
Schaarbeek,Anna,Vrouwelijk,04/20/2019
Jemeppe-sur-Sambre,Freddy,Mannelijk,03/21/2019
Sint-Niklaas (Sint-Niklaas),Agnès,Vrouwelijk,03/28/2019
Zelzate,Rita,Vrouwelijk,03/18/2019
Zele,Martine,Vrouwelijk,04/06/2019
Lommel,Isabella,Vrouwelijk,03/29/2019
Harelbeke,Mohamed,Mannelijk,04/06/2019
Herve,Lucienne,Vrouwelijk,03/21/2019
Herk-de-Stad,Gaston,Mannelijk,04/21/2019
Brussel,Ahmed,Mannelijk,03/27/2019
Langemark-Poelkapelle,Lies,Vrouwelijk,05/11/2019
Peer,Daniel,Mannelijk,04/04/2019
Elsene,Francis,Mannelijk,03/30/2019
Bilzen,Evi,Vrouwelijk,04/02/2019
Leuven,Mariette,Vrouwelijk,03/25/2019
Boom,Adam,Mannelijk,03/21/2019
Zele,Rony,Mannelijk,03/26/2019
Florenville,Anthony,Mannelijk,03/30/2019
Namen,Claude,Mannelijk,04/04/2019
Frameries,Laura,Vrouwelijk,03/24/2019
Sprimont,Jean,Mannelijk,03/30/2019
Andenne,Jean,Mannelijk,03/22/2019
Sint-Katelijne-Waver,Margaretha,Vrouwelijk,04/03/2019
Stabroek,Heidi,Vrouwelijk,03/21/2019
Edegem,Jean,Mannelijk,03/21/2019
Antwerpen,Walter,Mannelijk,04/07/2019
Antwerpen,Lodewijk,Mannelijk,03/28/2019
Brugge,Cas,Mannelijk,04/20/2019
Beloeil,Aurélie,Vrouwelijk,03/30/2019
Schaarbeek,Belkacem,Mannelijk,03/26/2019
Landen,Léa,Vrouwelijk,03/23/2019
Lommel,Wilhelmina,Vrouwelijk,03/19/2019
Antwerpen,Liam,Mannelijk,04/03/2019
Geraardsbergen,Zita,Vrouwelijk,04/01/2019
Antwerpen,Françoise,Vrouwelijk,04/03/2019
Gembloux,Guy,Mannelijk,04/20/2019
Vorst (Brussel-Hoofdstad),Arthur,Mannelijk,03/20/2019
Wuustwezel,Eduard,Mannelijk,03/28/2019
Ranst,Tinne,Vrouwelijk,03/28/2019
Bergen,Francisca,Vrouwelijk,03/26/2019
Ukkel,Vincent,Mannelijk,03/25/2019
Antwerpen,Sonja,Vrouwelijk,03/27/2019
Borgloon,Maddy,Vrouwelijk,03/27/2019
Aarlen,Charles,Mannelijk,04/06/2019
Verviers,Caroline,Vrouwelijk,03/25/2019
Gavere,Nadia,Vrouwelijk,03/29/2019
Brussel,Zeynep,Vrouwelijk,04/30/2019
Blegny,Laurie,Vrouwelijk,04/02/2019
Beveren (Sint-Niklaas),Shirley,Vrouwelijk,03/26/2019
Sint-Niklaas (Sint-Niklaas),Herman,Mannelijk,03/28/2019
Schaarbeek,Mamadou,Mannelijk,04/01/2019
Kluisbergen,Rudi,Mannelijk,03/28/2019
Brussel,Recep,Mannelijk,04/06/2019
Schoten,Ruben,Mannelijk,03/31/2019
Zedelgem,Marleen,Vrouwelijk,04/04/2019
Waver,Françoise,Vrouwelijk,03/19/2019
Zinnik,Tony,Mannelijk,03/20/2019
Boutersem,Paulien,Vrouwelijk,03/30/2019
Bilzen,Josephina,Vrouwelijk,04/05/2019
Sint-Jans-Molenbeek,Youness,Mannelijk,03/29/2019
Maldegem,Lieve,Vrouwelijk,03/24/2019
Aalter,Katrien,Vrouwelijk,03/30/2019
Aat,Hugo,Mannelijk,03/24/2019
Erpe-Mere,Chris,Mannelijk,03/25/2019
Borgworm,Delphine,Vrouwelijk,03/20/2019
Riemst,Maurice,Mannelijk,03/21/2019
Brussel,Natascha,Vrouwelijk,03/19/2019
Floreffe,Sandrine,Vrouwelijk,04/07/2019
Luik,Rafik,Mannelijk,03/24/2019
Kontich,Lauranne,Vrouwelijk,03/25/2019
Beveren (Sint-Niklaas),Jonas,Mannelijk,03/29/2019
Begijnendijk,François,Mannelijk,04/11/2019
Wervik,Josiane,Vrouwelijk,03/24/2019
Gent,Seppe,Mannelijk,04/15/2019
Moeskroen,Guillaume,Mannelijk,04/05/2019
Gent,Valérie,Vrouwelijk,03/30/2019
Dilsen-Stokkem,Sandra,Vrouwelijk,04/19/2019
Diest,Michel,Mannelijk,03/27/2019
Dendermonde,Maria,Vrouwelijk,03/30/2019
Antwerpen,Yasmin,Vrouwelijk,03/27/2019
La Louvière,Isabelle,Vrouwelijk,04/02/2019
Elsene,Alex,Mannelijk,03/31/2019
Evere,Francis,Mannelijk,04/05/2019
Jette,Jennifer,Vrouwelijk,04/01/2019
Grimbergen,Lukas,Mannelijk,03/24/2019
Temse,Stefan,Mannelijk,04/05/2019
Harelbeke,Ali,Mannelijk,03/22/2019
Oostkamp,Herlinde,Vrouwelijk,04/01/2019
Nijlen,Bert,Mannelijk,04/01/2019
Galmaarden,Martine,Vrouwelijk,03/23/2019
Geldenaken,Olivia,Vrouwelijk,03/26/2019
Péruwelz,Jean,Mannelijk,03/30/2019
Farciennes,Paulette,Vrouwelijk,04/03/2019
Puurs-Sint-Amands,Emilia,Vrouwelijk,03/25/2019
Dendermonde,Paula,Vrouwelijk,03/28/2019
Liedekerke,Patrick,Mannelijk,03/30/2019
Merksplas,Johannes,Mannelijk,03/21/2019
Oupeye,Pierre,Mannelijk,03/27/2019
Antwerpen,Sebastiaan,Mannelijk,03/17/2019
Seraing,Hasan,Mannelijk,04/02/2019
Scherpenheuvel-Zichem,Theresia,Vrouwelijk,03/29/2019
Châtelet,Pierre,Mannelijk,04/13/2019
Langemark-Poelkapelle,Björn,Mannelijk,03/25/2019
Brugge,Ivan,Mannelijk,03/24/2019
Schaarbeek,Yves,Mannelijk,04/09/2019
Courcelles,Pamela,Vrouwelijk,03/29/2019
Gent,Nina,Vrouwelijk,03/24/2019
Pepinster,Anthony,Mannelijk,03/20/2019
Antwerpen,Stan,Mannelijk,03/22/2019
Westerlo,Paul,Mannelijk,03/20/2019
Machelen (Halle-Vilvoorde),Agnieszka,Vrouwelijk,04/13/2019
Zelzate,Joeri,Mannelijk,03/30/2019
Waterloo,Jan,Mannelijk,03/26/2019
Mechelen,Martine,Vrouwelijk,03/31/2019
Sint-Gillis,Pierre,Mannelijk,03/27/2019
Moeskroen,Philippe,Mannelijk,03/30/2019
Sint-Genesius-Rode,Claudine,Vrouwelijk,05/15/2019
Gent,Ummahan,Vrouwelijk,04/06/2019
Vilvoorde,Maëlys,Vrouwelijk,04/06/2019
Walcourt,Michel,Mannelijk,03/29/2019
Wervik,Yoran,Mannelijk,03/26/2019
Vorst (Brussel-Hoofdstad),Mohamed,Mannelijk,03/27/2019
Peer,Lukas,Mannelijk,03/26/2019
Seraing,Valérie,Vrouwelijk,03/30/2019
Rebecq,Fabienne,Vrouwelijk,04/05/2019
Oudenaarde,Georges,Mannelijk,03/28/2019
Antwerpen,Kayla,Vrouwelijk,04/15/2019
Kampenhout,Nora,Vrouwelijk,03/25/2019
Komen-Waasten,Julie,Vrouwelijk,03/26/2019
Kortenberg,Lynn,Vrouwelijk,04/30/2019
Mol,Peggy,Vrouwelijk,04/01/2019
Châtelet,Priscillia,Vrouwelijk,03/20/2019
Viroinval,Frédéric,Mannelijk,03/18/2019
Zinnik,Giulia,Vrouwelijk,04/02/2019
Torhout,Xavier,Mannelijk,03/29/2019
Pelt,Peter,Mannelijk,03/19/2019
Montigny-le-Tilleul,Emmanuel,Mannelijk,03/25/2019
Bergen,Xavier,Mannelijk,03/20/2019
Evere,Michelle,Vrouwelijk,04/05/2019
Tessenderlo,Philippe,Mannelijk,03/25/2019
Herentals,Dirk,Mannelijk,03/31/2019
Anderlecht,Claire,Vrouwelijk,03/17/2019
La Louvière,Tony,Mannelijk,03/21/2019
Ans,Pierre,Mannelijk,05/12/2019
