gemeente,naam,geslacht,verwachte datum
Damme,Patrick,Mannelijk,06/24/2019
Antwerpen,Youssef,Mannelijk,06/28/2019
La Louvière,Benoit,Mannelijk,06/25/2019
Doornik,Lucie,Vrouwelijk,07/03/2019
Turnhout,Jozef,Mannelijk,06/22/2019
Merelbeke,Françoise,Vrouwelijk,06/27/2019
Moerbeke (Gent),Kenny,Mannelijk,07/13/2019
Brussel,Vasile,Mannelijk,06/13/2019
Hasselt,Lara,Vrouwelijk,07/12/2019
Amel,Christa,Vrouwelijk,06/23/2019
Hasselt,Stef,Mannelijk,06/21/2019
Hoei,Jean-Marie,Mannelijk,06/26/2019
Aalst (Aalst),Oussama,Mannelijk,06/17/2019
Gent,Lieselot,Vrouwelijk,07/07/2019
Rijkevorsel,Sarah,Vrouwelijk,06/21/2019
Denderleeuw,Jonathan,Mannelijk,07/01/2019
Bredene,Georgette,Vrouwelijk,06/27/2019
Aalst (Aalst),André,Mannelijk,06/21/2019
Doornik,Marceau,Mannelijk,06/20/2019
Stekene,Jason,Mannelijk,06/12/2019
Mechelen,Inge,Vrouwelijk,06/09/2019
Tienen,Maria,Vrouwelijk,06/30/2019
Vilvoorde,Michel,Mannelijk,06/12/2019
Machelen (Halle-Vilvoorde),Kadir,Mannelijk,06/26/2019
Dilbeek,Eric,Mannelijk,06/25/2019
Awans,Monique,Vrouwelijk,06/21/2019
Saint-Ghislain,Martin,Mannelijk,06/23/2019
Courcelles,Allan,Mannelijk,06/29/2019
Antwerpen,Jonathan,Mannelijk,06/23/2019
Sint-Niklaas (Sint-Niklaas),Jack,Mannelijk,06/16/2019
Charleroi,Maria,Vrouwelijk,06/24/2019
Yvoir,Inès,Vrouwelijk,06/24/2019
Eigenbrakel,Maurice,Mannelijk,06/15/2019
Overijse,Quentin,Mannelijk,06/23/2019
Anthisnes,Romane,Vrouwelijk,06/29/2019
Gent,Joost,Mannelijk,06/21/2019
Kortrijk,Steven,Mannelijk,06/10/2019
Borsbeek,Noa,Vrouwelijk,06/10/2019
Waver,Thomas,Mannelijk,06/19/2019
Sambreville,Anna,Vrouwelijk,06/19/2019
Manage,Ambre,Vrouwelijk,07/03/2019
Torhout,Robrecht,Mannelijk,06/11/2019
Grimbergen,Sofie,Vrouwelijk,07/03/2019
Charleroi,Lucie,Vrouwelijk,07/04/2019
Mortsel,Amelia,Vrouwelijk,08/09/2019
Beernem,Anny,Vrouwelijk,06/17/2019
Rochefort,Patrick,Mannelijk,06/17/2019
Brugge,Iliano,Mannelijk,06/30/2019
Schaarbeek,Fabienne,Vrouwelijk,06/16/2019
Namen,Emma,Vrouwelijk,06/23/2019
Beernem,Wouter,Mannelijk,06/21/2019
Damme,Ruben,Mannelijk,06/18/2019
Beersel,Aurélie,Vrouwelijk,06/27/2019
Brussel,Jens,Mannelijk,06/25/2019
Peer,Michel,Mannelijk,06/17/2019
Schaarbeek,Robert,Mannelijk,06/24/2019
Hamme (Dendermonde),Christiane,Vrouwelijk,06/29/2019
Sint-Joost-ten-Node,Zohra,Vrouwelijk,06/17/2019
Gent,Alex,Mannelijk,06/17/2019
Sint-Pieters-Woluwe,Pierre,Mannelijk,06/30/2019
Charleroi,Nathalie,Vrouwelijk,06/17/2019
Anderlecht,Diogo,Mannelijk,07/01/2019
Antwerpen,Maria,Vrouwelijk,06/18/2019
Scherpenheuvel-Zichem,Marc,Mannelijk,06/10/2019
Wingene,Vicky,Vrouwelijk,06/26/2019
Schaarbeek,Fabio,Mannelijk,06/24/2019
Boom,Tommy,Mannelijk,06/17/2019
Zedelgem,Danny,Mannelijk,06/21/2019
Ronse,Inaya,Vrouwelijk,06/17/2019
Beersel,Vincent,Mannelijk,06/26/2019
Zaventem,Ferre,Mannelijk,06/24/2019
Rumst,Heidi,Vrouwelijk,06/23/2019
Sint-Gillis,Nathalie,Vrouwelijk,06/22/2019
Schaarbeek,Semanur,Vrouwelijk,06/20/2019
Antwerpen,Parisa,Vrouwelijk,06/10/2019
Gent,François,Mannelijk,06/13/2019
Anderlecht,Maciej,Mannelijk,06/27/2019
Elsene,Roger,Mannelijk,06/15/2019
Antwerpen,Pippa,Vrouwelijk,06/25/2019
Marche-en-Famenne,Christian,Mannelijk,06/12/2019
Genk,Ernest,Mannelijk,07/10/2019
Ninove,Jacqueline,Vrouwelijk,06/20/2019
Seraing,Dominique,Vrouwelijk,07/03/2019
Antwerpen,Erdzhan,Mannelijk,06/13/2019
Olen,Kevin,Mannelijk,08/14/2019
Mechelen,John,Mannelijk,06/22/2019
Charleroi,Michele,Mannelijk,06/20/2019
Dilbeek,Thomas,Mannelijk,06/21/2019
Hoei,François,Mannelijk,07/02/2019
Ganshoren,Anas,Mannelijk,06/28/2019
Sint-Jans-Molenbeek,Léa,Vrouwelijk,06/18/2019
Les Bons Villers,Bénédicte,Vrouwelijk,06/14/2019
Luik,Abdourahmane,Mannelijk,06/15/2019
Antwerpen,Karim,Mannelijk,06/14/2019
Genk,Anneleen,Vrouwelijk,06/10/2019
Sint-Pieters-Woluwe,Norah,Vrouwelijk,06/25/2019
Torhout,Monique,Vrouwelijk,06/23/2019
Vilvoorde,Anouar,Mannelijk,06/21/2019
Brakel,Kobe,Mannelijk,07/05/2019
Antwerpen,Salvatore,Mannelijk,06/17/2019
Dilsen-Stokkem,Stefan,Mannelijk,06/17/2019
Antwerpen,Rachid,Mannelijk,06/18/2019
Bitsingen,Raphaël,Mannelijk,06/21/2019
Torhout,Johan,Mannelijk,06/18/2019
Ganshoren,Serge,Mannelijk,06/17/2019
Laarne,Laure,Vrouwelijk,06/21/2019
Aalter,Willy,Mannelijk,06/11/2019
Dendermonde,Frederik,Mannelijk,06/23/2019
Tremelo,Marc,Mannelijk,06/26/2019
Antwerpen,Mohammed,Mannelijk,06/11/2019
Damme,Ward,Mannelijk,06/22/2019
Aalst (Aalst),Kimberley,Vrouwelijk,06/15/2019
Kortrijk,Leen,Vrouwelijk,06/15/2019
Eupen,Michael,Mannelijk,06/22/2019
Zemst,Marc,Mannelijk,06/14/2019
Eeklo,Anna,Vrouwelijk,06/24/2019
Doornik,Georges,Mannelijk,06/16/2019
Ans,Virginie,Vrouwelijk,06/12/2019
Schelle,Annick,Vrouwelijk,06/16/2019
Courcelles,Jordan,Mannelijk,06/09/2019
Oupeye,Claudia,Vrouwelijk,06/20/2019
Gent,Dave,Mannelijk,06/21/2019
Waterloo,Andrée,Vrouwelijk,06/28/2019
Saint-Hubert,Carine,Vrouwelijk,06/20/2019
Eigenbrakel,Danny,Mannelijk,06/22/2019
Merelbeke,Catharina,Vrouwelijk,06/26/2019
Schaarbeek,Otman,Mannelijk,06/17/2019
Brussel,Zakaria,Mannelijk,06/22/2019
Oudergem,José,Mannelijk,08/03/2019
Berlaar,Sabine,Vrouwelijk,07/16/2019
Dison,Josiane,Vrouwelijk,06/19/2019
Ingelmunster,Dirk,Mannelijk,06/17/2019
Beveren (Sint-Niklaas),David,Mannelijk,06/15/2019
Virton,Simon,Mannelijk,06/16/2019
Charleroi,Théo,Mannelijk,06/09/2019
Antwerpen,Viviane,Vrouwelijk,06/16/2019
Herve,Jean-Michel,Mannelijk,06/10/2019
Erpe-Mere,Annick,Vrouwelijk,06/18/2019
Aarlen,Anthony,Mannelijk,06/17/2019
Ottignies-Louvain-la-Neuve,Raphaël,Mannelijk,07/02/2019
Waregem,Anja,Vrouwelijk,06/18/2019
Binche,Jonathan,Mannelijk,07/05/2019
Sint-Jans-Molenbeek,Sidra,Vrouwelijk,06/14/2019
Aarschot,Leon,Mannelijk,06/21/2019
Mol,Stefan,Mannelijk,07/05/2019
Etterbeek,Dorian,Mannelijk,06/13/2019
Bitsingen,Joëlle,Vrouwelijk,06/14/2019
Harelbeke,Wim,Mannelijk,06/17/2019
Andenne,Micheline,Vrouwelijk,06/11/2019
Flémalle,André,Mannelijk,06/09/2019
Gent,Stella,Vrouwelijk,06/22/2019
Estaimpuis,Inès,Vrouwelijk,06/27/2019
Herzele,Jayden,Mannelijk,06/21/2019
Ledegem,Stephanie,Vrouwelijk,06/12/2019
Wielsbeke,Phebe,Vrouwelijk,06/18/2019
Eghezée,Laure,Vrouwelijk,07/08/2019
Wielsbeke,Rudy,Mannelijk,06/15/2019
Vosselaar,Jan,Mannelijk,06/23/2019
Sint-Katelijne-Waver,Ann,Vrouwelijk,07/05/2019
Antwerpen,Shana,Vrouwelijk,06/25/2019
Wommelgem,Priscilla,Vrouwelijk,06/23/2019
Sambreville,Eva,Vrouwelijk,06/21/2019
Colfontaine,Bruno,Mannelijk,06/18/2019
Genk,Nicole,Vrouwelijk,06/15/2019
Charleroi,Pauline,Vrouwelijk,06/15/2019
Antwerpen,Jan,Mannelijk,06/24/2019
Watermaal-Bosvoorde,Olivia,Vrouwelijk,06/26/2019
La Louvière,Elora,Vrouwelijk,06/17/2019
Gent,Armand,Mannelijk,06/28/2019
Leuven,Linda,Vrouwelijk,06/24/2019
Sint-Joost-ten-Node,Naima,Vrouwelijk,07/09/2019
Westerlo,Davy,Mannelijk,06/18/2019
Brussel,Cristina,Vrouwelijk,06/17/2019
Tienen,Bo,Vrouwelijk,06/16/2019
Merchtem,Chantal,Vrouwelijk,06/27/2019
Zulte,Luka,Mannelijk,06/21/2019
Sint-Genesius-Rode,Elisabeth,Vrouwelijk,06/11/2019
Aat,Michaël,Mannelijk,07/10/2019
Schaarbeek,Nicolas,Mannelijk,06/17/2019
Overijse,Johan,Mannelijk,06/18/2019
Gerpinnes,Raymonde,Vrouwelijk,06/26/2019
Nieuwpoort,Ruben,Mannelijk,06/30/2019
Luik,Antonia,Vrouwelijk,06/18/2019
Schaarbeek,Karina,Vrouwelijk,06/17/2019
Andenne,Louis,Mannelijk,06/21/2019
Aalter,Stijn,Mannelijk,06/19/2019
Pepinster,Liliane,Vrouwelijk,06/15/2019
Asse,Marie,Vrouwelijk,06/29/2019
Overijse,Annick,Vrouwelijk,06/18/2019
Essen,Jelle,Mannelijk,06/20/2019
Hasselt,Ives,Mannelijk,06/24/2019
Gent,Guy,Mannelijk,07/02/2019
Floreffe,Jordan,Mannelijk,06/23/2019
Jemeppe-sur-Sambre,Jeanne,Vrouwelijk,06/22/2019
Oostende,Kurt,Mannelijk,06/24/2019
Vorst (Brussel-Hoofdstad),Joséphine,Vrouwelijk,07/08/2019
Sint-Pieters-Woluwe,Gabriel,Mannelijk,06/24/2019
Galmaarden,Mariette,Vrouwelijk,06/13/2019
Herent,Annie,Vrouwelijk,07/03/2019
Elsene,Valérie,Vrouwelijk,07/01/2019
Beveren (Sint-Niklaas),Gerda,Vrouwelijk,06/28/2019
Jette,Maria,Vrouwelijk,06/21/2019
Lessen,Christine,Vrouwelijk,07/05/2019
Ans,Anne-Marie,Vrouwelijk,06/12/2019
Hasselt,Hilde,Vrouwelijk,07/03/2019
Deinze,Francine,Vrouwelijk,06/09/2019
Profondeville,Léa,Vrouwelijk,07/02/2019
Anzegem,Erik,Mannelijk,06/22/2019
Antwerpen,Greta,Vrouwelijk,07/12/2019
Chapelle-lez-Herlaimont,Rosalba,Vrouwelijk,06/16/2019
Waregem,Paul,Mannelijk,06/19/2019
Antwerpen,Robert,Mannelijk,06/16/2019
Bree,Benny,Mannelijk,06/29/2019
Sint-Jans-Molenbeek,Abdellah,Mannelijk,06/24/2019
Antwerpen,Iwona,Vrouwelijk,06/17/2019
Sint-Jans-Molenbeek,Mélissa,Vrouwelijk,06/15/2019
Gent,Sibel,Vrouwelijk,06/24/2019
Doornik,Amandine,Vrouwelijk,06/29/2019
Brussel,Philippe,Mannelijk,08/14/2019
Ganshoren,Rose,Vrouwelijk,06/24/2019
Brugge,Lobke,Vrouwelijk,06/18/2019
Bertem,Elise,Vrouwelijk,06/15/2019
Bergen,Nathalie,Vrouwelijk,06/28/2019
Sambreville,Laurence,Vrouwelijk,08/11/2019
Moeskroen,Guillaume,Mannelijk,06/17/2019
Sint-Jans-Molenbeek,El,Vrouwelijk,06/19/2019
Lier,Theresia,Vrouwelijk,07/05/2019
Itter,Thomas,Mannelijk,06/18/2019
Jette,Chantal,Vrouwelijk,06/18/2019
Ferrières,Christian,Mannelijk,06/13/2019
Estaimpuis,Chantal,Vrouwelijk,06/19/2019
Beyne-Heusay,Salvatore,Mannelijk,06/09/2019
Eeklo,Hannah,Vrouwelijk,06/24/2019
Antwerpen,Abdelhafid,Mannelijk,06/29/2019
Sint-Agatha-Berchem,Véronique,Vrouwelijk,06/22/2019
Olne,Olivier,Mannelijk,06/14/2019
Zandhoven,Chris,Mannelijk,06/16/2019
Brugge,Elise,Vrouwelijk,06/22/2019
Knokke-Heist,Jolien,Vrouwelijk,06/20/2019
Oostkamp,Sander,Mannelijk,06/09/2019
Oostende,Conny,Vrouwelijk,07/20/2019
Halle (Halle-Vilvoorde),Elke,Vrouwelijk,06/23/2019
Zinnik,Alice,Vrouwelijk,06/17/2019
Genk,Ismail,Mannelijk,06/28/2019
Sint-Jans-Molenbeek,Jeanne,Vrouwelijk,06/22/2019
Antwerpen,Arnaud,Mannelijk,06/15/2019
Westerlo,Yvonne,Vrouwelijk,06/21/2019
Anhée,Véronique,Vrouwelijk,06/17/2019
Binche,Georges,Mannelijk,06/22/2019
Namen,Anna,Vrouwelijk,06/22/2019
Turnhout,Mathilda,Vrouwelijk,06/17/2019
Kluisbergen,Kevin,Mannelijk,07/25/2019
Manage,Gabriel,Mannelijk,06/26/2019
Dilbeek,Ann,Vrouwelijk,06/14/2019
Charleroi,Claudine,Vrouwelijk,06/27/2019
Deerlijk,Nancy,Vrouwelijk,06/15/2019
Beyne-Heusay,Paulette,Vrouwelijk,06/23/2019
Schaarbeek,Andrea,Vrouwelijk,06/16/2019
Kuurne,Felix,Mannelijk,06/28/2019
Sint-Truiden,Elena,Vrouwelijk,06/14/2019
Tienen,Stefan,Mannelijk,07/10/2019
Kortrijk,Johan,Mannelijk,06/27/2019
Sint-Lambrechts-Woluwe,Amal,Vrouwelijk,06/25/2019
Arendonk,Leen,Vrouwelijk,06/10/2019
Brugge,Mariette,Vrouwelijk,06/14/2019
Brussel,Fouzia,Vrouwelijk,06/20/2019
Antwerpen,Leo,Mannelijk,06/17/2019
Gent,Sevda,Vrouwelijk,06/22/2019
Chièvres,Valentin,Mannelijk,06/25/2019
Dour,Françoise,Vrouwelijk,06/29/2019
Walhain,Louis,Mannelijk,06/11/2019
Wommelgem,Christel,Vrouwelijk,06/28/2019
Montigny-le-Tilleul,Noa,Mannelijk,06/28/2019
Ottignies-Louvain-la-Neuve,Charly,Mannelijk,06/19/2019
Seraing,Juan,Mannelijk,06/10/2019
Beerse,Katrien,Vrouwelijk,06/29/2019
Bilzen,Peter,Mannelijk,06/20/2019
Houffalize,Emilie,Vrouwelijk,06/22/2019
Oudsbergen,Edith,Vrouwelijk,06/14/2019
Pittem,Christiaan,Mannelijk,06/12/2019
Anzegem,Paul,Mannelijk,06/20/2019
Kontich,François,Mannelijk,06/23/2019
Hoei,Kelly,Vrouwelijk,06/17/2019
Sint-Niklaas (Sint-Niklaas),Cindy,Vrouwelijk,06/18/2019
Zinnik,Quentin,Mannelijk,06/23/2019
Staden,Miguel,Mannelijk,06/21/2019
Esneux,Eveline,Vrouwelijk,08/04/2019
Morlanwelz,Graziella,Vrouwelijk,06/19/2019
Antwerpen,Danny,Mannelijk,06/16/2019
Hechtel-Eksel,An,Vrouwelijk,06/22/2019
Riemst,Tatiana,Vrouwelijk,06/29/2019
Hannuit,Samuel,Mannelijk,06/21/2019
Florennes,Valentin,Mannelijk,06/16/2019
Opwijk,Frederik,Mannelijk,06/29/2019
Tielt (Tielt),Stefaan,Mannelijk,06/16/2019
Walcourt,Madeleine,Vrouwelijk,06/25/2019
Tongeren,Katleen,Vrouwelijk,07/07/2019
Blankenberge,Kimberly,Vrouwelijk,06/22/2019
Sint-Gillis-Waas,Melissa,Vrouwelijk,07/08/2019
Sint-Gillis,Jérémy,Mannelijk,06/22/2019
Brussel,Hayat,Vrouwelijk,06/22/2019
Melle,Ann,Vrouwelijk,06/19/2019
Morlanwelz,Solange,Vrouwelijk,06/19/2019
Antwerpen,Marita,Vrouwelijk,07/13/2019
Rixensart,Ghislaine,Vrouwelijk,06/18/2019
Fexhe-le-Haut-Clocher,Ginette,Vrouwelijk,06/20/2019
Lendelede,Laura,Vrouwelijk,06/21/2019
Kapellen (Antwerpen),Jonas,Mannelijk,06/19/2019
Namen,Esther,Vrouwelijk,06/20/2019
Kalmthout,Serge,Mannelijk,06/30/2019
Couvin,Virginie,Vrouwelijk,06/18/2019
Anderlecht,Maryse,Vrouwelijk,06/27/2019
Rotselaar,Eddy,Mannelijk,06/27/2019
Lochristi,Freya,Vrouwelijk,06/19/2019
Luik,Julien,Mannelijk,06/27/2019
Vorst (Brussel-Hoofdstad),Philippe,Mannelijk,06/19/2019
Maasmechelen,Handan,Vrouwelijk,06/22/2019
Puurs-Sint-Amands,Pieter,Mannelijk,06/22/2019
Wachtebeke,Ingrid,Vrouwelijk,06/23/2019
Brussel,Salma,Vrouwelijk,07/02/2019
Gent,David,Mannelijk,06/23/2019
Antwerpen,Stefaan,Mannelijk,07/16/2019
Nijvel,Lucie,Vrouwelijk,06/13/2019
Antwerpen,Myra,Vrouwelijk,06/16/2019
Zinnik,Marcelle,Vrouwelijk,06/14/2019
Charleroi,Zohra,Vrouwelijk,06/10/2019
Oudsbergen,Anne,Vrouwelijk,06/28/2019
Bütgenbach,André,Mannelijk,06/21/2019
Welkenraedt,Georges,Mannelijk,06/25/2019
Geraardsbergen,Katleen,Vrouwelijk,06/16/2019
Moeskroen,Laura,Vrouwelijk,06/14/2019
Graven,Martine,Vrouwelijk,06/24/2019
Aat,Marie-Laure,Vrouwelijk,06/14/2019
Zemst,Joke,Vrouwelijk,06/17/2019
Remicourt,Marc,Mannelijk,06/26/2019
Avelgem,Dieter,Mannelijk,07/02/2019
Kortrijk,Noëlla,Vrouwelijk,06/26/2019
Ans,Pierre,Mannelijk,06/19/2019
