gemeente,naam,geslacht,verwachte datum
Schaarbeek,Paulina,Vrouwelijk,03/29/2019
Kortrijk,Leona,Vrouwelijk,03/19/2019
Assesse,Annick,Vrouwelijk,03/24/2019
Wachtebeke,Liliane,Vrouwelijk,03/25/2019
Gent,Merlin,Vrouwelijk,04/10/2019
Antwerpen,Leopold,Mannelijk,04/03/2019
Elsene,Michel,Mannelijk,03/28/2019
Brussel,Sofia,Vrouwelijk,03/20/2019
Leuven,Astrid,Vrouwelijk,03/17/2019
Wetteren,Aline,Vrouwelijk,03/26/2019
Virton,Robin,Mannelijk,03/24/2019
Ukkel,Paul,Mannelijk,03/10/2019
Boortmeerbeek,Marleen,Vrouwelijk,03/13/2019
Sint-Gillis,Gheorghe,Mannelijk,03/16/2019
Verviers,Jeanne,Vrouwelijk,03/20/2019
Heist-op-den-Berg,Julius,Mannelijk,03/25/2019
Zelzate,Francis,Mannelijk,03/17/2019
Gent,Martine,Vrouwelijk,03/18/2019
Brussel,M'hammed,Mannelijk,03/27/2019
Estaimpuis,Ludovic,Mannelijk,03/21/2019
Scherpenheuvel-Zichem,Elsa,Vrouwelijk,03/15/2019
Retie,Linda,Vrouwelijk,04/07/2019
Libramont-Chevigny,Anthony,Mannelijk,03/08/2019
Zoersel,Paula,Vrouwelijk,03/17/2019
Pelt,Eric,Mannelijk,03/08/2019
Eghezée,Anne,Vrouwelijk,03/15/2019
Tielt (Tielt),Wim,Mannelijk,03/16/2019
Sint-Pieters-Woluwe,Cynthia,Vrouwelijk,03/10/2019
Koksijde,Elise,Vrouwelijk,03/25/2019
Assenede,Etienne,Mannelijk,03/23/2019
Antwerpen,Mimoun,Mannelijk,03/14/2019
Schaarbeek,Walid,Mannelijk,03/19/2019
Brugge,Grace,Vrouwelijk,04/02/2019
Vorst (Brussel-Hoofdstad),Michel,Mannelijk,03/27/2019
Antwerpen,Ouafa,Vrouwelijk,03/22/2019
Sint-Jans-Molenbeek,Sabrina,Vrouwelijk,03/23/2019
Nazareth,Pieter-Jan,Mannelijk,03/14/2019
Theux,Astrid,Vrouwelijk,03/30/2019
Courcelles,Pierre,Mannelijk,04/30/2019
Ninove,Thierry,Mannelijk,03/24/2019
Westerlo,Lotte,Vrouwelijk,03/20/2019
Doornik,Noëla,Vrouwelijk,04/04/2019
Lanaken,August,Mannelijk,03/14/2019
Boortmeerbeek,Patrick,Mannelijk,03/21/2019
Antwerpen,Rabia,Vrouwelijk,03/26/2019
Diest,Nadine,Vrouwelijk,03/24/2019
Hoei,Bernard,Mannelijk,03/20/2019
Waregem,Pieter,Mannelijk,03/27/2019
Büllingen,Mathias,Mannelijk,03/17/2019
Geraardsbergen,Kathleen,Vrouwelijk,03/18/2019
Pont-à-Celles,Christiane,Vrouwelijk,03/26/2019
Bernissart,Maurice,Mannelijk,03/17/2019
Stekene,Nathalie,Vrouwelijk,03/22/2019
Antwerpen,Christiane,Vrouwelijk,03/26/2019
Vorst (Brussel-Hoofdstad),Harry,Mannelijk,03/21/2019
Beveren (Sint-Niklaas),Sam,Mannelijk,03/25/2019
Colfontaine,Eliane,Vrouwelijk,03/28/2019
Péruwelz,Bernadette,Vrouwelijk,03/19/2019
Brugge,Andy,Mannelijk,03/26/2019
Staden,Lotte,Vrouwelijk,03/13/2019
Charleroi,Manuel,Mannelijk,03/09/2019
Antwerpen,Ilayda,Vrouwelijk,03/21/2019
Jabbeke,Marcel,Mannelijk,03/12/2019
Herentals,Maria,Vrouwelijk,03/18/2019
Elsene,Raphaël,Mannelijk,03/21/2019
Begijnendijk,Fleur,Vrouwelijk,03/24/2019
Brussel,Zakaria,Mannelijk,03/12/2019
Charleroi,Georgette,Vrouwelijk,03/20/2019
Antwerpen,Godelieve,Vrouwelijk,03/08/2019
Alken,Marc,Mannelijk,03/21/2019
Elsene,Priscilla,Vrouwelijk,03/08/2019
Schaarbeek,Sara,Vrouwelijk,03/25/2019
Colfontaine,Gwenaëlle,Vrouwelijk,03/21/2019
Roeselare,Cas,Mannelijk,03/18/2019
Zaventem,Heidi,Vrouwelijk,03/17/2019
Elsene,Réginald,Mannelijk,03/15/2019
Deinze,Thierry,Mannelijk,03/21/2019
Juprelle,Marie,Vrouwelijk,04/08/2019
Namen,Carmen,Vrouwelijk,04/01/2019
Ranst,Hanne,Vrouwelijk,03/24/2019
Sint-Jans-Molenbeek,Ibtissam,Vrouwelijk,03/10/2019
Lier,Dirk,Mannelijk,03/31/2019
Genk,Hasan,Mannelijk,03/13/2019
Mettet,Nathalie,Vrouwelijk,03/13/2019
Charleroi,Sasha,Mannelijk,03/24/2019
Oostende,Roger,Mannelijk,03/08/2019
Sint-Gillis-Waas,Jan,Mannelijk,03/26/2019
Dison,Marie-Christine,Vrouwelijk,03/20/2019
Brugge,Frederiek,Mannelijk,04/10/2019
Tienen,Ludo,Mannelijk,04/07/2019
Menen,Daphné,Vrouwelijk,03/24/2019
Brussel,Pauline,Vrouwelijk,03/23/2019
Brugge,Bram,Mannelijk,03/21/2019
Colfontaine,Marion,Vrouwelijk,03/23/2019
Lebbeke,Lies,Vrouwelijk,03/20/2019
Luik,Cécile,Vrouwelijk,03/11/2019
Waver,Louisa,Vrouwelijk,03/17/2019
Mortsel,Nadine,Vrouwelijk,04/07/2019
Tongeren,Jean,Mannelijk,03/23/2019
Hasselt,Freddy,Mannelijk,04/09/2019
Koksijde,Patrick,Mannelijk,03/16/2019
Kinrooi,Johnny,Mannelijk,03/22/2019
Mortsel,Peggy,Vrouwelijk,03/15/2019
Ieper,Kaat,Vrouwelijk,03/16/2019
Kraainem,Christophe,Mannelijk,03/27/2019
Dessel,Ella,Vrouwelijk,03/27/2019
Geel,Eddy,Mannelijk,03/21/2019
Eigenbrakel,Vincent,Mannelijk,03/18/2019
Charleroi,Micheline,Vrouwelijk,03/25/2019
Kruibeke,Eline,Vrouwelijk,03/25/2019
Antwerpen,Selvi,Vrouwelijk,04/04/2019
Izegem,Steve,Mannelijk,03/08/2019
Bergen,Jessica,Vrouwelijk,03/16/2019
Knokke-Heist,Robert,Mannelijk,04/24/2019
Seraing,Daniel,Mannelijk,03/27/2019
Menen,Mona,Vrouwelijk,03/22/2019
Charleroi,Martin,Mannelijk,03/21/2019
Genepiën,Patricia,Vrouwelijk,03/28/2019
Grâce-Hollogne,Christopher,Mannelijk,03/11/2019
Londerzeel,Geert,Mannelijk,03/22/2019
Schaarbeek,Yacine,Mannelijk,03/16/2019
Oupeye,Ivan,Mannelijk,03/23/2019
Bocholt,Lotte,Vrouwelijk,03/21/2019
Chimay,Yannick,Mannelijk,04/09/2019
Elsene,Iris,Vrouwelijk,03/13/2019
Brugge,Martine,Vrouwelijk,03/17/2019
Antwerpen,Dylan,Mannelijk,03/19/2019
Luik,Patrick,Mannelijk,04/02/2019
Leuven,Eddy,Mannelijk,03/15/2019
Nieuwpoort,Louis,Mannelijk,03/19/2019
Hove (Antwerpen),Lotte,Vrouwelijk,03/25/2019
Anderlues,Pascal,Mannelijk,03/27/2019
Fléron,Lindsay,Vrouwelijk,04/06/2019
Trooz,Geoffrey,Mannelijk,03/09/2019
Wetteren,Jan,Mannelijk,03/14/2019
Leuven,Geert,Mannelijk,03/20/2019
Herk-de-Stad,Paula,Vrouwelijk,03/19/2019
Antwerpen,Aydan,Mannelijk,03/18/2019
Ukkel,Eloïse,Vrouwelijk,03/22/2019
Herent,Beatrijs,Vrouwelijk,03/21/2019
Brussel,Philippe,Mannelijk,03/15/2019
Moeskroen,Aurélien,Mannelijk,03/16/2019
Geetbets,Willy,Mannelijk,03/14/2019
Herstal,Roger,Mannelijk,03/18/2019
Anderlecht,Hayat,Vrouwelijk,04/15/2019
Izegem,Ria,Vrouwelijk,03/25/2019
Brugge,Monique,Vrouwelijk,04/03/2019
Dilbeek,Josée,Vrouwelijk,03/15/2019
Brussel,Zaina,Vrouwelijk,03/15/2019
Verviers,Marc,Mannelijk,03/18/2019
Herselt,Wout,Mannelijk,03/13/2019
Elsene,Alain,Mannelijk,03/11/2019
Engis,Elisabeth,Vrouwelijk,03/12/2019
Lier,Paula,Vrouwelijk,03/20/2019
Mettet,Fabienne,Vrouwelijk,03/15/2019
Bergen,Emmanuelle,Vrouwelijk,03/19/2019
Leuven,Karel,Mannelijk,03/08/2019
Evergem,Carine,Vrouwelijk,03/16/2019
Lasne,Juliette,Vrouwelijk,03/18/2019
Sint-Gillis-Waas,Dirk,Mannelijk,03/30/2019
Antwerpen,Josephine,Vrouwelijk,03/15/2019
Ukkel,Antoine,Mannelijk,03/17/2019
Schoten,Cecile,Vrouwelijk,03/23/2019
Grimbergen,Anne,Vrouwelijk,03/15/2019
Schaarbeek,Fatiha,Vrouwelijk,03/19/2019
Gent,Angel,Mannelijk,03/28/2019
Grimbergen,Armand,Mannelijk,03/19/2019
Neufchâteau (Neufchâteau),Dominique,Vrouwelijk,03/20/2019
Deinze,Jan,Mannelijk,03/19/2019
Geel,Ann,Vrouwelijk,03/08/2019
Brussel,Michaël,Mannelijk,03/19/2019
Lede,Peter,Mannelijk,03/25/2019
Kruisem,Lucas,Mannelijk,03/18/2019
Eigenbrakel,Laurent,Mannelijk,04/01/2019
Antwerpen,Inara,Vrouwelijk,03/17/2019
Schaarbeek,Zofia,Vrouwelijk,03/18/2019
Gent,Eden,Mannelijk,03/21/2019
Antwerpen,Mohamed,Mannelijk,03/24/2019
Veurne,Serge,Mannelijk,03/27/2019
Nieuwerkerken (Hasselt),Rob,Mannelijk,03/12/2019
Merelbeke,Rosette,Vrouwelijk,05/09/2019
Puurs-Sint-Amands,Maria,Vrouwelijk,03/17/2019
Gent,Paule,Vrouwelijk,03/18/2019
Zwalm,Jo,Mannelijk,03/13/2019
Komen-Waasten,Danièle,Vrouwelijk,03/20/2019
Grimbergen,Nancy,Vrouwelijk,03/08/2019
Roeselare,Monique,Vrouwelijk,03/25/2019
Charleroi,Marco,Mannelijk,03/14/2019
Binche,Angèle,Vrouwelijk,03/28/2019
Namen,Sébastien,Mannelijk,04/07/2019
Gent,Joseph,Mannelijk,03/23/2019
Luik,Nathan,Mannelijk,03/20/2019
Durbuy,Pierre,Mannelijk,03/11/2019
Leuven,Lucas,Mannelijk,03/17/2019
Denderleeuw,Suzanna,Vrouwelijk,03/15/2019
Lier,Marc,Mannelijk,03/20/2019
Aartselaar,Lukas,Mannelijk,03/23/2019
Momignies,Noah,Mannelijk,04/05/2019
La Louvière,Santo,Mannelijk,03/20/2019
Gembloux,Antoine,Mannelijk,03/18/2019
Namen,Asma,Vrouwelijk,03/15/2019
Lommel,Johannes,Mannelijk,03/29/2019
Balen,Jochen,Mannelijk,04/07/2019
Destelbergen,Olivier,Mannelijk,03/16/2019
Brussel,Natacha,Vrouwelijk,03/12/2019
Sint-Truiden,Sarah,Vrouwelijk,03/13/2019
Maaseik,Sophie,Vrouwelijk,04/06/2019
Merelbeke,Hilde,Vrouwelijk,03/17/2019
Oostende,Lydia,Vrouwelijk,03/17/2019
Etterbeek,Yves,Mannelijk,03/20/2019
Rochefort,Grégory,Mannelijk,03/17/2019
Antwerpen,Marylène,Vrouwelijk,03/20/2019
Antwerpen,Dominik,Mannelijk,03/08/2019
Brussel,Mouad,Mannelijk,04/03/2019
Fleurus,Alfred,Mannelijk,03/10/2019
Kapellen (Antwerpen),Hilda,Vrouwelijk,03/15/2019
Ecaussinnes,Bernadette,Vrouwelijk,03/15/2019
Charleroi,Michèle,Vrouwelijk,04/11/2019
Bergen,Maria,Vrouwelijk,03/26/2019
Evere,Jonathan,Mannelijk,03/11/2019
Menen,Pedro,Mannelijk,03/20/2019
Antwerpen,Angelique,Vrouwelijk,04/03/2019
Gerpinnes,Monique,Vrouwelijk,05/10/2019
Charleroi,Lisa,Vrouwelijk,03/21/2019
Dilsen-Stokkem,Jean-Paul,Mannelijk,03/28/2019
Gent,Farah,Vrouwelijk,03/25/2019
Wachtebeke,Mia,Vrouwelijk,03/24/2019
Ravels,Margaretha,Vrouwelijk,03/16/2019
Keerbergen,Kristina,Vrouwelijk,04/03/2019
Ieper,Rudy,Mannelijk,03/23/2019
Fleurus,Nancy,Vrouwelijk,03/08/2019
Bergen,Paul,Mannelijk,03/19/2019
Saint-Nicolas (Luik),Muhammed,Mannelijk,03/13/2019
Jette,Ioan,Mannelijk,03/20/2019
Heusden-Zolder,Lien,Vrouwelijk,03/15/2019
Brecht,Benny,Mannelijk,04/06/2019
Heist-op-den-Berg,Marthe,Vrouwelijk,03/17/2019
Aarlen,Cécile,Vrouwelijk,03/20/2019
Sint-Truiden,Mark,Mannelijk,03/15/2019
Londerzeel,Willy,Mannelijk,03/20/2019
Houthalen-Helchteren,Maria,Vrouwelijk,03/19/2019
Pepinster,Joëlle,Vrouwelijk,03/09/2019
Hasselt,Marie,Vrouwelijk,04/03/2019
Tongeren,Elisabeth,Vrouwelijk,03/27/2019
Beerse,Filip,Mannelijk,03/20/2019
Eigenbrakel,Philippe,Mannelijk,03/17/2019
Antwerpen,Willy,Mannelijk,03/16/2019
Lille,Sven,Mannelijk,03/24/2019
Laakdal,Pauline,Vrouwelijk,03/10/2019
Couvin,Gérard,Mannelijk,03/27/2019
Graven,René,Mannelijk,03/27/2019
Oerle,Séverine,Vrouwelijk,03/27/2019
Geldenaken,Martine,Vrouwelijk,03/27/2019
Beersel,Patrick,Mannelijk,03/09/2019
Malle,Edward,Mannelijk,03/18/2019
Brasschaat,Charles,Mannelijk,03/13/2019
Opwijk,Paulien,Vrouwelijk,03/10/2019
Luik,Viviane,Vrouwelijk,03/21/2019
Leuven,Bozena,Vrouwelijk,03/10/2019
Roeselare,Elie,Mannelijk,03/12/2019
Maasmechelen,Adriaan,Mannelijk,03/08/2019
Gent,Sofie,Vrouwelijk,03/17/2019
Geel,Liesl,Vrouwelijk,03/19/2019
Charleroi,Emmanuelle,Vrouwelijk,03/23/2019
Sint-Martens-Latem,Sven,Mannelijk,03/25/2019
Waterloo,Freddy,Mannelijk,04/06/2019
Waver,Bernadette,Vrouwelijk,03/26/2019
Hamont-Achel,Joseph,Mannelijk,04/11/2019
Steenokkerzeel,Erik,Mannelijk,03/25/2019
De Haan,Marie,Vrouwelijk,03/29/2019
Heusden-Zolder,Louisa,Vrouwelijk,03/23/2019
Brussel,Carine,Vrouwelijk,03/15/2019
Awans,Romain,Mannelijk,03/30/2019
Moeskroen,Patricia,Vrouwelijk,03/24/2019
Sint-Jans-Molenbeek,Liliane,Vrouwelijk,03/17/2019
Gerpinnes,Florence,Vrouwelijk,03/15/2019
Antwerpen,Layal,Vrouwelijk,04/09/2019
Brussel,David,Mannelijk,04/05/2019
Kruibeke,Caroline,Vrouwelijk,03/19/2019
Perwijs (Nijvel),Sophie,Vrouwelijk,03/14/2019
Oudenaarde,Vincent,Mannelijk,04/10/2019
Brussel,Jeanne,Vrouwelijk,03/30/2019
Doornik,Lyam,Mannelijk,03/10/2019
Grâce-Hollogne,Vincent,Mannelijk,04/06/2019
Gedinne,Daniel,Mannelijk,03/16/2019
Aalst (Aalst),Youssef,Mannelijk,03/13/2019
Ukkel,Julie,Vrouwelijk,03/17/2019
Gingelom,Kevin,Mannelijk,03/15/2019
Antwerpen,Els,Vrouwelijk,03/14/2019
Brussel,Mamadou,Mannelijk,03/16/2019
Elsene,Raquel,Vrouwelijk,03/12/2019
Maaseik,Lien,Vrouwelijk,03/15/2019
Nandrin,Daniel,Mannelijk,03/17/2019
Thimister-Clermont,Colette,Vrouwelijk,03/28/2019
Evergem,Miriam,Vrouwelijk,04/06/2019
Bergen,Eva,Vrouwelijk,03/31/2019
Kortrijk,Felix,Mannelijk,03/16/2019
Vorst (Brussel-Hoofdstad),El,Mannelijk,03/15/2019
Gent,Christelle,Vrouwelijk,03/22/2019
Kortenaken,Peter,Mannelijk,03/24/2019
Beringen,Yakup,Mannelijk,03/22/2019
Eeklo,Carine,Vrouwelijk,03/27/2019
Luik,Adnan,Mannelijk,03/28/2019
Ingelmunster,Chantal,Vrouwelijk,03/16/2019
Roeselare,Maria,Vrouwelijk,03/21/2019
Ichtegem,Michael,Mannelijk,04/10/2019
Ninove,Ine,Vrouwelijk,03/21/2019
Waver,Dominique,Vrouwelijk,03/16/2019
Leuze-en-Hainaut,Ophélie,Vrouwelijk,03/28/2019
Saint-Ghislain,Mathéo,Mannelijk,04/11/2019
Dour,Louis,Mannelijk,03/26/2019
Eghezée,Benoît,Mannelijk,03/12/2019
Geel,Juliana,Vrouwelijk,03/29/2019
Zonhoven,Lorenzo,Mannelijk,03/20/2019
Herentals,Gerda,Vrouwelijk,04/14/2019
Quiévrain,Pauline,Vrouwelijk,04/03/2019
Maaseik,Marie,Vrouwelijk,03/13/2019
Sint-Pieters-Woluwe,Célia,Vrouwelijk,03/22/2019
Koksijde,Mia,Vrouwelijk,03/17/2019
Lochristi,Albert,Mannelijk,03/20/2019
Gooik,Jeanne,Vrouwelijk,03/22/2019
Gent,Milen,Mannelijk,03/12/2019
