gemeente,naam,geslacht,verwachte datum
Namen,Nicolas,Mannelijk,10/14/2019
Beloeil,Danny,Mannelijk,10/28/2019
Vorst (Brussel-Hoofdstad),Natalia,Vrouwelijk,10/15/2019
Flémalle,Vincent,Mannelijk,10/23/2019
Brugge,Nancy,Vrouwelijk,10/11/2019
Knokke-Heist,Sabine,Vrouwelijk,11/06/2019
Antwerpen,Paul,Mannelijk,10/21/2019
Bouillon,Liliane,Vrouwelijk,10/20/2019
Seneffe,Francine,Vrouwelijk,10/10/2019
Eupen,Amalia,Vrouwelijk,10/15/2019
Antwerpen,Jozef,Mannelijk,10/07/2019
Herselt,Richard,Mannelijk,10/06/2019
Aywaille,Arnaud,Mannelijk,10/12/2019
Evere,Ines,Vrouwelijk,10/22/2019
Gent,Anis,Mannelijk,10/09/2019
Wervik,Hilde,Vrouwelijk,10/17/2019
Antwerpen,Kerstin,Vrouwelijk,10/22/2019
Rochefort,Anne-Sophie,Vrouwelijk,10/19/2019
Ecaussinnes,Raymond,Mannelijk,10/13/2019
Erquelinnes,Guy,Mannelijk,10/10/2019
Brugge,Dorota,Vrouwelijk,10/20/2019
Boortmeerbeek,Anna,Vrouwelijk,10/23/2019
Grimbergen,Eliane,Vrouwelijk,10/12/2019
Charleroi,Alissa,Vrouwelijk,10/05/2019
Andenne,Joyce,Vrouwelijk,10/06/2019
Pelt,Godelieve,Vrouwelijk,10/05/2019
Maldegem,Femke,Vrouwelijk,10/12/2019
Sint-Jans-Molenbeek,Nora,Vrouwelijk,10/12/2019
Herstal,Mariette,Vrouwelijk,10/16/2019
Gavere,Sabrina,Vrouwelijk,10/21/2019
Schaarbeek,Yassine,Mannelijk,10/12/2019
Lommel,Anja,Vrouwelijk,10/06/2019
Leuze-en-Hainaut,Cédric,Mannelijk,10/08/2019
Seraing,Boubacar,Mannelijk,10/22/2019
Zemst,Veronique,Vrouwelijk,10/16/2019
Brakel,Ine,Vrouwelijk,10/05/2019
Rixensart,Olivier,Mannelijk,12/05/2019
Lubbeek,Maria,Vrouwelijk,10/15/2019
Schaarbeek,Chiara,Vrouwelijk,10/19/2019
Lummen,Walter,Mannelijk,10/17/2019
Malmedy,Monique,Vrouwelijk,10/15/2019
Houthulst,Ann,Vrouwelijk,10/18/2019
Grimbergen,Marie-Claire,Vrouwelijk,10/07/2019
Lubbeek,Ann,Vrouwelijk,10/12/2019
Wommelgem,Olivia,Vrouwelijk,10/14/2019
Vorst (Brussel-Hoofdstad),Christine,Vrouwelijk,10/07/2019
Fléron,Eliane,Vrouwelijk,11/08/2019
Kapellen (Antwerpen),Nina,Vrouwelijk,10/10/2019
Viroinval,Georgette,Vrouwelijk,10/09/2019
Etterbeek,Mimoun,Mannelijk,10/07/2019
Houthulst,Marie,Vrouwelijk,10/10/2019
Bree,Hendrikus,Mannelijk,10/12/2019
Vorst (Brussel-Hoofdstad),Pierre-Yves,Mannelijk,10/20/2019
Tenneville,Charlotte,Vrouwelijk,10/23/2019
Sint-Gillis-Waas,Jean,Mannelijk,11/04/2019
Gistel,Martha,Vrouwelijk,10/15/2019
Wellen,Anja,Vrouwelijk,10/23/2019
Aubange,Paul,Mannelijk,10/08/2019
Brecht,Greet,Vrouwelijk,10/08/2019
Namen,Maurice,Mannelijk,10/10/2019
Brecht,Patrick,Mannelijk,11/01/2019
Sint-Gillis,Vittoria,Vrouwelijk,10/18/2019
Malmedy,Serge,Mannelijk,10/22/2019
Dilsen-Stokkem,Marcel,Mannelijk,10/16/2019
Lille,Gert,Mannelijk,10/16/2019
Mechelen,Ghislaine,Vrouwelijk,10/19/2019
Antwerpen,Mounir,Mannelijk,10/06/2019
Marche-en-Famenne,Julie,Vrouwelijk,10/08/2019
Lokeren,Martine,Vrouwelijk,10/22/2019
Leuven,Denise,Vrouwelijk,10/12/2019
Oostkamp,Marthe,Vrouwelijk,10/19/2019
Sint-Lambrechts-Woluwe,Irina,Vrouwelijk,10/24/2019
Sint-Niklaas (Sint-Niklaas),Bart,Mannelijk,10/24/2019
Oupeye,Mathis,Mannelijk,10/31/2019
Knokke-Heist,Linda,Vrouwelijk,10/09/2019
Zaventem,Cécile,Vrouwelijk,10/28/2019
Geel,Christa,Vrouwelijk,10/16/2019
Anderlecht,Miloud,Mannelijk,10/28/2019
Zwijndrecht,Henri,Mannelijk,10/12/2019
Affligem,Linda,Vrouwelijk,10/21/2019
Antwerpen,Eddy,Mannelijk,10/26/2019
Gent,Ginette,Vrouwelijk,10/20/2019
Antwerpen,Marcus,Mannelijk,10/26/2019
Aarlen,Alessandra,Vrouwelijk,11/24/2019
Doornik,Thomas,Mannelijk,10/16/2019
Rotselaar,Caroline,Vrouwelijk,10/14/2019
’s Gravenbrakel,André,Mannelijk,10/20/2019
Geraardsbergen,Martine,Vrouwelijk,10/10/2019
Hamme (Dendermonde),Maria,Vrouwelijk,10/14/2019
Brugge,Eddy,Mannelijk,10/25/2019
Trooz,Anne,Vrouwelijk,10/21/2019
Dendermonde,Johan,Mannelijk,10/19/2019
Seraing,Albert,Mannelijk,10/09/2019
Sint-Jans-Molenbeek,Mohamed,Mannelijk,10/10/2019
Boutersem,Dirk,Mannelijk,10/05/2019
Fléron,Hubert,Mannelijk,11/14/2019
Kortrijk,Gabrielle,Vrouwelijk,10/14/2019
Lanaken,Elza,Vrouwelijk,11/05/2019
Wellen,Tuur,Mannelijk,11/22/2019
Maasmechelen,Esther,Vrouwelijk,10/06/2019
Schaarbeek,Geraldine,Vrouwelijk,10/12/2019
Gent,Fatme,Vrouwelijk,10/27/2019
Veurne,Daan,Mannelijk,10/14/2019
Aarlen,Arnaud,Mannelijk,10/16/2019
Antwerpen,Martha,Vrouwelijk,10/05/2019
Wielsbeke,Hélène,Vrouwelijk,10/25/2019
Nijlen,Rune,Mannelijk,10/06/2019
Asse,Céline,Vrouwelijk,10/18/2019
Anzegem,Annie,Vrouwelijk,10/16/2019
Mechelen,Pierre,Mannelijk,11/05/2019
Oudsbergen,Karel,Mannelijk,10/14/2019
Péruwelz,Gabin,Mannelijk,11/28/2019
Sint-Jans-Molenbeek,Soumiya,Vrouwelijk,10/17/2019
Sint-Jans-Molenbeek,Sabah,Vrouwelijk,10/21/2019
Vilvoorde,Kristine,Vrouwelijk,10/12/2019
Nazareth,Stefan,Mannelijk,10/21/2019
Ronse,Nico,Mannelijk,10/09/2019
Fléron,Thierry,Mannelijk,10/14/2019
Mechelen,Marijke,Vrouwelijk,10/20/2019
Beringen,Alice,Vrouwelijk,10/05/2019
Brussel,Ignace,Mannelijk,10/22/2019
Grâce-Hollogne,Renaud,Mannelijk,10/05/2019
Oud-Heverlee,René,Mannelijk,10/17/2019
Mechelen,Alessandro,Mannelijk,10/05/2019
Doornik,Angélina,Vrouwelijk,10/20/2019
Gent,Yvette,Vrouwelijk,11/04/2019
Lievegem,Peter,Mannelijk,10/11/2019
Antwerpen,Cecilia,Vrouwelijk,10/05/2019
Lubbeek,Johannes,Mannelijk,10/13/2019
Buggenhout,Brent,Mannelijk,10/16/2019
Ham,Jasper,Mannelijk,10/12/2019
Binche,Jacques,Mannelijk,10/17/2019
Olne,Véronique,Vrouwelijk,10/15/2019
Sint-Niklaas (Sint-Niklaas),Maryse,Vrouwelijk,10/08/2019
Charleroi,Suzanne,Vrouwelijk,10/13/2019
Anderlecht,Meryem,Vrouwelijk,10/21/2019
Aalst (Aalst),Lutgardis,Vrouwelijk,10/13/2019
Affligem,Jozef,Mannelijk,10/20/2019
Frasnes-lez-Anvaing,Véronique,Vrouwelijk,10/14/2019
Anderlecht,Eliana,Vrouwelijk,10/25/2019
Genepiën,Axel,Mannelijk,10/15/2019
Charleroi,Loan,Mannelijk,10/14/2019
Tervuren,Steven,Mannelijk,11/07/2019
Vilvoorde,Rita,Vrouwelijk,10/06/2019
Antwerpen,Richard,Mannelijk,10/19/2019
Grobbendonk,Dieter,Mannelijk,10/12/2019
Erpe-Mere,Fien,Vrouwelijk,10/12/2019
Gent,Ziyad,Mannelijk,10/09/2019
Ottignies-Louvain-la-Neuve,Loïc,Mannelijk,10/18/2019
Nijlen,Melissa,Vrouwelijk,10/08/2019
Ukkel,Pierre,Mannelijk,10/21/2019
Gent,Ilyas,Mannelijk,10/21/2019
Erpe-Mere,Liv,Vrouwelijk,10/17/2019
Oudsbergen,Davy,Mannelijk,10/07/2019
Aat,Mike,Mannelijk,10/12/2019
Oostende,Elsa,Vrouwelijk,10/23/2019
Dour,Marie,Vrouwelijk,10/19/2019
Libin,Johan,Mannelijk,10/05/2019
Charleroi,Alicia,Vrouwelijk,10/07/2019
Mortsel,Jozef,Mannelijk,10/12/2019
Beersel,Jean,Mannelijk,10/23/2019
Antwerpen,Nadia,Vrouwelijk,10/15/2019
Dilsen-Stokkem,Joseph,Mannelijk,10/12/2019
Evere,Nassim,Mannelijk,10/29/2019
Blegny,Michel,Mannelijk,10/22/2019
Koksijde,Denise,Vrouwelijk,10/09/2019
Herve,Maryse,Vrouwelijk,11/06/2019
Kortenberg,Vince,Mannelijk,10/28/2019
Seraing,Mélody,Vrouwelijk,10/19/2019
Bocholt,Ine,Vrouwelijk,10/20/2019
Beringen,Jens,Mannelijk,10/14/2019
Antwerpen,Nouh,Mannelijk,10/21/2019
Luik,Marc,Mannelijk,11/02/2019
Hechtel-Eksel,Jeannine,Vrouwelijk,10/15/2019
Harelbeke,Stefanie,Vrouwelijk,10/14/2019
Vielsalm,Jean,Mannelijk,10/17/2019
Verlaine,Hugo,Mannelijk,10/13/2019
Brussel,Sarah,Vrouwelijk,11/22/2019
Vilvoorde,Sarah,Vrouwelijk,10/09/2019
Charleroi,Gracia,Vrouwelijk,11/07/2019
Sint-Truiden,Yves,Mannelijk,11/01/2019
Fosses-la-Ville,Nathalie,Vrouwelijk,11/07/2019
Etterbeek,Monique,Vrouwelijk,11/01/2019
Ieper,Lena,Vrouwelijk,10/17/2019
Sint-Gillis-Waas,Josée,Vrouwelijk,10/16/2019
Bergen,Pierre,Mannelijk,10/16/2019
Merelbeke,Georgette,Vrouwelijk,10/08/2019
Fontaine-l’Evêque,Martin,Mannelijk,10/08/2019
Wervik,Matthijs,Mannelijk,10/23/2019
Sint-Niklaas (Sint-Niklaas),Geert,Mannelijk,10/12/2019
Wezembeek-Oppem,Lucas,Mannelijk,10/05/2019
Aarschot,Frank,Mannelijk,10/18/2019
Tubeke,Kevin,Mannelijk,10/11/2019
Aalter,Christa,Vrouwelijk,10/19/2019
Lasne,Michaël,Mannelijk,10/16/2019
Zwevegem,Luna,Vrouwelijk,10/06/2019
Overijse,Rudy,Mannelijk,10/16/2019
Dour,Ginette,Vrouwelijk,10/17/2019
Antwerpen,Robin,Vrouwelijk,10/17/2019
Graven,Tania,Vrouwelijk,10/09/2019
Mechelen,Gabriel,Mannelijk,10/08/2019
Oostende,Paul,Mannelijk,10/09/2019
Maasmechelen,José,Mannelijk,10/23/2019
Beringen,Maria,Vrouwelijk,10/09/2019
Izegem,Luc,Mannelijk,10/18/2019
Zoutleeuw,Jeannine,Vrouwelijk,10/20/2019
Sint-Lambrechts-Woluwe,Lisa,Vrouwelijk,11/08/2019
Couvin,Ludovic,Mannelijk,10/24/2019
Dendermonde,Bart,Mannelijk,10/24/2019
Boom,Kim,Mannelijk,10/20/2019
Antwerpen,Marc,Mannelijk,10/13/2019
Oostende,Bradley,Mannelijk,10/17/2019
Ham,Patrick,Mannelijk,10/18/2019
Namen,Michèle,Vrouwelijk,10/19/2019
Aarlen,Sylvia,Vrouwelijk,10/18/2019
Estaimpuis,Jean,Mannelijk,10/14/2019
Roeselare,Brent,Mannelijk,11/08/2019
Wanze,Pierre,Mannelijk,10/09/2019
Terhulpen,Bernadette,Vrouwelijk,10/24/2019
Ham-sur-Heure-Nalinnes,Lucy,Vrouwelijk,10/19/2019
Doornik,Catherine,Vrouwelijk,10/16/2019
Theux,Luc,Mannelijk,10/23/2019
Vaux-sur-Sûre,Maria,Vrouwelijk,10/15/2019
Chapelle-lez-Herlaimont,Joëlle,Vrouwelijk,10/11/2019
Schaarbeek,Houda,Vrouwelijk,10/12/2019
Oupeye,Marc,Mannelijk,10/09/2019
Ukkel,Naima,Vrouwelijk,11/08/2019
Sint-Lambrechts-Woluwe,Susanna,Vrouwelijk,10/18/2019
Aalst (Aalst),Johan,Mannelijk,10/23/2019
Hoogstraten,Greta,Vrouwelijk,10/19/2019
Fléron,Michel,Mannelijk,10/15/2019
Schaarbeek,Cihan,Mannelijk,10/11/2019
Seraing,Patricia,Vrouwelijk,10/21/2019
Elsene,Maria,Vrouwelijk,10/23/2019
La Louvière,Pierre,Mannelijk,10/24/2019
Charleroi,François,Mannelijk,10/25/2019
Genk,Ahmed,Mannelijk,10/17/2019
Lievegem,Marie,Vrouwelijk,10/09/2019
Court-Saint-Etienne,Sylvie,Vrouwelijk,10/19/2019
Beyne-Heusay,Isabelle,Vrouwelijk,10/09/2019
Couvin,Yvonne,Vrouwelijk,11/11/2019
Sint-Pieters-Leeuw,Roland,Mannelijk,11/25/2019
Leuven,Maria,Vrouwelijk,10/15/2019
Heist-op-den-Berg,Odette,Vrouwelijk,11/08/2019
Bergen,Joël,Mannelijk,10/24/2019
Mol,Lutgarde,Vrouwelijk,10/09/2019
Kortrijk,Margo,Vrouwelijk,11/05/2019
Antwerpen,Daniella,Vrouwelijk,10/18/2019
Schaarbeek,Mariama,Vrouwelijk,10/18/2019
Eigenbrakel,Philippe,Mannelijk,10/14/2019
Deinze,Miel,Mannelijk,10/24/2019
Puurs-Sint-Amands,Jean,Mannelijk,10/15/2019
Grobbendonk,Els,Vrouwelijk,10/15/2019
Anderlecht,Sonia,Vrouwelijk,10/23/2019
Aalst (Aalst),Yente,Vrouwelijk,10/26/2019
Kortrijk,Frank,Mannelijk,10/14/2019
Harelbeke,Agnès,Vrouwelijk,10/13/2019
Bertrix,Aline,Vrouwelijk,10/17/2019
Lier,Vanessa,Vrouwelijk,10/19/2019
Hasselt,Anita,Vrouwelijk,11/05/2019
Amay,Gabriel,Mannelijk,10/11/2019
Dinant,Alexandre,Mannelijk,10/25/2019
Herstal,Ibrahim,Mannelijk,10/23/2019
Kaprijke,Marc,Mannelijk,10/10/2019
Brussel,Naya,Vrouwelijk,10/06/2019
Antwerpen,Rita,Vrouwelijk,10/14/2019
Wanze,Claudette,Vrouwelijk,10/12/2019
Charleroi,Luigi,Mannelijk,12/07/2019
Binche,Louisa,Vrouwelijk,11/18/2019
Brunehaut,Jean,Mannelijk,10/25/2019
Somme-Leuze,Georges,Mannelijk,11/06/2019
Zwevegem,Myriam,Vrouwelijk,10/16/2019
Deinze,Astère,Mannelijk,10/16/2019
Sint-Genesius-Rode,Jean-Pierre,Mannelijk,10/13/2019
Sint-Lambrechts-Woluwe,Viviane,Vrouwelijk,10/22/2019
Gent,Georgette,Vrouwelijk,10/12/2019
Oostkamp,Robbe,Mannelijk,10/25/2019
Destelbergen,Juliette,Vrouwelijk,10/21/2019
Mechelen,Koen,Mannelijk,10/10/2019
Sint-Jans-Molenbeek,Henri,Mannelijk,10/17/2019
Fosses-la-Ville,Maurice,Mannelijk,10/16/2019
Gent,Dimitar,Mannelijk,10/21/2019
Zaventem,Alexandru,Mannelijk,10/19/2019
Antwerpen,Jan,Mannelijk,10/25/2019
Châtelet,Shirley,Vrouwelijk,11/06/2019
Oudsbergen,Stefan,Mannelijk,10/14/2019
Wichelen,Yves,Mannelijk,10/17/2019
Sint-Genesius-Rode,Micheline,Vrouwelijk,10/20/2019
Mortsel,Roel,Mannelijk,10/14/2019
Ukkel,Sacha,Mannelijk,11/08/2019
Couvin,Valérie,Vrouwelijk,10/14/2019
Nazareth,Monique,Vrouwelijk,10/28/2019
Dendermonde,Sami,Mannelijk,10/22/2019
Ieper,Ivan,Mannelijk,10/10/2019
Beloeil,Michel,Mannelijk,10/20/2019
Moeskroen,Marie,Vrouwelijk,10/31/2019
Thuin,Isabelle,Vrouwelijk,10/17/2019
Binche,Geoffrey,Mannelijk,10/16/2019
Courcelles,Giuseppina,Vrouwelijk,10/10/2019
Sint-Niklaas (Sint-Niklaas),Willy,Mannelijk,10/15/2019
Hamoir,Nathalie,Vrouwelijk,10/05/2019
Antwerpen,Milan,Mannelijk,10/06/2019
Waregem,Jonas,Mannelijk,11/05/2019
Hasselt,Leen,Vrouwelijk,10/14/2019
Zottegem,Willy,Mannelijk,10/11/2019
Couvin,Arnaud,Mannelijk,10/14/2019
Sombreffe,Elisabeth,Vrouwelijk,10/23/2019
