gemeente,naam,geslacht,verwachte datum
Habay,Sophie,Vrouwelijk,03/19/2019
Hoeselt,Paul,Mannelijk,04/17/2019
Nijvel,Marc,Mannelijk,03/18/2019
Harelbeke,Maria,Vrouwelijk,03/20/2019
Marche-en-Famenne,Daniel,Mannelijk,03/31/2019
Ottignies-Louvain-la-Neuve,Mohamed,Mannelijk,03/15/2019
Andenne,Colette,Vrouwelijk,03/07/2019
Niel,Yvonna,Vrouwelijk,03/14/2019
Brugge,Tania,Vrouwelijk,03/22/2019
Soumagne,Florian,Mannelijk,03/22/2019
Komen-Waasten,Claire,Vrouwelijk,03/07/2019
Roeselare,Ronny,Mannelijk,03/15/2019
Roeselare,Milan,Mannelijk,03/17/2019
Zaventem,Océane,Vrouwelijk,03/16/2019
Seraing,Anne-Marie,Vrouwelijk,03/14/2019
Gent,Tuba,Vrouwelijk,03/05/2019
Sint-Niklaas (Sint-Niklaas),Patrick,Mannelijk,03/18/2019
Ans,Maria,Vrouwelijk,03/18/2019
Kapelle-op-den-Bos,Ella,Vrouwelijk,03/23/2019
Beaumont,Nicolas,Mannelijk,03/14/2019
Izegem,Lore,Vrouwelijk,03/13/2019
Aalst (Aalst),Jozef,Mannelijk,03/07/2019
La Louvière,Fanny,Vrouwelijk,03/12/2019
Heers,Kelly,Vrouwelijk,03/15/2019
Luik,Jacques,Mannelijk,03/08/2019
Turnhout,Marc,Mannelijk,03/26/2019
Ohey,Hugo,Mannelijk,03/11/2019
Antwerpen,Melina,Vrouwelijk,03/16/2019
Essen,Irma,Vrouwelijk,03/16/2019
Lier,Jill,Vrouwelijk,03/11/2019
Dendermonde,Sophie,Vrouwelijk,03/10/2019
Nieuwerkerken (Hasselt),Carla,Vrouwelijk,03/13/2019
Luik,Simon,Mannelijk,03/14/2019
Juprelle,Olivier,Mannelijk,03/04/2019
Destelbergen,Wendy,Vrouwelijk,03/13/2019
Sint-Katelijne-Waver,Jan,Mannelijk,03/15/2019
Doornik,Jean-Marie,Mannelijk,03/18/2019
Luik,Sydney,Vrouwelijk,03/22/2019
Theux,Benoît,Mannelijk,03/22/2019
Sint-Pieters-Leeuw,Gabrielle,Vrouwelijk,03/10/2019
Ichtegem,Marina,Vrouwelijk,03/14/2019
Luik,Daniel,Mannelijk,03/17/2019
Ieper,Diana,Vrouwelijk,03/13/2019
Somme-Leuze,Béatrice,Vrouwelijk,03/12/2019
Temse,Jenny,Vrouwelijk,03/16/2019
Anderlecht,Emre,Mannelijk,04/24/2019
Sint-Jans-Molenbeek,José,Mannelijk,03/08/2019
Luik,Agnès,Vrouwelijk,03/12/2019
Brasschaat,Leo,Mannelijk,03/19/2019
Aat,Vincent,Mannelijk,03/14/2019
Anderlecht,Ilias,Mannelijk,03/16/2019
Tongeren,Emile,Mannelijk,03/14/2019
Geraardsbergen,Hilda,Vrouwelijk,03/19/2019
Oostende,Johan,Mannelijk,03/08/2019
Luik,Lina,Vrouwelijk,03/23/2019
Namen,Tristan,Mannelijk,03/25/2019
Seraing,France,Vrouwelijk,04/05/2019
Deinze,Mohamed,Mannelijk,03/13/2019
Esneux,Claudine,Vrouwelijk,03/10/2019
Brugge,Philip,Mannelijk,03/15/2019
Brussel,David,Mannelijk,03/12/2019
Waterloo,Sabrina,Vrouwelijk,04/05/2019
Mechelen,Richard,Mannelijk,03/19/2019
Verviers,Justine,Vrouwelijk,03/10/2019
Montigny-le-Tilleul,Olivier,Mannelijk,03/10/2019
Charleroi,Yvonne,Vrouwelijk,03/13/2019
Izegem,Lewis,Mannelijk,03/13/2019
Oupeye,Michaël,Mannelijk,04/01/2019
Aalst (Aalst),Marie,Vrouwelijk,04/03/2019
Aiseau-Presles,Rudy,Mannelijk,03/10/2019
Zele,Godelieva,Vrouwelijk,03/11/2019
Kapellen (Antwerpen),Joey,Mannelijk,03/11/2019
Sambreville,Dimitri,Mannelijk,03/04/2019
Houyet,Marie,Vrouwelijk,04/29/2019
De Panne,Ann,Vrouwelijk,03/13/2019
Oudergem,Régine,Vrouwelijk,03/11/2019
Brussel,Safwan,Mannelijk,03/10/2019
Fléron,Virginie,Vrouwelijk,03/23/2019
Lommel,Kevin,Mannelijk,03/09/2019
Tremelo,Ferre,Mannelijk,04/20/2019
Leuven,Karen,Vrouwelijk,03/10/2019
Antwerpen,Monique,Vrouwelijk,03/17/2019
Nijlen,Gilbert,Mannelijk,03/10/2019
Geraardsbergen,Bram,Mannelijk,03/03/2019
Ieper,Lena,Vrouwelijk,04/02/2019
Halle (Halle-Vilvoorde),Bas,Mannelijk,03/18/2019
Rebecq,Giovanni,Mannelijk,03/11/2019
Tongeren,Kristof,Mannelijk,03/12/2019
Brussel,Valérie,Vrouwelijk,03/22/2019
Kortenberg,Ronald,Mannelijk,04/04/2019
Aalst (Aalst),Vanessa,Vrouwelijk,03/14/2019
Eeklo,Christiana,Vrouwelijk,03/17/2019
Ottignies-Louvain-la-Neuve,Elias,Mannelijk,03/22/2019
Seraing,André,Mannelijk,03/05/2019
Ans,Patrice,Mannelijk,03/12/2019
Waregem,Paulette,Vrouwelijk,03/07/2019
Courcelles,Angela,Vrouwelijk,03/10/2019
Kortrijk,Kristof,Mannelijk,03/23/2019
Ninove,Christianna,Vrouwelijk,03/04/2019
Hoei,Patricia,Vrouwelijk,03/20/2019
Sint-Lambrechts-Woluwe,Pascale,Vrouwelijk,03/12/2019
Doornik,Antonio,Mannelijk,03/19/2019
Kortrijk,Rosa,Vrouwelijk,03/17/2019
Gent,Melek,Vrouwelijk,03/03/2019
Flémalle,Matteo,Mannelijk,03/19/2019
La Louvière,Pierre,Mannelijk,03/11/2019
Balen,François,Mannelijk,03/15/2019
Mechelen,Rita,Vrouwelijk,03/18/2019
Geel,Pauline,Vrouwelijk,03/09/2019
Landen,Bertha,Vrouwelijk,03/22/2019
Wuustwezel,Ludovicus,Mannelijk,03/26/2019
Dendermonde,Tanja,Vrouwelijk,04/16/2019
Luik,Mourad,Mannelijk,03/19/2019
Moorslede,Cecile,Vrouwelijk,03/11/2019
Kortemark,Ria,Vrouwelijk,03/09/2019
Bevekom,Marie,Vrouwelijk,04/02/2019
Ternat,Eric,Mannelijk,03/14/2019
Temse,Fleur,Vrouwelijk,03/13/2019
Oudsbergen,Mona,Vrouwelijk,03/14/2019
Doische,Philippe,Mannelijk,03/14/2019
Wuustwezel,Ronny,Mannelijk,03/10/2019
Orp-Jauche,Simon,Mannelijk,03/23/2019
Brussel,Liviu,Mannelijk,03/11/2019
Moeskroen,Arthur,Mannelijk,03/12/2019
Halle (Halle-Vilvoorde),Brenda,Vrouwelijk,04/05/2019
Elsene,Mohamed,Mannelijk,04/06/2019
Etterbeek,Cédric,Mannelijk,03/16/2019
Rotselaar,Jurgen,Mannelijk,03/22/2019
Roeselare,Tanja,Vrouwelijk,03/20/2019
Gent,Liv,Vrouwelijk,03/29/2019
Baelen,Nicolas,Mannelijk,03/13/2019
Genepiën,Benoît,Mannelijk,03/14/2019
Lievegem,Franky,Mannelijk,03/13/2019
Schaarbeek,Abdülkadir,Mannelijk,03/16/2019
Bergen,Lorenzo,Mannelijk,03/12/2019
Ans,Jocelyne,Vrouwelijk,03/03/2019
Hooglede,Nancy,Vrouwelijk,03/23/2019
Merelbeke,Frederik,Mannelijk,03/23/2019
Dessel,Benny,Mannelijk,03/17/2019
Hamont-Achel,Luuk,Mannelijk,03/14/2019
Tongeren,Marie,Vrouwelijk,03/22/2019
Diepenbeek,Augusta,Vrouwelijk,03/17/2019
Berlare,Dorien,Vrouwelijk,03/18/2019
Wortegem-Petegem,Elza,Vrouwelijk,03/13/2019
Antoing,Marie,Vrouwelijk,03/10/2019
Châtelet,Florian,Mannelijk,03/18/2019
Charleroi,Zohra,Vrouwelijk,03/10/2019
Brussel,Justyna,Vrouwelijk,03/19/2019
Westerlo,Christiane,Vrouwelijk,03/09/2019
Gent,Benoît,Mannelijk,03/10/2019
Hoei,Sophie,Vrouwelijk,03/29/2019
Courcelles,Carmela,Vrouwelijk,03/16/2019
Kalmthout,Bram,Mannelijk,03/17/2019
De Panne,Davy,Mannelijk,03/22/2019
Chaudfontaine,Eric,Mannelijk,03/16/2019
Melle,Pascal,Mannelijk,03/27/2019
Temse,Laurence,Vrouwelijk,03/21/2019
Antwerpen,Francisco,Mannelijk,03/04/2019
’s Gravenbrakel,Véronique,Vrouwelijk,03/22/2019
Thuin,Aurélien,Mannelijk,03/14/2019
Schaarbeek,Yves,Mannelijk,03/15/2019
Ternat,José,Vrouwelijk,03/12/2019
Elsene,Cécile,Vrouwelijk,03/14/2019
Lasne,Florence,Vrouwelijk,03/19/2019
Fleurus,Nathanaël,Mannelijk,03/05/2019
Péruwelz,Kelly,Vrouwelijk,03/11/2019
Sankt Vith,Erich,Mannelijk,03/16/2019
Sint-Niklaas (Sint-Niklaas),Hilde,Vrouwelijk,03/11/2019
Schaarbeek,Samir,Mannelijk,03/15/2019
Beersel,Kaat,Vrouwelijk,03/16/2019
Hoei,Corine,Vrouwelijk,03/14/2019
Grimbergen,Emile,Mannelijk,03/10/2019
Gent,Maaike,Vrouwelijk,03/03/2019
Berlaar,Saskia,Vrouwelijk,03/05/2019
Vilvoorde,Martine,Vrouwelijk,03/18/2019
Doornik,Paule,Vrouwelijk,03/09/2019
Komen-Waasten,Hugo,Mannelijk,03/29/2019
Etterbeek,Serge,Mannelijk,03/17/2019
Dour,Shirley,Vrouwelijk,03/17/2019
Blegny,Léna,Vrouwelijk,03/16/2019
Eigenbrakel,Martin,Mannelijk,04/03/2019
Sint-Genesius-Rode,Stéphanie,Vrouwelijk,03/07/2019
Edingen,David,Mannelijk,03/10/2019
Evere,Astrid,Vrouwelijk,03/10/2019
Charleroi,Fatiha,Vrouwelijk,03/18/2019
Ledegem,Christine,Vrouwelijk,03/11/2019
Harelbeke,Kobe,Mannelijk,04/02/2019
Courcelles,Anita,Vrouwelijk,03/09/2019
Oupeye,José,Mannelijk,03/11/2019
Zwevegem,Katrien,Vrouwelijk,03/23/2019
Onhaye,Jonathan,Mannelijk,04/05/2019
Hoogstraten,Jacobus,Mannelijk,03/18/2019
Halle (Halle-Vilvoorde),Marcel,Mannelijk,03/22/2019
Sint-Truiden,Fenna,Vrouwelijk,03/04/2019
Sint-Lambrechts-Woluwe,Liliane,Vrouwelijk,03/12/2019
Antwerpen,Yuliya,Vrouwelijk,03/20/2019
Brussel,Assia,Vrouwelijk,03/14/2019
Oostende,Hélène,Vrouwelijk,03/12/2019
Kampenhout,Harry,Mannelijk,03/19/2019
Elsene,Jeanne,Vrouwelijk,03/23/2019
Temse,Alexander,Mannelijk,03/13/2019
Brugge,Heidi,Vrouwelijk,03/07/2019
Vilvoorde,Sonia,Vrouwelijk,03/29/2019
Rixensart,Jean-Marie,Mannelijk,03/22/2019
Dilbeek,Yasmine,Vrouwelijk,03/03/2019
Destelbergen,Marie,Vrouwelijk,04/12/2019
Diepenbeek,Ann,Vrouwelijk,03/21/2019
Lint,Luna,Vrouwelijk,03/05/2019
Antwerpen,Halimatou,Vrouwelijk,03/31/2019
Hoeilaart,David,Mannelijk,03/18/2019
Sint-Jans-Molenbeek,Mustapha,Mannelijk,03/09/2019
Maaseik,Liliane,Vrouwelijk,03/22/2019
Court-Saint-Etienne,Gregory,Mannelijk,03/09/2019
Jabbeke,Paul,Mannelijk,03/10/2019
Doornik,Christine,Vrouwelijk,03/08/2019
Genk,François,Mannelijk,03/06/2019
Zemst,Davina,Vrouwelijk,03/13/2019
Welkenraedt,Gabriel,Mannelijk,03/18/2019
Melle,Dieter,Mannelijk,03/05/2019
Büllingen,Aloys,Mannelijk,03/16/2019
Harelbeke,Ines,Vrouwelijk,03/26/2019
Oudenaarde,Liliane,Vrouwelijk,03/10/2019
Vorst (Brussel-Hoofdstad),Rachid,Mannelijk,03/12/2019
Linkebeek,Monique,Vrouwelijk,03/15/2019
Gent,Henriette,Vrouwelijk,03/20/2019
Bilzen,Jan,Mannelijk,03/25/2019
Saint-Nicolas (Luik),Maria,Vrouwelijk,03/12/2019
Mechelen,Ahmed,Mannelijk,03/13/2019
Antwerpen,An,Vrouwelijk,03/10/2019
Antwerpen,Alice,Vrouwelijk,04/30/2019
Sint-Niklaas (Sint-Niklaas),Gökhan,Mannelijk,03/12/2019
Binche,Antony,Mannelijk,03/08/2019
Sprimont,Laura,Vrouwelijk,03/03/2019
Brussel,Emma,Vrouwelijk,03/22/2019
Chièvres,Colette,Vrouwelijk,03/08/2019
Chièvres,Alicia,Vrouwelijk,03/12/2019
Waver,Willy,Mannelijk,03/26/2019
Koekelare,Agnes,Vrouwelijk,03/29/2019
Bree,Joseph,Mannelijk,03/09/2019
Roeselare,Christine,Vrouwelijk,03/22/2019
Aarlen,Jean,Mannelijk,03/14/2019
La Bruyère,Christophe,Mannelijk,03/13/2019
Brussel,Vanessa,Vrouwelijk,04/24/2019
Antwerpen,Johan,Mannelijk,03/19/2019
Viroinval,Stéphane,Mannelijk,03/11/2019
Zwevegem,Yasmine,Vrouwelijk,03/09/2019
Waasmunster,Godelieve,Vrouwelijk,03/03/2019
Jurbeke,Michel,Mannelijk,04/09/2019
Luik,Giuseppina,Vrouwelijk,03/16/2019
Tubeke,Marianne,Vrouwelijk,03/19/2019
Somme-Leuze,Océane,Vrouwelijk,03/11/2019
Haaltert,Francine,Vrouwelijk,03/23/2019
Heist-op-den-Berg,Simonne,Vrouwelijk,03/23/2019
’s Gravenbrakel,Mariette,Vrouwelijk,03/17/2019
Sint-Lambrechts-Woluwe,Brigitte,Vrouwelijk,03/10/2019
Herentals,Danny,Mannelijk,03/06/2019
Herent,Bram,Mannelijk,03/10/2019
Brussel,Emilie,Vrouwelijk,03/13/2019
Oostende,Danny,Mannelijk,03/05/2019
Dilbeek,Katrijn,Vrouwelijk,03/10/2019
Saint-Ghislain,Richard,Mannelijk,03/11/2019
Turnhout,Agnes,Vrouwelijk,03/16/2019
Hasselt,Stefan,Mannelijk,03/03/2019
Herve,Gregory,Mannelijk,03/09/2019
Soumagne,Georges,Mannelijk,03/12/2019
Ieper,Jacques,Mannelijk,03/13/2019
Avelgem,Marc,Mannelijk,03/11/2019
Herstal,Rachel,Vrouwelijk,03/16/2019
Leuven,Senna,Vrouwelijk,04/01/2019
Evere,Thierry,Mannelijk,03/23/2019
Stekene,Michaël,Mannelijk,03/31/2019
Oostkamp,Sara,Vrouwelijk,03/18/2019
Pittem,Jens,Mannelijk,03/19/2019
Elsene,Corentin,Mannelijk,03/12/2019
Chièvres,Vinciane,Vrouwelijk,03/13/2019
Etterbeek,Igor,Mannelijk,03/19/2019
Steenokkerzeel,Xavier,Mannelijk,03/26/2019
Tessenderlo,Kristof,Mannelijk,03/12/2019
Châtelet,Isabelle,Vrouwelijk,03/13/2019
Ans,Michaël,Mannelijk,03/17/2019
Sint-Jans-Molenbeek,Didier,Mannelijk,03/09/2019
Nijvel,Laurent,Mannelijk,03/11/2019
Couvin,Alice,Vrouwelijk,03/14/2019
Flémalle,Laetitia,Vrouwelijk,03/12/2019
Doornik,Kilian,Mannelijk,03/21/2019
Jalhay,José,Mannelijk,03/23/2019
Terhulpen,Liliane,Vrouwelijk,03/18/2019
Aarschot,Erik,Mannelijk,03/21/2019
Mol,Steven,Mannelijk,03/12/2019
Dendermonde,Jade,Vrouwelijk,03/10/2019
Namen,Laetitia,Vrouwelijk,03/14/2019
Leuven,Dries,Mannelijk,03/15/2019
Antwerpen,Enas,Vrouwelijk,03/10/2019
Anderlecht,Roger,Mannelijk,03/04/2019
Kortenberg,Dirk,Mannelijk,03/08/2019
Essen,Jasper,Mannelijk,03/13/2019
Dilsen-Stokkem,Richard,Mannelijk,04/28/2019
Duffel,Bertha,Vrouwelijk,03/13/2019
Antwerpen,Davy,Mannelijk,03/10/2019
Mettet,Valentin,Mannelijk,03/19/2019
Aywaille,Andréa,Vrouwelijk,03/21/2019
Bertrix,Marie,Vrouwelijk,03/21/2019
Aarschot,Maria,Vrouwelijk,03/07/2019
Berlaar,Tinne,Vrouwelijk,03/20/2019
Schaarbeek,Frédéric,Mannelijk,03/16/2019
Gent,Sarah,Vrouwelijk,03/04/2019
Luik,Elodie,Vrouwelijk,03/11/2019
Wingene,Alexander,Mannelijk,03/13/2019
Turnhout,Kristof,Mannelijk,03/11/2019
Clavier,Nathalie,Vrouwelijk,03/11/2019
Destelbergen,Denise,Vrouwelijk,03/22/2019
Frameries,Patrick,Mannelijk,03/14/2019
Kapellen (Antwerpen),Henriette,Vrouwelijk,03/18/2019
Elsene,Marie,Vrouwelijk,03/15/2019
Sint-Jans-Molenbeek,Ioana,Vrouwelijk,03/15/2019
Sint-Niklaas (Sint-Niklaas),Noor,Vrouwelijk,03/05/2019
Oudenburg,Yves,Mannelijk,03/04/2019
