gemeente,naam,geslacht,verwachte datum
Sint-Jans-Molenbeek,Nour,Vrouwelijk,04/06/2019
Sint-Jans-Molenbeek,Elsa,Vrouwelijk,04/15/2019
Luik,David,Mannelijk,04/08/2019
Melle,Steven,Mannelijk,04/08/2019
Essen,Ludo,Mannelijk,04/09/2019
Andenne,Jeannine,Vrouwelijk,04/09/2019
Ronse,Françoise,Vrouwelijk,04/04/2019
Quévy,Mickaël,Mannelijk,04/06/2019
Fleurus,Léana,Vrouwelijk,04/09/2019
Bekkevoort,Rita,Vrouwelijk,04/19/2019
Schaarbeek,Rahma,Vrouwelijk,04/14/2019
Asse,Elise,Vrouwelijk,04/09/2019
Sint-Jans-Molenbeek,Adil,Mannelijk,04/05/2019
Ottignies-Louvain-la-Neuve,Sarah,Vrouwelijk,04/13/2019
Harelbeke,Anna,Vrouwelijk,04/10/2019
Leuze-en-Hainaut,Dominique,Vrouwelijk,04/18/2019
Aalst (Aalst),Bjorn,Mannelijk,04/08/2019
Frameries,Véronique,Vrouwelijk,04/13/2019
Spiere-Helkijn,Bernard,Mannelijk,05/10/2019
Antwerpen,Jacoba,Vrouwelijk,04/13/2019
Eghezée,Gilles,Mannelijk,04/16/2019
La Louvière,Isabelle,Vrouwelijk,04/03/2019
Gent,Rastislav,Mannelijk,04/13/2019
Wijnegem,Felix,Mannelijk,04/08/2019
Scherpenheuvel-Zichem,Monique,Vrouwelijk,04/08/2019
La Louvière,Maria,Vrouwelijk,04/01/2019
Ouffet,Sébastien,Mannelijk,04/02/2019
Beveren (Sint-Niklaas),Lien,Vrouwelijk,04/13/2019
Gembloux,Laurent,Mannelijk,04/06/2019
Vorst (Brussel-Hoofdstad),Léonard,Mannelijk,04/16/2019
Meerhout,Marijke,Vrouwelijk,04/09/2019
Linter,Etienne,Mannelijk,04/18/2019
Zwevegem,Jean,Mannelijk,04/15/2019
Izegem,Tatjana,Vrouwelijk,04/11/2019
Gistel,Leo,Mannelijk,03/31/2019
Morlanwelz,Bernadette,Vrouwelijk,03/29/2019
Sint-Katelijne-Waver,Tess,Vrouwelijk,04/22/2019
Riemst,Martijn,Mannelijk,04/13/2019
Aalst (Aalst),Anny,Vrouwelijk,03/30/2019
Sambreville,Didier,Mannelijk,04/28/2019
Deinze,Maria,Vrouwelijk,04/17/2019
Brussel,Ahmed,Mannelijk,04/09/2019
Blegny,Gabriel,Mannelijk,04/20/2019
Londerzeel,Niels,Mannelijk,04/15/2019
Sint-Truiden,Jeannine,Vrouwelijk,04/20/2019
Schilde,Simon,Mannelijk,04/15/2019
Châtelet,Chantal,Vrouwelijk,04/08/2019
Bilzen,René,Mannelijk,04/15/2019
Nieuwpoort,Cecile,Vrouwelijk,04/19/2019
Roeselare,Sam,Mannelijk,04/17/2019
Bergen,Chloé,Vrouwelijk,04/07/2019
Antwerpen,Sophie,Vrouwelijk,04/11/2019
Kasterlee,Elias,Mannelijk,04/17/2019
Brussel,Haroon,Mannelijk,04/02/2019
Namen,Colette,Vrouwelijk,04/12/2019
Moorslede,Ella,Vrouwelijk,04/19/2019
Denderleeuw,Frieda,Vrouwelijk,04/09/2019
Gooik,Carina,Vrouwelijk,04/17/2019
Andenne,Catherine,Vrouwelijk,04/09/2019
Luik,Hilal,Vrouwelijk,04/11/2019
Erpe-Mere,Viviane,Vrouwelijk,04/16/2019
Grobbendonk,Sophie,Vrouwelijk,04/18/2019
Rixensart,Laurence,Vrouwelijk,05/06/2019
Malle,Karen,Vrouwelijk,04/01/2019
Neupré,Thibault,Mannelijk,04/09/2019
Kontich,Maria,Vrouwelijk,04/01/2019
Ecaussinnes,Anthony,Mannelijk,04/01/2019
Herve,Claude,Vrouwelijk,04/15/2019
Kasteelbrakel,Noah,Mannelijk,04/12/2019
Bergen,Francine,Vrouwelijk,04/12/2019
Poperinge,Paul,Mannelijk,04/16/2019
Geel,Brent,Mannelijk,04/02/2019
Schelle,Annie,Vrouwelijk,04/01/2019
Kapellen (Antwerpen),Erwin,Mannelijk,04/01/2019
Leuven,Mauro,Mannelijk,04/15/2019
Kortrijk,Eddy,Mannelijk,03/31/2019
Châtelet,Pietro,Mannelijk,04/11/2019
Luik,Belkacem,Mannelijk,04/05/2019
Menen,Robin,Mannelijk,04/01/2019
Tubeke,Marc,Mannelijk,04/15/2019
Gedinne,Ethan,Mannelijk,05/13/2019
Turnhout,Angel,Vrouwelijk,04/09/2019
Ravels,Pierre,Mannelijk,04/18/2019
Gent,Jean,Mannelijk,04/10/2019
Antwerpen,Monika,Vrouwelijk,04/05/2019
Manage,Maria,Vrouwelijk,04/03/2019
Kortenberg,Hildegarde,Vrouwelijk,03/29/2019
Oud-Turnhout,Benny,Mannelijk,04/07/2019
Dilsen-Stokkem,Freddy,Mannelijk,04/09/2019
Leuven,Diego,Mannelijk,04/27/2019
Kruibeke,Finn,Mannelijk,04/03/2019
Maaseik,Jelle,Mannelijk,04/02/2019
Luik,Brenda,Vrouwelijk,03/29/2019
Mechelen,Fabrice,Mannelijk,04/17/2019
Waterloo,Jeanne,Vrouwelijk,04/06/2019
Evergem,André,Mannelijk,04/05/2019
Lier,Karel,Mannelijk,04/13/2019
Antwerpen,Wilfried,Mannelijk,04/05/2019
Londerzeel,Femke,Vrouwelijk,04/12/2019
Sint-Pieters-Leeuw,Jeannette,Vrouwelijk,03/30/2019
Putte,Hilda,Vrouwelijk,04/16/2019
Brasschaat,Charlotte,Vrouwelijk,04/13/2019
Bergen,Naïm,Mannelijk,04/08/2019
Riemst,Wilhelmus,Mannelijk,04/16/2019
Luik,Marc,Mannelijk,04/10/2019
Aalter,Greta,Vrouwelijk,04/06/2019
Sint-Truiden,Gilbert,Mannelijk,04/14/2019
Luik,Hind,Vrouwelijk,04/22/2019
Brugge,Noor,Vrouwelijk,05/16/2019
Ukkel,Silke,Vrouwelijk,04/29/2019
Boom,Björn,Mannelijk,04/08/2019
Bornem,Alfons,Mannelijk,04/12/2019
Turnhout,Joke,Vrouwelijk,04/27/2019
Ichtegem,Nathan,Mannelijk,04/07/2019
Etterbeek,Asma,Vrouwelijk,04/28/2019
Chaumont-Gistoux,Virginie,Vrouwelijk,04/12/2019
Roeselare,Jolien,Vrouwelijk,03/29/2019
Antwerpen,Khadija,Vrouwelijk,04/07/2019
Grâce-Hollogne,Kevin,Mannelijk,04/10/2019
Maldegem,Marina,Vrouwelijk,03/31/2019
Zaventem,Jean,Mannelijk,04/20/2019
Ichtegem,Tibo,Mannelijk,04/05/2019
Anderlues,Eléonore,Vrouwelijk,04/09/2019
Sint-Niklaas (Sint-Niklaas),Marc,Mannelijk,04/09/2019
Bertrix,Marcel,Mannelijk,04/16/2019
Kortessem,Peter,Mannelijk,04/08/2019
Sint-Joost-ten-Node,Aicha,Vrouwelijk,04/28/2019
Péruwelz,Jean-Yves,Mannelijk,03/31/2019
Antwerpen,Fatna,Vrouwelijk,04/08/2019
Nazareth,Guy,Mannelijk,04/27/2019
Beveren (Sint-Niklaas),Louise,Vrouwelijk,04/09/2019
Ieper,Sandrine,Vrouwelijk,04/10/2019
Bornem,Serge,Mannelijk,04/10/2019
Waver,Tim,Mannelijk,04/02/2019
Chaudfontaine,Henri,Mannelijk,03/30/2019
Brunehaut,Mauricette,Vrouwelijk,04/06/2019
Landen,An,Vrouwelijk,03/29/2019
Wommelgem,Martine,Vrouwelijk,04/12/2019
Profondeville,Roland,Mannelijk,04/12/2019
Merelbeke,Wim,Mannelijk,04/10/2019
Affligem,Kathleen,Vrouwelijk,04/17/2019
La Louvière,Ismaïl,Mannelijk,04/10/2019
Edegem,Armand,Mannelijk,04/15/2019
Antwerpen,Achraf,Mannelijk,04/13/2019
Ichtegem,Maria,Vrouwelijk,04/14/2019
Merksplas,Willy,Mannelijk,04/30/2019
Schaarbeek,Nada,Vrouwelijk,04/06/2019
Halle (Halle-Vilvoorde),Anja,Vrouwelijk,04/04/2019
Lebbeke,Marc,Mannelijk,04/02/2019
Wevelgem,Omar,Mannelijk,04/09/2019
Ravels,Ingrid,Vrouwelijk,04/08/2019
Wemmel,Rosette,Vrouwelijk,04/05/2019
Welkenraedt,Charly,Mannelijk,04/12/2019
Landen,Jules,Mannelijk,04/05/2019
Scherpenheuvel-Zichem,Julie,Vrouwelijk,04/03/2019
Schaarbeek,Erdogan,Mannelijk,04/02/2019
Roeselare,Brent,Mannelijk,04/10/2019
Ukkel,Mounia,Vrouwelijk,03/29/2019
Eigenbrakel,Karl,Mannelijk,04/09/2019
Oudenaarde,Joël,Mannelijk,04/14/2019
Nieuwerkerken (Hasselt),Ingrid,Vrouwelijk,04/06/2019
Sambreville,Sylviane,Vrouwelijk,04/02/2019
Bergen,Marie,Vrouwelijk,05/01/2019
Antwerpen,Mats,Mannelijk,04/08/2019
Charleroi,Zoé,Vrouwelijk,04/10/2019
Sambreville,Thomas,Mannelijk,04/02/2019
Brugge,Ingeborg,Vrouwelijk,04/18/2019
Aartselaar,Geert,Mannelijk,04/05/2019
Laakdal,Siebe,Mannelijk,04/06/2019
Kortemark,Bieke,Vrouwelijk,04/05/2019
Arendonk,Greet,Vrouwelijk,04/12/2019
Brussel,Mona,Vrouwelijk,04/17/2019
Aiseau-Presles,Antonio,Mannelijk,04/17/2019
Oostende,Charles,Mannelijk,04/14/2019
Hasselt,Lisa,Vrouwelijk,04/12/2019
Sint-Jans-Molenbeek,Adam,Mannelijk,04/17/2019
Watermaal-Bosvoorde,Eloïse,Vrouwelijk,04/16/2019
Gent,Emile,Mannelijk,03/30/2019
Beernem,Anouk,Vrouwelijk,04/09/2019
Gent,Caroline,Vrouwelijk,04/11/2019
Doornik,Hervé,Mannelijk,04/10/2019
Eupen,Ludwig,Mannelijk,04/11/2019
Boutersem,Finn,Mannelijk,04/03/2019
Oud-Heverlee,Sabine,Vrouwelijk,04/07/2019
Kuurne,Stephanie,Vrouwelijk,04/10/2019
La Louvière,Chiara,Vrouwelijk,04/05/2019
Zonnebeke,Ellen,Vrouwelijk,04/15/2019
Brussel,Ann,Vrouwelijk,04/09/2019
Ciney,Marc,Mannelijk,04/16/2019
Rijkevorsel,Margaretha,Vrouwelijk,04/12/2019
Antwerpen,Ayman,Mannelijk,04/09/2019
Beaumont,Céline,Vrouwelijk,04/24/2019
Hamont-Achel,Ludovicus,Mannelijk,04/11/2019
Waregem,Leyla,Vrouwelijk,04/16/2019
Beveren (Sint-Niklaas),Cecile,Vrouwelijk,04/22/2019
Wevelgem,Anthony,Mannelijk,04/18/2019
Wezet,Rose,Vrouwelijk,04/12/2019
Nijlen,Constantia,Vrouwelijk,03/31/2019
Meise,Hildegarde,Vrouwelijk,04/08/2019
Charleroi,Margaux,Vrouwelijk,04/08/2019
Beloeil,Fabian,Mannelijk,04/07/2019
Maaseik,Elisabeth,Vrouwelijk,04/15/2019
Retie,Louis,Mannelijk,04/14/2019
Virton,Aurore,Vrouwelijk,04/11/2019
Anderlecht,Ana,Vrouwelijk,04/17/2019
Sint-Truiden,Hans,Mannelijk,04/17/2019
Huldenberg,Franciscus,Mannelijk,04/11/2019
Rumst,Wouter,Mannelijk,04/03/2019
Roeselare,Ward,Mannelijk,04/23/2019
Momignies,Clara,Vrouwelijk,04/15/2019
Dison,Mathis,Mannelijk,04/05/2019
Vorst (Brussel-Hoofdstad),Blandine,Vrouwelijk,04/05/2019
Florennes,Marie,Vrouwelijk,04/09/2019
Luik,Mehdi,Mannelijk,04/23/2019
Graven,Alexander,Mannelijk,04/26/2019
Londerzeel,Silke,Vrouwelijk,04/08/2019
Fléron,Charles,Mannelijk,04/02/2019
Bergen,André,Mannelijk,04/08/2019
Leopoldsburg,Eduard,Mannelijk,04/22/2019
Leuven,Sylvia,Vrouwelijk,04/11/2019
Libramont-Chevigny,Jean,Mannelijk,04/02/2019
Haaltert,Geert,Mannelijk,04/10/2019
Haaltert,Fien,Vrouwelijk,04/14/2019
Brugge,Philippe,Mannelijk,04/06/2019
Halle (Halle-Vilvoorde),Paula,Vrouwelijk,04/07/2019
Gent,Lukas,Mannelijk,04/07/2019
Sint-Niklaas (Sint-Niklaas),Linda,Vrouwelijk,04/10/2019
Jette,Raphaël,Mannelijk,04/27/2019
Antwerpen,Guy,Mannelijk,04/02/2019
Geraardsbergen,Nancy,Vrouwelijk,04/10/2019
Laarne,Arno,Mannelijk,04/05/2019
Sint-Pieters-Leeuw,Jordan,Mannelijk,03/31/2019
Borgloon,Martine,Vrouwelijk,04/17/2019
Lebbeke,Benjamin,Mannelijk,04/14/2019
Zoersel,Mario,Mannelijk,04/09/2019
Antwerpen,Zohra,Vrouwelijk,04/09/2019
Edingen,Xavier,Mannelijk,04/25/2019
Geldenaken,Claude,Mannelijk,03/29/2019
Villers-Le-Bouillet,Marie,Vrouwelijk,03/29/2019
Kapellen (Antwerpen),Henry,Mannelijk,04/09/2019
Anderlecht,Sandrine,Vrouwelijk,04/09/2019
Saint-Hubert,Dominique,Vrouwelijk,04/12/2019
Koksijde,Peter,Mannelijk,04/06/2019
Sint-Katelijne-Waver,Christel,Vrouwelijk,04/12/2019
Koksijde,Monique,Vrouwelijk,04/23/2019
Oostkamp,Viviane,Vrouwelijk,04/07/2019
Sint-Pieters-Leeuw,Monique,Vrouwelijk,04/26/2019
Putte,Nancy,Vrouwelijk,04/06/2019
Aarlen,Jean,Mannelijk,04/10/2019
Gent,Izabela,Vrouwelijk,05/14/2019
Gouvy,Gabriel,Mannelijk,04/16/2019
Somme-Leuze,Jean-Pierre,Mannelijk,04/05/2019
Halle (Halle-Vilvoorde),Rose,Vrouwelijk,04/26/2019
Bergen,Yannick,Mannelijk,04/11/2019
Mont-Saint-Guibert,Damien,Mannelijk,04/11/2019
Gouvy,Marie,Vrouwelijk,03/31/2019
Geraardsbergen,Hermine,Vrouwelijk,04/03/2019
Dilsen-Stokkem,Jeanne,Vrouwelijk,04/12/2019
Komen-Waasten,Christopher,Mannelijk,04/19/2019
Namen,Jacques,Mannelijk,04/08/2019
Sint-Gillis,Stefano,Mannelijk,04/08/2019
Gent,Christel,Vrouwelijk,04/07/2019
Bastenaken,Serge,Mannelijk,04/06/2019
Beersel,Eric,Mannelijk,04/25/2019
Lede,Guy,Mannelijk,04/07/2019
Grâce-Hollogne,Alain,Mannelijk,04/08/2019
Lier,Melania,Vrouwelijk,04/14/2019
Bilzen,Petra,Vrouwelijk,06/01/2019
Oud-Turnhout,Nele,Vrouwelijk,04/07/2019
Sint-Gillis,Samy,Mannelijk,03/29/2019
La Louvière,Giulia,Vrouwelijk,04/07/2019
Antwerpen,Chaja,Vrouwelijk,04/05/2019
Hoogstraten,Stef,Mannelijk,04/18/2019
Merelbeke,Rita,Vrouwelijk,04/05/2019
Antwerpen,Jan,Mannelijk,03/29/2019
’s Gravenbrakel,Candice,Vrouwelijk,04/09/2019
Izegem,Jari,Mannelijk,03/30/2019
Gent,Viviane,Vrouwelijk,04/11/2019
Spa,Clara,Vrouwelijk,04/08/2019
Evergem,Réné,Mannelijk,04/13/2019
Gooik,Nancy,Vrouwelijk,04/08/2019
Oupeye,Fabienne,Vrouwelijk,04/06/2019
Welkenraedt,Nadège,Vrouwelijk,04/12/2019
Kortrijk,Sandra,Vrouwelijk,04/07/2019
Roeselare,Rita,Vrouwelijk,04/06/2019
Wetteren,Eduard,Mannelijk,04/05/2019
Edegem,Wim,Mannelijk,04/15/2019
Linkebeek,Christiane,Vrouwelijk,03/30/2019
Mechelen,Margaret,Vrouwelijk,04/05/2019
Deinze,Jeanine,Vrouwelijk,03/29/2019
Evere,Alicia,Vrouwelijk,04/07/2019
Asse,Michel,Mannelijk,04/13/2019
Kortemark,Anja,Vrouwelijk,04/16/2019
Schaarbeek,Mohammed,Mannelijk,04/08/2019
Nazareth,Julia,Vrouwelijk,04/24/2019
Drogenbos,Jonathan,Mannelijk,04/12/2019
Sint-Gillis,Angelo,Mannelijk,04/04/2019
Brussel,Sara,Vrouwelijk,04/21/2019
Ecaussinnes,Lucie,Vrouwelijk,04/10/2019
Schaarbeek,Erdem,Mannelijk,04/15/2019
Vilvoorde,Jeanne,Vrouwelijk,03/30/2019
Anderlecht,Salma,Vrouwelijk,04/13/2019
Verviers,Martine,Vrouwelijk,04/09/2019
Beringen,Inge,Vrouwelijk,04/16/2019
Lede,Vicky,Vrouwelijk,04/09/2019
Elsene,Yassin,Mannelijk,04/09/2019
Eghezée,Raymonde,Vrouwelijk,04/01/2019
Verviers,Ayse,Vrouwelijk,04/02/2019
Messancy,David,Mannelijk,04/15/2019
Waterloo,Johan,Mannelijk,04/15/2019
Haaltert,Maarten,Mannelijk,04/04/2019
Haacht,Stefan,Mannelijk,03/30/2019
Zinnik,Gaston,Mannelijk,04/10/2019
Sint-Agatha-Berchem,Léo,Mannelijk,04/13/2019
Thuin,Ludovic,Mannelijk,04/09/2019
Wijnegem,Aiden,Mannelijk,04/13/2019
Vielsalm,Claude,Mannelijk,03/29/2019
Doornik,Christiane,Vrouwelijk,04/13/2019
Evere,Anissa,Vrouwelijk,04/11/2019
Kasterlee,Marie-Josée,Vrouwelijk,04/07/2019
Tubeke,Evelyne,Vrouwelijk,04/05/2019
Ferrières,Olivia,Vrouwelijk,04/16/2019
Charleroi,Jeannine,Vrouwelijk,04/04/2019
Sint-Lambrechts-Woluwe,Valentin,Mannelijk,04/18/2019
Jabbeke,Klaas,Mannelijk,04/05/2019
Hoogstraten,Ann,Vrouwelijk,04/07/2019
Dilsen-Stokkem,Johannes,Mannelijk,04/09/2019
Charleroi,Sabine,Vrouwelijk,04/11/2019
