gemeente,naam,geslacht,verwachte datum
Ukkel,Philippe,Mannelijk,04/28/2019
Seraing,Jonathan,Mannelijk,04/25/2019
Zottegem,Lisa,Vrouwelijk,04/25/2019
Izegem,Nadine,Vrouwelijk,05/02/2019
Lendelede,Petra,Vrouwelijk,04/23/2019
Chapelle-lez-Herlaimont,Nora,Vrouwelijk,05/17/2019
Lochristi,Joyce,Vrouwelijk,04/26/2019
Antwerpen,Alfons,Mannelijk,04/23/2019
Brugge,Christiana,Vrouwelijk,04/28/2019
Vorst (Brussel-Hoofdstad),Claude,Mannelijk,05/06/2019
Namen,Gisèle,Vrouwelijk,05/02/2019
Fleurus,Marie-Louise,Vrouwelijk,04/18/2019
Nijvel,Anna,Vrouwelijk,04/25/2019
Sint-Agatha-Berchem,Benoît,Mannelijk,05/01/2019
Antwerpen,Casimir,Mannelijk,05/08/2019
Poperinge,Carine,Vrouwelijk,05/03/2019
Turnhout,Camille,Vrouwelijk,04/29/2019
Malle,Gunther,Mannelijk,05/03/2019
Assenede,Maarten,Mannelijk,04/18/2019
Aalst (Aalst),Martine,Vrouwelijk,05/01/2019
Sint-Gillis,Maria,Vrouwelijk,04/28/2019
Modave,Axel,Mannelijk,04/20/2019
Chaudfontaine,Sarah,Vrouwelijk,04/28/2019
Schaarbeek,Eray,Mannelijk,04/27/2019
Namen,Catherine,Vrouwelijk,05/06/2019
Pelt,Johnny,Mannelijk,05/06/2019
Celles (Doornik),Olivier,Mannelijk,04/27/2019
Chastre,Marc,Mannelijk,05/01/2019
Seneffe,Pierre,Mannelijk,04/26/2019
Temse,Lieselotte,Vrouwelijk,05/02/2019
Herstal,Liliane,Vrouwelijk,04/27/2019
Eigenbrakel,Nicole,Vrouwelijk,05/12/2019
Eeklo,Ann,Vrouwelijk,04/28/2019
Seraing,Didier,Mannelijk,04/22/2019
Opzullik,Cédric,Mannelijk,04/30/2019
Gent,Ronny,Mannelijk,04/30/2019
Jette,Vera,Vrouwelijk,05/04/2019
Etterbeek,Marek,Mannelijk,04/18/2019
Elsene,Nadine,Vrouwelijk,04/22/2019
Zemst,Luc,Mannelijk,05/15/2019
Bornem,Karel,Mannelijk,04/29/2019
Antwerpen,Christiaan,Mannelijk,04/27/2019
Amel,Jakob,Mannelijk,04/29/2019
Doornik,Chantal,Vrouwelijk,05/20/2019
Gent,Maurice,Mannelijk,05/02/2019
Oupeye,Séverine,Vrouwelijk,04/25/2019
Evere,Rahma,Vrouwelijk,05/01/2019
Waregem,Peggy,Vrouwelijk,05/10/2019
Nijvel,Julie,Vrouwelijk,04/30/2019
Schoten,Dirk,Mannelijk,05/05/2019
Gent,Harun,Mannelijk,04/27/2019
Lanaken,Maria,Vrouwelijk,05/08/2019
Mechelen,Maya,Vrouwelijk,05/02/2019
Ichtegem,Mireille,Vrouwelijk,04/22/2019
Antwerpen,Jessica,Vrouwelijk,04/25/2019
Niel,Matteo,Mannelijk,05/19/2019
Beernem,Christine,Vrouwelijk,05/21/2019
Charleroi,Gilberte,Vrouwelijk,05/01/2019
Haacht,Liesbeth,Vrouwelijk,04/26/2019
Leuven,Tobias,Mannelijk,04/26/2019
Beloeil,Françoise,Vrouwelijk,05/08/2019
Lommel,Guido,Mannelijk,04/26/2019
Gingelom,Nelly,Vrouwelijk,05/06/2019
Olne,Aurélie,Vrouwelijk,05/09/2019
Lede,Paul,Mannelijk,04/29/2019
Gent,Gilbert,Mannelijk,04/29/2019
Antwerpen,Stefaan,Mannelijk,04/27/2019
Quaregnon,Alessandro,Mannelijk,04/30/2019
Koksijde,Maria,Vrouwelijk,04/28/2019
Neufchâteau (Neufchâteau),Gaëlle,Vrouwelijk,04/26/2019
Herent,Maurice,Mannelijk,04/30/2019
Antwerpen,Annick,Vrouwelijk,04/30/2019
Ecaussinnes,François,Mannelijk,04/20/2019
Wezet,Liliane,Vrouwelijk,05/14/2019
Verviers,Haroun,Mannelijk,05/04/2019
Gerpinnes,Delphine,Vrouwelijk,05/08/2019
Zele,Ruth,Vrouwelijk,05/07/2019
Wezet,Sébastien,Mannelijk,05/02/2019
Lebbeke,Tine,Vrouwelijk,04/26/2019
Anderlecht,Ashley,Vrouwelijk,04/25/2019
Essen,Dieter,Mannelijk,04/29/2019
Sint-Gillis,José,Mannelijk,05/21/2019
Yvoir,Michel,Mannelijk,05/02/2019
Evere,Mehdi,Mannelijk,06/11/2019
Antwerpen,Ilham,Vrouwelijk,04/19/2019
Peer,Katja,Vrouwelijk,04/29/2019
Ichtegem,Julia,Vrouwelijk,04/26/2019
Charleroi,Charlotte,Vrouwelijk,05/02/2019
’s Gravenbrakel,Ali,Mannelijk,05/10/2019
Zedelgem,Kathleen,Vrouwelijk,04/30/2019
Brussel,Volkan,Mannelijk,05/05/2019
Ham,Kristel,Vrouwelijk,05/12/2019
Büllingen,Julia,Vrouwelijk,04/30/2019
Staden,Gilbert,Mannelijk,04/30/2019
Gent,Steven,Mannelijk,04/26/2019
Ganshoren,Marie,Vrouwelijk,05/05/2019
Oudenaarde,Rik,Mannelijk,05/08/2019
Knokke-Heist,Harold,Mannelijk,05/13/2019
Sint-Pieters-Woluwe,Sophie,Vrouwelijk,05/12/2019
Verviers,Omar,Mannelijk,05/08/2019
Binche,Sergio,Mannelijk,05/01/2019
Bocholt,Louis,Mannelijk,05/05/2019
Martelange,Mélanie,Vrouwelijk,04/25/2019
Deerlijk,Marleen,Vrouwelijk,04/24/2019
Maasmechelen,Lambert,Mannelijk,04/27/2019
Zedelgem,Emilie,Vrouwelijk,04/24/2019
Oudergem,Josephine,Vrouwelijk,04/27/2019
Luik,Camille,Vrouwelijk,05/07/2019
Sint-Gillis,Mathias,Mannelijk,05/04/2019
Sivry-Rance,Bernard,Mannelijk,05/03/2019
Leuven,Maria,Vrouwelijk,04/28/2019
Anderlecht,Mariam,Vrouwelijk,04/22/2019
Deinze,Kurt,Mannelijk,04/18/2019
Tinlot,Audrey,Vrouwelijk,05/10/2019
Lokeren,Marina,Vrouwelijk,05/01/2019
Heusden-Zolder,Lisette,Vrouwelijk,04/29/2019
Tervuren,Mathias,Mannelijk,04/24/2019
Ichtegem,Rudi,Mannelijk,04/30/2019
Wuustwezel,Carolina,Vrouwelijk,04/24/2019
Borsbeek,Freddy,Mannelijk,05/14/2019
Heist-op-den-Berg,Patrik,Mannelijk,05/23/2019
Luik,Fanny,Vrouwelijk,05/18/2019
Charleroi,Sylvie,Vrouwelijk,04/30/2019
Kontich,Christina,Vrouwelijk,04/29/2019
Lobbes,Sacha,Mannelijk,05/03/2019
Flémalle,Rita,Vrouwelijk,05/05/2019
Brasschaat,Mireille,Vrouwelijk,05/19/2019
Aat,Sarah,Vrouwelijk,04/26/2019
Diest,Jos,Mannelijk,04/19/2019
Edingen,Anne,Vrouwelijk,04/24/2019
Brussel,Lucie,Vrouwelijk,04/29/2019
Brugge,Kim,Vrouwelijk,05/19/2019
Sint-Truiden,Rosa,Vrouwelijk,04/18/2019
Châtelet,Colette,Vrouwelijk,04/21/2019
Wanze,André,Mannelijk,04/30/2019
Sint-Niklaas (Sint-Niklaas),André,Mannelijk,04/29/2019
Gent,Mauro,Mannelijk,04/25/2019
Moeskroen,Angelique,Vrouwelijk,05/07/2019
Dinant,Martin,Mannelijk,04/28/2019
Herk-de-Stad,Celine,Vrouwelijk,05/04/2019
Leuven,Elfriede,Vrouwelijk,05/05/2019
Dilbeek,Solange,Vrouwelijk,04/18/2019
Temse,Jeannine,Vrouwelijk,04/21/2019
Mechelen,Rachid,Mannelijk,05/09/2019
Kalmthout,Sandra,Vrouwelijk,05/02/2019
Moeskroen,Matthieu,Mannelijk,04/27/2019
Temse,Roger,Mannelijk,04/25/2019
Farciennes,Sébastien,Mannelijk,04/18/2019
Saint-Nicolas (Luik),Claudine,Vrouwelijk,04/22/2019
Sint-Katelijne-Waver,Annelies,Vrouwelijk,04/29/2019
Maaseik,Gertrude,Vrouwelijk,05/02/2019
Evergem,Geert,Mannelijk,04/25/2019
Essen,Vicky,Vrouwelijk,04/26/2019
Leopoldsburg,Kris,Mannelijk,05/05/2019
Elsene,Tanguy,Mannelijk,04/28/2019
Antwerpen,Maria,Vrouwelijk,05/17/2019
Les Bons Villers,Marcelle,Vrouwelijk,05/05/2019
Ukkel,Juliette,Vrouwelijk,05/01/2019
Linter,Tony,Mannelijk,04/29/2019
Arendonk,Margareta,Vrouwelijk,04/26/2019
Antwerpen,Albert,Mannelijk,04/26/2019
Roeselare,Alex,Mannelijk,05/17/2019
Beauraing,Aline,Vrouwelijk,05/11/2019
Lier,André,Mannelijk,04/20/2019
Wetteren,Gustaaf,Mannelijk,05/16/2019
Ronse,Myriam,Vrouwelijk,04/28/2019
Kasterlee,Eliza,Vrouwelijk,04/28/2019
Lendelede,Rita,Vrouwelijk,05/06/2019
Sint-Gillis-Waas,Dirk,Mannelijk,05/22/2019
Ingelmunster,André,Mannelijk,04/18/2019
Antwerpen,Berat,Mannelijk,05/04/2019
’s Gravenbrakel,Evelyne,Vrouwelijk,04/28/2019
Bierbeek,Frans,Mannelijk,04/30/2019
Sint-Niklaas (Sint-Niklaas),Nona,Vrouwelijk,05/03/2019
Brecht,Josephina,Vrouwelijk,04/30/2019
Anderlecht,Loredana,Vrouwelijk,05/07/2019
Wuustwezel,Ilse,Vrouwelijk,05/07/2019
Zelzate,Stijn,Mannelijk,04/29/2019
Koksijde,Robert,Mannelijk,04/29/2019
Colfontaine,David,Mannelijk,04/29/2019
Edingen,Amandine,Vrouwelijk,04/28/2019
Schaarbeek,Rabah,Mannelijk,05/06/2019
Avelgem,Jean,Mannelijk,04/28/2019
Antwerpen,Radka,Vrouwelijk,04/29/2019
Brussel,Eline,Vrouwelijk,05/06/2019
Charleroi,Fatima,Vrouwelijk,05/01/2019
Roeselare,Juliaan,Mannelijk,04/26/2019
Châtelet,Paolo,Mannelijk,04/26/2019
Gent,Bryan,Mannelijk,05/06/2019
Zonhoven,Hilde,Vrouwelijk,04/24/2019
Keerbergen,Willy,Mannelijk,05/03/2019
Mechelen,Ilham,Vrouwelijk,05/01/2019
Namen,Marie,Vrouwelijk,04/23/2019
Oudenaarde,Cedric,Mannelijk,04/27/2019
Aat,Alfred,Mannelijk,04/29/2019
Wommelgem,Veerle,Vrouwelijk,05/04/2019
Galmaarden,Rita,Vrouwelijk,04/29/2019
Antwerpen,Caroline,Vrouwelijk,04/17/2019
Waasmunster,Frederik,Mannelijk,05/02/2019
Gedinne,Stéphanie,Vrouwelijk,04/29/2019
Chapelle-lez-Herlaimont,Rosetta,Vrouwelijk,04/18/2019
Aalst (Aalst),Christine,Vrouwelijk,04/25/2019
Brussel,Laurence,Vrouwelijk,04/30/2019
Gent,Gert,Mannelijk,04/18/2019
Grimbergen,Najat,Vrouwelijk,04/23/2019
Brakel,Senne,Mannelijk,04/24/2019
Genk,Monique,Vrouwelijk,04/30/2019
Poperinge,Jean,Mannelijk,04/20/2019
Gent,Tijs,Mannelijk,04/26/2019
Ravels,Linda,Vrouwelijk,04/25/2019
Colfontaine,Angelique,Vrouwelijk,04/27/2019
Seraing,Thibault,Mannelijk,04/30/2019
Hasselt,Tom,Mannelijk,04/29/2019
Zemst,Jean,Mannelijk,04/25/2019
Ieper,Ivo,Mannelijk,04/25/2019
Peer,Myrthe,Vrouwelijk,05/18/2019
Berlaar,Willy,Mannelijk,04/24/2019
Zoutleeuw,Frank,Mannelijk,04/26/2019
Sint-Joost-ten-Node,Aicha,Vrouwelijk,04/19/2019
Nieuwpoort,Andy,Mannelijk,05/06/2019
Luik,Margherita,Vrouwelijk,04/25/2019
Trooz,Alexandre,Mannelijk,05/13/2019
Aywaille,Luc,Mannelijk,04/19/2019
Luik,Jean-Marie,Mannelijk,05/07/2019
Marche-en-Famenne,Ludovic,Mannelijk,05/06/2019
Harelbeke,Bart,Mannelijk,05/06/2019
Hasselt,Eveline,Vrouwelijk,04/26/2019
Bergen,Nathan,Mannelijk,05/21/2019
Amel,Thierry,Mannelijk,04/27/2019
Geel,Peter,Mannelijk,04/18/2019
Roeselare,Mohammad,Mannelijk,05/16/2019
Kampenhout,Sven,Mannelijk,04/22/2019
Charleroi,Alexandra,Vrouwelijk,04/20/2019
Elsene,Antonia,Vrouwelijk,05/07/2019
Charleroi,Nathan,Mannelijk,04/28/2019
Kelmis,Oliver,Mannelijk,05/12/2019
Overijse,Martin,Mannelijk,04/25/2019
Quévy,Stéphanie,Vrouwelijk,05/03/2019
Charleroi,Laurence,Vrouwelijk,04/26/2019
Aalst (Aalst),Charlotte,Vrouwelijk,04/26/2019
Oudergem,Marie,Vrouwelijk,04/24/2019
Antwerpen,Tine,Vrouwelijk,04/18/2019
Neupré,Giovanna,Vrouwelijk,04/21/2019
Vaux-sur-Sûre,Charline,Vrouwelijk,04/28/2019
Estaimpuis,Ophélie,Vrouwelijk,04/28/2019
Luik,Nathalie,Vrouwelijk,04/22/2019
Stekene,Bram,Mannelijk,04/26/2019
Komen-Waasten,Théo,Mannelijk,04/30/2019
Wervik,Stefaan,Mannelijk,05/10/2019
Lochristi,Annelies,Vrouwelijk,04/30/2019
Bastenaken,Jérémy,Mannelijk,05/01/2019
Anderlecht,Ayoub,Mannelijk,04/26/2019
Sankt Vith,Jacqueline,Vrouwelijk,04/18/2019
Brugge,Marie,Vrouwelijk,05/07/2019
Zinnik,Anne-Marie,Vrouwelijk,05/04/2019
Morlanwelz,Luca,Mannelijk,04/24/2019
Pelt,Eva,Vrouwelijk,05/03/2019
Ukkel,Ayoub,Mannelijk,05/03/2019
Komen-Waasten,Claudette,Vrouwelijk,05/04/2019
Chimay,Daniel,Mannelijk,04/20/2019
Grimbergen,Pauline,Vrouwelijk,04/28/2019
Borgworm,Hélène,Vrouwelijk,04/30/2019
Courcelles,Céline,Vrouwelijk,04/28/2019
Antwerpen,Rayane,Mannelijk,04/18/2019
Bonheiden,Maria,Vrouwelijk,04/24/2019
Sint-Jans-Molenbeek,Jérémy,Mannelijk,04/29/2019
Sivry-Rance,Coralie,Vrouwelijk,04/18/2019
Blegny,Berthe,Vrouwelijk,04/28/2019
Leuze-en-Hainaut,Françoise,Vrouwelijk,04/19/2019
Mechelen,Evi,Vrouwelijk,05/20/2019
Luik,Christianne,Vrouwelijk,05/02/2019
Spa,Renaud,Mannelijk,04/25/2019
Ninove,Barbara,Vrouwelijk,05/03/2019
Ham-sur-Heure-Nalinnes,Christine,Vrouwelijk,04/18/2019
Hoei,Lorenzo,Mannelijk,04/21/2019
Londerzeel,Adolf,Mannelijk,04/19/2019
La Louvière,Martine,Vrouwelijk,04/24/2019
Gavere,Steve,Mannelijk,04/30/2019
Heusden-Zolder,Arzu,Vrouwelijk,05/03/2019
Graven,Louise,Vrouwelijk,04/27/2019
Boechout,Christine,Vrouwelijk,04/27/2019
Tielt (Tielt),Leen,Vrouwelijk,05/02/2019
Genk,El,Mannelijk,05/27/2019
Turnhout,Eddy,Mannelijk,04/27/2019
Gent,Lotte,Vrouwelijk,04/24/2019
Gerpinnes,Pierre,Mannelijk,04/30/2019
Heusden-Zolder,Christine,Vrouwelijk,04/22/2019
Schaarbeek,Nicolas,Mannelijk,05/03/2019
Binche,Emanuela,Vrouwelijk,04/26/2019
Gent,Ece,Vrouwelijk,05/07/2019
Pelt,Jade,Vrouwelijk,05/04/2019
Aalst (Aalst),Niel,Mannelijk,04/28/2019
Marche-en-Famenne,Claudine,Vrouwelijk,04/27/2019
Zulte,Lieselot,Vrouwelijk,05/04/2019
Waasmunster,Dieter,Mannelijk,04/27/2019
Antwerpen,Marcus,Mannelijk,05/04/2019
Houthalen-Helchteren,Emma,Vrouwelijk,04/26/2019
Turnhout,Josephina,Vrouwelijk,05/26/2019
Sint-Joost-ten-Node,Mourad,Mannelijk,04/28/2019
Comblain-au-Pont,Jacques,Mannelijk,04/17/2019
Opwijk,Francis,Mannelijk,04/26/2019
Sint-Pieters-Woluwe,Michelle,Vrouwelijk,06/05/2019
Lommel,Huguette,Vrouwelijk,05/06/2019
Ingelmunster,Willy,Mannelijk,05/04/2019
Châtelet,Marc,Mannelijk,05/04/2019
Hoeselt,Kim,Vrouwelijk,04/25/2019
Saint-Nicolas (Luik),Danielle,Vrouwelijk,04/26/2019
De Panne,Marc,Mannelijk,05/03/2019
Mechelen,Charlotte,Vrouwelijk,04/21/2019
Hulshout,Jolien,Vrouwelijk,04/18/2019
Anderlecht,Elisabeth,Vrouwelijk,05/07/2019
Mechelen,Inge,Vrouwelijk,04/28/2019
Herenthout,Patrick,Mannelijk,05/05/2019
Borgloon,Lars,Mannelijk,05/05/2019
Lommel,David,Mannelijk,04/23/2019
Somme-Leuze,Fabienne,Vrouwelijk,04/22/2019
Sint-Niklaas (Sint-Niklaas),Sulaiman,Mannelijk,05/25/2019
Lichtervelde,Geert,Mannelijk,05/21/2019
Namen,Victor,Mannelijk,05/14/2019
Brussel,Larbi,Mannelijk,04/30/2019
Saint-Ghislain,Ludovic,Mannelijk,05/05/2019
Les Bons Villers,Jean,Mannelijk,05/12/2019
Bree,Valerie,Vrouwelijk,05/04/2019
