gemeente,naam,geslacht,verwachte datum
Châtelet,Grazia,Vrouwelijk,09/10/2019
Brecht,Philippe,Mannelijk,09/24/2019
Oupeye,Christine,Vrouwelijk,09/16/2019
Dilsen-Stokkem,Kevin,Mannelijk,09/21/2019
Hasselt,Anja,Vrouwelijk,09/23/2019
Waregem,Henri,Mannelijk,09/19/2019
Gent,Lara,Vrouwelijk,09/09/2019
Saint-Nicolas (Luik),Sarah,Vrouwelijk,09/17/2019
Haaltert,Luc,Mannelijk,09/19/2019
Zedelgem,Marleen,Vrouwelijk,09/22/2019
Luik,Chantal,Vrouwelijk,11/01/2019
Schaarbeek,Yassine,Mannelijk,09/20/2019
Sint-Jans-Molenbeek,Soufiane,Mannelijk,09/09/2019
Gent,Lawrence,Mannelijk,09/15/2019
Sint-Martens-Latem,Julie,Vrouwelijk,09/17/2019
Waregem,Conny,Vrouwelijk,09/12/2019
Halle (Halle-Vilvoorde),Arno,Mannelijk,09/08/2019
Malle,Mark,Mannelijk,09/18/2019
Bastenaken,Serge,Mannelijk,10/08/2019
Aywaille,Francis,Mannelijk,10/07/2019
Antwerpen,Anass,Mannelijk,09/24/2019
Roeselare,Emma,Vrouwelijk,09/13/2019
Westerlo,Wim,Mannelijk,09/08/2019
Meise,Hendrik,Mannelijk,09/19/2019
Sint-Pieters-Leeuw,Kevin,Mannelijk,09/15/2019
La Louvière,Sarah,Vrouwelijk,09/20/2019
Stekene,Delphine,Vrouwelijk,09/19/2019
Antwerpen,Jan,Mannelijk,09/24/2019
Flémalle,Noah,Mannelijk,09/20/2019
Beringen,Willy,Mannelijk,10/07/2019
Brunehaut,Patricia,Vrouwelijk,09/18/2019
Beveren (Sint-Niklaas),Raymonda,Vrouwelijk,09/13/2019
Sint-Martens-Latem,Sébastien,Mannelijk,09/16/2019
Grimbergen,Arthur,Mannelijk,09/14/2019
Léglise,Christelle,Vrouwelijk,09/15/2019
Antwerpen,Kristof,Mannelijk,09/17/2019
Leuven,Marcel,Mannelijk,09/17/2019
Brussel,Noah,Mannelijk,09/14/2019
Luik,Nicole,Vrouwelijk,09/17/2019
Antwerpen,Marie,Vrouwelijk,09/25/2019
Koksijde,Karolien,Vrouwelijk,09/14/2019
Berloz,Alexandre,Mannelijk,09/15/2019
Knokke-Heist,Paul,Mannelijk,09/16/2019
Jemeppe-sur-Sambre,Loïc,Mannelijk,09/13/2019
Oupeye,Kevin,Mannelijk,09/23/2019
Brussel,Cindy,Vrouwelijk,09/13/2019
Putte,Thibault,Mannelijk,09/15/2019
Heusden-Zolder,Serdar,Mannelijk,09/15/2019
Charleroi,Lino,Mannelijk,09/17/2019
Zonhoven,Deborah,Vrouwelijk,09/23/2019
Knokke-Heist,Michel,Mannelijk,10/06/2019
Herstal,Sofia,Vrouwelijk,09/26/2019
Ledegem,Nathalie,Vrouwelijk,09/17/2019
Verviers,Isabelle,Vrouwelijk,09/14/2019
Ieper,Joren,Mannelijk,09/06/2019
Charleroi,Michaël,Mannelijk,09/25/2019
Moeskroen,Suzanne,Vrouwelijk,09/16/2019
Zutendaal,Margaretha,Vrouwelijk,09/20/2019
Beerse,Elise,Vrouwelijk,09/23/2019
Colfontaine,Stéphane,Mannelijk,09/18/2019
Vilvoorde,Tim,Mannelijk,09/10/2019
Graven,Léo,Mannelijk,09/13/2019
Elsene,Ulysse,Mannelijk,09/14/2019
Bergen,Léana,Vrouwelijk,09/24/2019
Tielt (Tielt),Pierre,Mannelijk,09/23/2019
Andenne,Nelly,Vrouwelijk,09/14/2019
Neufchâteau (Neufchâteau),Denis,Mannelijk,09/14/2019
Luik,Francine,Vrouwelijk,09/19/2019
Dilbeek,Julienne,Vrouwelijk,09/25/2019
Borgworm,Arthur,Mannelijk,09/13/2019
Luik,Sanaa,Vrouwelijk,09/19/2019
Putte,Geert,Mannelijk,10/06/2019
Roeselare,Antoine,Mannelijk,09/19/2019
Watermaal-Bosvoorde,Moussa,Mannelijk,09/14/2019
Wichelen,Linda,Vrouwelijk,09/11/2019
Gingelom,Sarah,Vrouwelijk,09/30/2019
Gent,David,Mannelijk,09/26/2019
Harelbeke,Kurt,Mannelijk,11/03/2019
Brasschaat,Wesley,Mannelijk,09/24/2019
La Louvière,Fiona,Vrouwelijk,09/16/2019
Lummen,Daan,Mannelijk,09/10/2019
Namen,Philippe,Mannelijk,10/08/2019
Luik,Alexandre,Mannelijk,09/15/2019
Lier,Reinhilde,Vrouwelijk,09/16/2019
Poperinge,Sofie,Vrouwelijk,10/10/2019
Lokeren,Stefaan,Mannelijk,09/21/2019
Grâce-Hollogne,Jean-Yves,Mannelijk,09/11/2019
Balen,Ann,Vrouwelijk,09/13/2019
Chiny,Axel,Mannelijk,09/06/2019
Chaumont-Gistoux,Oscar,Mannelijk,09/16/2019
Moeskroen,Bernard,Mannelijk,09/08/2019
Gent,Michaela,Vrouwelijk,09/15/2019
Nijlen,Peter,Mannelijk,09/16/2019
Herselt,Sofie,Vrouwelijk,10/06/2019
Zemst,Martine,Vrouwelijk,09/08/2019
Mechelen,Evy,Vrouwelijk,09/13/2019
Gooik,Inge,Vrouwelijk,09/17/2019
Geel,Johan,Mannelijk,10/25/2019
Houthalen-Helchteren,Claudio,Mannelijk,09/20/2019
Seraing,Rosa,Vrouwelijk,09/18/2019
Brussel,Victor,Mannelijk,09/17/2019
Antwerpen,Monique,Vrouwelijk,09/16/2019
Sint-Genesius-Rode,Hendrik,Mannelijk,09/20/2019
Houffalize,Marion,Vrouwelijk,10/02/2019
Luik,Ludwig,Mannelijk,10/18/2019
Anthisnes,Fabienne,Vrouwelijk,09/19/2019
Genepiën,Maria,Vrouwelijk,09/13/2019
Zwevegem,Marie,Vrouwelijk,09/18/2019
Ottignies-Louvain-la-Neuve,Alexandre,Mannelijk,09/19/2019
Lebbeke,Lars,Mannelijk,10/03/2019
Herselt,Lotte,Vrouwelijk,09/27/2019
Leuze-en-Hainaut,Georges,Mannelijk,09/23/2019
Halle (Halle-Vilvoorde),Julia,Vrouwelijk,09/16/2019
Schaarbeek,Silvana,Vrouwelijk,09/17/2019
Antwerpen,Norma,Vrouwelijk,09/10/2019
Lendelede,Arne,Mannelijk,09/11/2019
Geraardsbergen,Gerry,Mannelijk,09/15/2019
Genk,Elza,Vrouwelijk,09/20/2019
Genepiën,Laurence,Vrouwelijk,09/25/2019
Bree,Nathalie,Vrouwelijk,09/06/2019
Nieuwerkerken (Hasselt),Marc,Mannelijk,09/18/2019
Moeskroen,Denis,Mannelijk,09/19/2019
Schaarbeek,Ingrid,Vrouwelijk,09/24/2019
Gent,Veronika,Vrouwelijk,09/07/2019
Hoei,Elodie,Vrouwelijk,09/20/2019
Luik,Sofia,Vrouwelijk,10/03/2019
Opwijk,Kristien,Vrouwelijk,09/07/2019
Sint-Lambrechts-Woluwe,Geoffroy,Mannelijk,09/17/2019
Brugge,Bruno,Mannelijk,09/15/2019
Oudenaarde,Tom,Mannelijk,10/02/2019
Nazareth,Yvette,Vrouwelijk,09/06/2019
Gent,Roger,Mannelijk,09/20/2019
Saint-Ghislain,Bertrand,Mannelijk,09/21/2019
Geel,Greet,Vrouwelijk,09/19/2019
Sambreville,Patrick,Mannelijk,09/14/2019
Antwerpen,August,Mannelijk,09/20/2019
Rumst,Niels,Mannelijk,09/19/2019
Ranst,Patricia,Vrouwelijk,09/13/2019
Sint-Genesius-Rode,Jean,Mannelijk,09/19/2019
Leuven,Christine,Vrouwelijk,09/15/2019
Frameries,Antonia,Vrouwelijk,09/15/2019
Sint-Truiden,Diane,Vrouwelijk,09/17/2019
Sprimont,Jean-François,Mannelijk,09/17/2019
Ronse,Mira,Vrouwelijk,09/26/2019
Beveren (Sint-Niklaas),Yuna,Vrouwelijk,09/28/2019
Gent,Katrien,Vrouwelijk,09/22/2019
Waregem,Emile,Mannelijk,10/01/2019
Mol,Michelle,Vrouwelijk,10/02/2019
Haacht,David,Mannelijk,09/18/2019
Luik,Jonathan,Mannelijk,09/11/2019
Sint-Pieters-Leeuw,Magda,Vrouwelijk,09/19/2019
Westerlo,Joyce,Vrouwelijk,09/07/2019
Sint-Niklaas (Sint-Niklaas),Jeannine,Vrouwelijk,09/18/2019
Brussel,Morgane,Vrouwelijk,09/27/2019
Dendermonde,Jade,Vrouwelijk,09/21/2019
Hoeselt,Cédric,Mannelijk,09/23/2019
Flémalle,Jason,Mannelijk,09/26/2019
Leuven,Sara,Vrouwelijk,10/08/2019
Antwerpen,Liliane,Vrouwelijk,09/10/2019
Gent,Evgeni,Mannelijk,09/15/2019
Charleroi,Jessy,Mannelijk,09/18/2019
Evere,Séverine,Vrouwelijk,09/21/2019
Sint-Jans-Molenbeek,Nazha,Vrouwelijk,09/18/2019
Tongeren,Astrid,Vrouwelijk,10/27/2019
Lessen,Alexandre,Mannelijk,09/19/2019
Beveren (Sint-Niklaas),Otis,Mannelijk,09/15/2019
Moeskroen,Pauline,Vrouwelijk,09/24/2019
Willebroek,Marina,Vrouwelijk,09/19/2019
Galmaarden,Joseph,Mannelijk,09/10/2019
Kelmis,Aurélie,Vrouwelijk,09/18/2019
Tessenderlo,Annie,Vrouwelijk,09/21/2019
Zoutleeuw,Robin,Mannelijk,09/15/2019
Ieper,Olivier,Mannelijk,09/11/2019
Brussel,Khadija,Vrouwelijk,09/11/2019
Genk,Giuseppe,Mannelijk,09/11/2019
Nijvel,Noémie,Vrouwelijk,09/20/2019
Lobbes,Serge,Mannelijk,10/02/2019
Sint-Katelijne-Waver,Pieter,Mannelijk,09/23/2019
Herent,Ella,Vrouwelijk,09/16/2019
Colfontaine,Adam,Mannelijk,09/18/2019
Ieper,Ringo,Mannelijk,09/26/2019
Charleroi,Fatima,Vrouwelijk,09/30/2019
Antwerpen,Ismail,Mannelijk,09/12/2019
Sint-Gillis,Agathe,Vrouwelijk,09/19/2019
Kontich,Jan,Mannelijk,09/07/2019
Kruisem,Julien,Mannelijk,09/10/2019
Ans,Gloria,Vrouwelijk,09/07/2019
Anderlecht,Imane,Vrouwelijk,10/24/2019
Vorselaar,Simonne,Vrouwelijk,09/24/2019
Herstal,Alicia,Vrouwelijk,09/14/2019
Kortrijk,Christiane,Vrouwelijk,09/19/2019
Zonnebeke,Daisy,Vrouwelijk,09/19/2019
Brecht,Ivo,Mannelijk,09/23/2019
Wasseiges,Lucie,Vrouwelijk,09/15/2019
Namen,Maya,Vrouwelijk,09/09/2019
Bocholt,Lana,Vrouwelijk,09/13/2019
Anderlecht,Luigi,Mannelijk,09/22/2019
Zaventem,Julie,Vrouwelijk,09/16/2019
Brussel,Maria,Vrouwelijk,09/09/2019
Erpe-Mere,Juliette,Vrouwelijk,09/20/2019
Geel,Guido,Mannelijk,09/16/2019
Zonhoven,Geoffrey,Mannelijk,09/12/2019
Bergen,David,Mannelijk,09/19/2019
Sint-Lambrechts-Woluwe,François,Mannelijk,09/08/2019
Horebeke,Willy,Mannelijk,09/23/2019
Rixensart,Xavier,Mannelijk,09/13/2019
Antwerpen,Eduard,Mannelijk,09/25/2019
Turnhout,Thomas,Mannelijk,09/20/2019
Bocholt,Jorrit,Mannelijk,09/17/2019
Bonheiden,Monique,Vrouwelijk,09/25/2019
Affligem,Pierre,Mannelijk,09/23/2019
Kluisbergen,Brecht,Mannelijk,09/21/2019
Sint-Pieters-Woluwe,Marine,Vrouwelijk,09/16/2019
Aalst (Aalst),Roland,Mannelijk,09/17/2019
Antwerpen,Gustaaf,Mannelijk,09/23/2019
Laarne,Willy,Mannelijk,09/13/2019
Vorst (Brussel-Hoofdstad),Aurélie,Vrouwelijk,09/09/2019
Beveren (Sint-Niklaas),Alice,Vrouwelijk,09/20/2019
Antwerpen,Sanae,Vrouwelijk,09/21/2019
Antwerpen,Seyfettin,Mannelijk,09/13/2019
Dilbeek,Sienna,Vrouwelijk,10/08/2019
Merelbeke,Wouter,Mannelijk,09/20/2019
Lommel,Myriam,Vrouwelijk,09/08/2019
Oostkamp,Gino,Mannelijk,09/17/2019
Puurs-Sint-Amands,Guido,Mannelijk,09/23/2019
Sint-Jans-Molenbeek,Santa,Vrouwelijk,09/07/2019
Vosselaar,Ludovicus,Mannelijk,09/13/2019
Gent,Iveta,Vrouwelijk,09/21/2019
La Louvière,Graziella,Vrouwelijk,09/15/2019
Namen,Khadija,Vrouwelijk,09/10/2019
Châtelet,Didier,Mannelijk,09/13/2019
Ottignies-Louvain-la-Neuve,Philippe,Mannelijk,09/14/2019
Oostende,Frank,Mannelijk,09/21/2019
Aubange,Damien,Mannelijk,09/18/2019
Mechelen,Magnus,Mannelijk,09/22/2019
Turnhout,Sterre,Vrouwelijk,09/15/2019
Moeskroen,Jean-Jacques,Mannelijk,09/14/2019
Wezet,Mario,Mannelijk,09/08/2019
Beauraing,Mireille,Vrouwelijk,09/17/2019
Rixensart,Tristan,Mannelijk,09/14/2019
Bree,Maria,Vrouwelijk,09/07/2019
Sint-Gillis,Sarah,Vrouwelijk,09/17/2019
La Bruyère,Jade,Vrouwelijk,09/13/2019
Knokke-Heist,Ann,Vrouwelijk,09/18/2019
Doornik,Naïm,Mannelijk,09/20/2019
Waregem,Darline,Vrouwelijk,09/13/2019
Heist-op-den-Berg,Mil,Mannelijk,09/16/2019
Waver,Rafael,Mannelijk,09/17/2019
Kortenaken,Maria,Vrouwelijk,11/02/2019
Tongeren,Paulette,Vrouwelijk,09/14/2019
Remicourt,Maria,Vrouwelijk,09/15/2019
Huldenberg,Jan,Mannelijk,09/24/2019
Fleurus,Barbara,Vrouwelijk,09/07/2019
Riemst,Albert,Mannelijk,09/07/2019
Berlare,Isabelle,Vrouwelijk,09/15/2019
Charleroi,Eva,Vrouwelijk,09/13/2019
Boom,Rita,Vrouwelijk,09/16/2019
Blegny,Joseph,Mannelijk,09/23/2019
Kruibeke,Godelieve,Vrouwelijk,09/12/2019
Antwerpen,Marleentje,Vrouwelijk,09/19/2019
Mechelen,Hammadi,Mannelijk,09/14/2019
La Louvière,Emmanuel,Mannelijk,09/23/2019
Thuin,Raphaël,Mannelijk,09/12/2019
Zaventem,Paul,Mannelijk,09/09/2019
Etterbeek,Christopher,Mannelijk,09/13/2019
Boom,Kathleen,Vrouwelijk,09/17/2019
Elsene,Abdelkarim,Mannelijk,09/22/2019
Kruibeke,Christiane,Vrouwelijk,09/19/2019
Bergen,Jean-Luc,Mannelijk,09/10/2019
Riemst,Ludo,Mannelijk,09/22/2019
Luik,Lola,Vrouwelijk,09/13/2019
Genepiën,Lina,Vrouwelijk,09/06/2019
Moeskroen,Stéphanie,Vrouwelijk,09/26/2019
Leopoldsburg,Murat,Mannelijk,10/04/2019
Oudenaarde,Hanne,Vrouwelijk,09/13/2019
Bergen,Antoine,Mannelijk,09/07/2019
Houthalen-Helchteren,Katelijne,Vrouwelijk,09/14/2019
Merchtem,Wim,Mannelijk,09/21/2019
Ranst,Simonne,Vrouwelijk,09/23/2019
Mechelen,Asmae,Vrouwelijk,09/30/2019
Luik,Roger,Mannelijk,09/19/2019
Antwerpen,Shaindy,Vrouwelijk,09/11/2019
Lier,Bart,Mannelijk,11/09/2019
Putte,Rita,Vrouwelijk,09/16/2019
Cerfontaine,Laurence,Vrouwelijk,09/13/2019
Vorst (Brussel-Hoofdstad),Michel,Mannelijk,09/16/2019
Aalst (Aalst),Serge,Mannelijk,09/17/2019
Dour,Huguette,Vrouwelijk,09/19/2019
Anderlecht,Amal,Vrouwelijk,09/16/2019
Herzele,Karel,Mannelijk,09/27/2019
Dour,Francine,Vrouwelijk,09/13/2019
Bastenaken,Mégane,Vrouwelijk,09/12/2019
Etterbeek,Amit,Mannelijk,09/15/2019
Assenede,Rita,Vrouwelijk,09/11/2019
Heusden-Zolder,Julie,Vrouwelijk,10/10/2019
Sint-Lambrechts-Woluwe,Auriane,Vrouwelijk,09/19/2019
Quaregnon,Stefano,Mannelijk,09/16/2019
Brugge,Jeroom,Mannelijk,09/23/2019
Vilvoorde,Hiba,Vrouwelijk,09/22/2019
Bertrix,Martine,Vrouwelijk,09/20/2019
Fleurus,Cédric,Mannelijk,09/16/2019
Kortenaken,Gerry,Mannelijk,09/13/2019
Oostkamp,Natascha,Vrouwelijk,09/22/2019
Antwerpen,Asli,Vrouwelijk,09/25/2019
Binche,Pascale,Vrouwelijk,09/18/2019
Herstal,Leslie,Vrouwelijk,09/08/2019
Zottegem,Willy,Mannelijk,09/18/2019
Anderlecht,Fatima,Vrouwelijk,09/23/2019
Fléron,Jean-Marc,Mannelijk,09/25/2019
Schaarbeek,Dylan,Mannelijk,09/21/2019
Walcourt,Francesco,Mannelijk,09/17/2019
Wingene,Stefan,Mannelijk,09/13/2019
Bonheiden,Rik,Mannelijk,10/03/2019
Pelt,Brigitte,Vrouwelijk,09/18/2019
Moorslede,Charles,Mannelijk,09/16/2019
Sint-Gillis,Manon,Vrouwelijk,09/23/2019
Wasseiges,Charlotte,Vrouwelijk,09/09/2019
Verviers,Cyril,Mannelijk,09/13/2019
Tessenderlo,Chantal,Vrouwelijk,09/10/2019
Vloesberg,Christine,Vrouwelijk,09/17/2019
