gemeente,naam,geslacht,verwachte datum
Anderlecht,Abdullah,Mannelijk,09/02/2019
Nijvel,Adèle,Vrouwelijk,09/13/2019
Profondeville,Catherine,Vrouwelijk,09/26/2019
Evergem,Christine,Vrouwelijk,09/12/2019
Kortrijk,Davy,Mannelijk,09/25/2019
Edegem,Etienne,Mannelijk,10/04/2019
Wetteren,Ludwine,Vrouwelijk,09/07/2019
Jette,Martine,Vrouwelijk,09/08/2019
Bergen,Marie,Vrouwelijk,09/14/2019
Ottignies-Louvain-la-Neuve,Arlette,Vrouwelijk,09/28/2019
Hoei,Adrien,Mannelijk,09/01/2019
Grimbergen,Andreea,Vrouwelijk,09/12/2019
Florenville,Jean-François,Mannelijk,09/10/2019
Dour,Théo,Mannelijk,09/07/2019
Kortenberg,Aneta,Vrouwelijk,09/04/2019
Peer,Henri,Mannelijk,09/08/2019
Wommelgem,Yves,Mannelijk,09/18/2019
Lokeren,Daniel,Mannelijk,09/13/2019
Turnhout,Karim,Mannelijk,09/01/2019
Waregem,Frederik,Mannelijk,09/10/2019
Hasselt,Maria,Vrouwelijk,09/27/2019
Morlanwelz,Roland,Mannelijk,09/15/2019
Leuven,Jelte,Mannelijk,09/16/2019
Deinze,Eric,Mannelijk,09/12/2019
Waasmunster,Patrick,Mannelijk,09/18/2019
Wommelgem,Jan,Mannelijk,09/03/2019
Zottegem,Bert,Mannelijk,09/13/2019
Rendeux,Laura,Vrouwelijk,09/06/2019
Brugge,Hendrik,Mannelijk,09/06/2019
Doornik,Arnaud,Mannelijk,09/04/2019
Fleurus,Romeo,Mannelijk,09/16/2019
Vorst (Brussel-Hoofdstad),Manon,Vrouwelijk,09/11/2019
Antwerpen,Amani,Vrouwelijk,09/07/2019
Eupen,Mia,Vrouwelijk,09/14/2019
Brugge,Lisa,Vrouwelijk,09/11/2019
Puurs-Sint-Amands,Elsa,Vrouwelijk,09/30/2019
Luik,Germaine,Vrouwelijk,09/17/2019
Overijse,Quentin,Mannelijk,09/10/2019
Grimbergen,Els,Vrouwelijk,09/01/2019
Blegny,Sophie,Vrouwelijk,09/14/2019
Zele,Angela,Vrouwelijk,09/08/2019
Sint-Jans-Molenbeek,Saïdou,Mannelijk,09/06/2019
Anzegem,Matthias,Mannelijk,09/04/2019
Brussel,Armel,Mannelijk,09/18/2019
Ukkel,Monica,Vrouwelijk,09/14/2019
Elsene,Amir,Mannelijk,09/21/2019
Mol,Arno,Mannelijk,09/02/2019
Virton,Julien,Mannelijk,09/10/2019
Arendonk,Joke,Vrouwelijk,09/04/2019
Grâce-Hollogne,Alexandre,Mannelijk,09/13/2019
Grâce-Hollogne,Marie,Vrouwelijk,09/13/2019
Verviers,Thomas,Mannelijk,09/07/2019
Zonnebeke,Tim,Mannelijk,09/07/2019
Tongeren,Lotte,Vrouwelijk,09/11/2019
Hoei,Jérémy,Mannelijk,09/07/2019
Lier,Monica,Vrouwelijk,09/14/2019
Herstal,Maëlys,Vrouwelijk,09/09/2019
Sint-Truiden,Tom,Mannelijk,09/03/2019
Grimbergen,Valérie,Vrouwelijk,09/17/2019
Oudenaarde,Johan,Mannelijk,09/11/2019
Boechout,Bart,Mannelijk,09/08/2019
Châtelet,Francis,Mannelijk,09/12/2019
Herstal,Rosario,Mannelijk,09/26/2019
Antwerpen,Junaid,Mannelijk,09/21/2019
Châtelet,Sébastien,Mannelijk,08/31/2019
Moeskroen,Jean,Mannelijk,09/18/2019
Aat,Viviane,Vrouwelijk,09/11/2019
Beloeil,Monique,Vrouwelijk,10/01/2019
Antwerpen,Jan,Mannelijk,09/01/2019
Melle,Marcel,Mannelijk,09/23/2019
Brugge,Sylvie,Vrouwelijk,09/16/2019
Jemeppe-sur-Sambre,Marie-Louise,Vrouwelijk,09/03/2019
Perwijs (Nijvel),Katty,Vrouwelijk,09/05/2019
Temse,Linda,Vrouwelijk,09/06/2019
Antwerpen,Brenda,Vrouwelijk,09/12/2019
Lievegem,Hendrik,Mannelijk,09/10/2019
Namen,Joseph,Mannelijk,09/11/2019
Turnhout,Seppe,Mannelijk,09/20/2019
Peer,Stan,Mannelijk,09/09/2019
Amay,Jason,Mannelijk,09/01/2019
Houthalen-Helchteren,Stefano,Mannelijk,09/09/2019
Hamont-Achel,Siebe,Mannelijk,09/18/2019
Ganshoren,Alice,Vrouwelijk,09/11/2019
Profondeville,Achille,Mannelijk,09/19/2019
Namen,Yves,Mannelijk,09/27/2019
Gembloux,Laetitia,Vrouwelijk,09/17/2019
Geldenaken,Nathalie,Vrouwelijk,09/20/2019
Diest,Eveline,Vrouwelijk,09/02/2019
Brugge,Aurelie,Vrouwelijk,09/13/2019
Menen,Daniel,Mannelijk,10/02/2019
Bornem,Nele,Vrouwelijk,09/15/2019
Waver,Joël,Mannelijk,09/18/2019
Wevelgem,Maria,Vrouwelijk,09/08/2019
Gent,Wim,Mannelijk,09/11/2019
Huldenberg,Dirk,Mannelijk,09/09/2019
Luik,Frédéric,Mannelijk,09/12/2019
Luik,Julien,Mannelijk,10/02/2019
Sint-Niklaas (Sint-Niklaas),Hilda,Vrouwelijk,09/19/2019
Harelbeke,Geoffrey,Mannelijk,09/07/2019
Evergem,Evelien,Vrouwelijk,09/08/2019
Anderlecht,Monique,Vrouwelijk,09/10/2019
Namen,Sébastien,Mannelijk,09/07/2019
Schaarbeek,Nicola,Mannelijk,09/11/2019
Schaarbeek,Bilel,Mannelijk,09/16/2019
Pont-à-Celles,Simon,Mannelijk,09/11/2019
Leuven,Anton,Mannelijk,09/11/2019
Gent,Herman,Mannelijk,08/31/2019
Antwerpen,Elsa,Vrouwelijk,09/19/2019
Bocholt,Jacobus,Mannelijk,09/08/2019
Heist-op-den-Berg,Cisse,Mannelijk,09/13/2019
Zonhoven,Christel,Vrouwelijk,09/03/2019
Roeselare,Yana,Vrouwelijk,09/25/2019
Rochefort,Maud,Vrouwelijk,09/10/2019
Charleroi,Mireille,Vrouwelijk,09/10/2019
Laakdal,Gitte,Vrouwelijk,09/10/2019
Arendonk,Tess,Vrouwelijk,09/27/2019
Sprimont,Yves,Mannelijk,09/08/2019
Oudenaarde,Jeannette,Vrouwelijk,09/24/2019
Opwijk,Petra,Vrouwelijk,09/17/2019
Charleroi,Rabah,Mannelijk,09/10/2019
Bergen,Sonia,Vrouwelijk,09/10/2019
Incourt,Alexandre,Mannelijk,09/18/2019
Denderleeuw,Ben,Mannelijk,09/16/2019
Courcelles,Béatrice,Vrouwelijk,09/11/2019
Assenede,Axelle,Vrouwelijk,09/10/2019
Sint-Jans-Molenbeek,Gisèle,Vrouwelijk,09/10/2019
Schaarbeek,Abdelhadi,Mannelijk,09/03/2019
Essen,Philip,Mannelijk,09/10/2019
Leuven,Frederik,Mannelijk,10/06/2019
Bitsingen,Roger,Mannelijk,09/17/2019
Menen,Serge,Mannelijk,09/07/2019
Denderleeuw,Christiane,Vrouwelijk,09/03/2019
Ledegem,Antoine,Mannelijk,09/09/2019
Bastenaken,Emeline,Vrouwelijk,09/03/2019
Berlaar,Tom,Mannelijk,09/08/2019
Charleroi,Claudy,Mannelijk,09/05/2019
Paliseul,André,Mannelijk,09/11/2019
Oudenaarde,Lien,Vrouwelijk,09/13/2019
Houthalen-Helchteren,Steven,Mannelijk,08/31/2019
Brussel,Stefan,Mannelijk,09/07/2019
Lanaken,Mireille,Vrouwelijk,09/01/2019
Antwerpen,Leentje,Vrouwelijk,09/12/2019
’s Gravenbrakel,Cyril,Mannelijk,09/09/2019
Balen,Wout,Mannelijk,09/16/2019
Walcourt,Robert,Mannelijk,09/14/2019
Luik,Hugo,Mannelijk,09/16/2019
Wijnegem,Liesbeth,Vrouwelijk,09/11/2019
Elsene,Hugues,Mannelijk,09/26/2019
Eigenbrakel,Susana,Vrouwelijk,09/12/2019
Sint-Agatha-Berchem,Martine,Vrouwelijk,09/07/2019
Sint-Jans-Molenbeek,Nisrine,Vrouwelijk,09/15/2019
Dilbeek,Haroun,Mannelijk,09/06/2019
Haaltert,Ellen,Vrouwelijk,09/01/2019
La Louvière,Christian,Mannelijk,09/08/2019
Cerfontaine,Nancy,Vrouwelijk,09/03/2019
Oostkamp,Louis,Mannelijk,09/11/2019
Kortrijk,Bas,Mannelijk,09/26/2019
Montigny-le-Tilleul,Monique,Vrouwelijk,09/05/2019
Sint-Truiden,Liesbeth,Vrouwelijk,09/11/2019
Bergen,Morgane,Vrouwelijk,09/04/2019
Schaarbeek,Irina,Vrouwelijk,09/29/2019
Waasmunster,Paul,Mannelijk,10/02/2019
Linkebeek,Sophie,Vrouwelijk,09/10/2019
Herzele,Luc,Mannelijk,09/19/2019
Jalhay,Bruno,Mannelijk,10/04/2019
Farciennes,Anna,Vrouwelijk,09/06/2019
Herselt,Carl,Mannelijk,09/12/2019
Olen,Daniel,Mannelijk,09/03/2019
Chaudfontaine,Jonathan,Mannelijk,10/04/2019
Sint-Katelijne-Waver,Ward,Mannelijk,09/02/2019
Elsene,Yvon,Mannelijk,09/14/2019
Bree,Miel,Mannelijk,09/06/2019
Namen,Freddy,Mannelijk,09/24/2019
Gent,Sonja,Vrouwelijk,09/16/2019
Hemiksem,Bart,Mannelijk,09/05/2019
Deinze,Sofie,Vrouwelijk,09/10/2019
Aalst (Aalst),Robin,Mannelijk,09/07/2019
Mortsel,Michel,Mannelijk,09/02/2019
Antwerpen,José,Mannelijk,09/19/2019
Ieper,Inge,Vrouwelijk,09/07/2019
Gent,Abdül,Mannelijk,09/11/2019
Oupeye,Danielle,Vrouwelijk,09/15/2019
Antwerpen,Oussama,Mannelijk,08/31/2019
Zaventem,Stefan,Mannelijk,09/13/2019
Mechelen,Olivier,Mannelijk,09/02/2019
Waver,Charly,Mannelijk,09/18/2019
Turnhout,Katja,Vrouwelijk,09/07/2019
Temse,Tim,Mannelijk,09/13/2019
Lier,Ludovica,Vrouwelijk,09/16/2019
Rouvroy,André,Mannelijk,10/03/2019
Leuven,Farah,Vrouwelijk,09/05/2019
Schaarbeek,Sandra,Vrouwelijk,09/10/2019
Habay,Gaëtan,Mannelijk,09/16/2019
Kortenberg,Dylan,Mannelijk,09/04/2019
Grimbergen,Emily,Vrouwelijk,09/04/2019
Evergem,Sofie,Vrouwelijk,09/10/2019
Antwerpen,Hüsnü,Mannelijk,09/08/2019
Heuvelland,Louis,Mannelijk,09/15/2019
De Pinte,Mathieu,Mannelijk,09/08/2019
Lochristi,Johan,Mannelijk,09/09/2019
Poperinge,Francis,Mannelijk,09/10/2019
Antwerpen,Friso,Mannelijk,09/18/2019
Evergem,Lena,Vrouwelijk,09/07/2019
Jemeppe-sur-Sambre,Enzo,Mannelijk,09/15/2019
Lasne,Baudouin,Mannelijk,09/09/2019
Namen,Alma,Vrouwelijk,09/14/2019
Puurs-Sint-Amands,Sarah,Vrouwelijk,09/08/2019
Charleroi,Patricia,Vrouwelijk,09/11/2019
Menen,Mario,Mannelijk,09/14/2019
Riemst,Guy,Mannelijk,09/08/2019
Tienen,Marie,Vrouwelijk,09/05/2019
Heusden-Zolder,Paul,Mannelijk,09/20/2019
Sint-Jans-Molenbeek,Radu,Mannelijk,09/09/2019
Waregem,Kürt,Mannelijk,10/13/2019
Pelt,Antoon,Mannelijk,09/10/2019
Dalhem,Martin,Mannelijk,09/18/2019
Oupeye,Irena,Vrouwelijk,09/12/2019
Kelmis,Denise,Vrouwelijk,09/08/2019
Tremelo,Wout,Mannelijk,09/13/2019
Mechelen,Ines,Vrouwelijk,09/15/2019
Habay,Jacqueline,Vrouwelijk,09/07/2019
Beerse,Dirk,Mannelijk,09/19/2019
Hooglede,Carine,Vrouwelijk,09/12/2019
Kortrijk,Claude,Mannelijk,09/11/2019
Wervik,Ine,Vrouwelijk,09/13/2019
Sint-Gillis,Zoulikha,Vrouwelijk,10/04/2019
Manage,Emma,Vrouwelijk,10/10/2019
Halen,Elza,Vrouwelijk,09/13/2019
Musson,Joël,Mannelijk,09/25/2019
Brussel,Wassim,Mannelijk,09/15/2019
Oudergem,Corinne,Vrouwelijk,09/15/2019
Waver,Sébastien,Mannelijk,09/05/2019
Geraardsbergen,Christa,Vrouwelijk,09/06/2019
Oostende,Leopold,Mannelijk,09/07/2019
Schaarbeek,Yumer,Mannelijk,09/21/2019
Eigenbrakel,Valerie,Vrouwelijk,08/31/2019
Courcelles,Stéphane,Mannelijk,09/10/2019
Hasselt,Mariet,Vrouwelijk,09/13/2019
Oudergem,Robert,Mannelijk,09/10/2019
Schaarbeek,Mouna,Vrouwelijk,09/13/2019
Froidchapelle,Louis,Mannelijk,09/05/2019
Pepinster,Jean-Louis,Mannelijk,09/05/2019
Brugge,Nina,Vrouwelijk,09/26/2019
Terhulpen,Isabelle,Vrouwelijk,09/18/2019
Luik,Johnny,Mannelijk,09/12/2019
Seneffe,Ludovic,Mannelijk,09/17/2019
Luik,Jacqueline,Vrouwelijk,09/06/2019
Hoogstraten,Lotte,Vrouwelijk,09/10/2019
Antwerpen,Letizia,Vrouwelijk,09/29/2019
Aarschot,Frans,Mannelijk,09/04/2019
Antwerpen,Manu,Mannelijk,09/19/2019
Antwerpen,Letitia,Vrouwelijk,09/13/2019
Mechelen,Haroun,Mannelijk,09/12/2019
Ukkel,Mathieu,Mannelijk,09/04/2019
Sint-Agatha-Berchem,Robert,Mannelijk,09/11/2019
Zemst,Lieze,Vrouwelijk,09/02/2019
Waver,Mathis,Mannelijk,09/09/2019
Châtelet,Jordan,Mannelijk,09/17/2019
Mettet,Jean-Paul,Mannelijk,09/10/2019
Zoutleeuw,Werner,Mannelijk,09/09/2019
Farciennes,Martine,Vrouwelijk,09/20/2019
Ronse,Jean,Mannelijk,10/13/2019
Diksmuide,Chris,Mannelijk,09/01/2019
Villers-la-Ville,Julie,Vrouwelijk,09/10/2019
Binche,Steven,Mannelijk,09/10/2019
Halle (Halle-Vilvoorde),Marina,Vrouwelijk,09/16/2019
Manage,Joëlle,Vrouwelijk,09/12/2019
Herve,Francis,Mannelijk,09/09/2019
Sint-Pieters-Woluwe,Alexandre,Mannelijk,09/09/2019
Antwerpen,Eva,Vrouwelijk,09/07/2019
Herselt,Mireille,Vrouwelijk,09/09/2019
Oudsbergen,Hubertus,Mannelijk,09/09/2019
’s Gravenbrakel,Christel,Vrouwelijk,09/13/2019
Antwerpen,Erna,Vrouwelijk,09/12/2019
Aubel,Marie-José,Vrouwelijk,09/14/2019
Essen,Werner,Mannelijk,09/03/2019
Seraing,Paul,Mannelijk,09/03/2019
Antwerpen,Dragan,Mannelijk,09/07/2019
Antwerpen,Patrick,Mannelijk,09/12/2019
Anderlecht,Laura,Vrouwelijk,09/17/2019
Lummen,Emma,Vrouwelijk,09/13/2019
Gent,Nele,Vrouwelijk,09/07/2019
Zottegem,Carine,Vrouwelijk,10/23/2019
Antwerpen,Sylvain,Mannelijk,09/17/2019
Lubbeek,Ann,Vrouwelijk,09/08/2019
Antwerpen,Amin,Mannelijk,09/16/2019
Zutendaal,Johnny,Mannelijk,09/14/2019
Schelle,Robert,Mannelijk,09/20/2019
Schoten,Nicholas,Mannelijk,09/13/2019
Knokke-Heist,Wilfried,Mannelijk,09/01/2019
Brussel,Inaya,Vrouwelijk,09/11/2019
Waasmunster,Yvonne,Vrouwelijk,09/09/2019
Philippeville,Sacha,Mannelijk,09/25/2019
Florennes,Anne,Vrouwelijk,09/07/2019
Luik,Bastien,Mannelijk,09/12/2019
Namen,Christophe,Mannelijk,09/10/2019
Morlanwelz,Julian,Mannelijk,09/09/2019
Vosselaar,Bram,Mannelijk,09/14/2019
Hasselt,Arne,Mannelijk,09/03/2019
Chapelle-lez-Herlaimont,Suzanne,Vrouwelijk,09/13/2019
Marche-en-Famenne,Dominique,Mannelijk,09/09/2019
Tongeren,Els,Vrouwelijk,08/31/2019
Antwerpen,Kiana,Vrouwelijk,09/10/2019
Balen,Dimitri,Mannelijk,09/08/2019
Sint-Lievens-Houtem,Annie,Vrouwelijk,09/14/2019
Flémalle,Soraya,Vrouwelijk,09/11/2019
Bredene,Jonas,Mannelijk,09/09/2019
Brussel,Sandrine,Vrouwelijk,08/31/2019
Steenokkerzeel,Linda,Vrouwelijk,09/20/2019
Sprimont,Corentin,Mannelijk,09/14/2019
Bütgenbach,Christophe,Mannelijk,09/08/2019
Rumst,Maria,Vrouwelijk,09/09/2019
Tielt (Tielt),Eric,Mannelijk,10/10/2019
Gent,Thierry,Mannelijk,09/11/2019
