gemeente,naam,geslacht,verwachte datum
Brugge,Serge,Mannelijk,11/12/2019
Watermaal-Bosvoorde,Marie,Vrouwelijk,11/05/2019
Brussel,Paul,Mannelijk,11/12/2019
Philippeville,Emile,Mannelijk,11/04/2019
Waterloo,Tom,Mannelijk,11/11/2019
Herselt,Ingrid,Vrouwelijk,11/09/2019
Zonhoven,Romain,Mannelijk,11/10/2019
Anderlecht,Vladimir,Mannelijk,10/26/2019
Aarschot,Guido,Mannelijk,11/11/2019
Evergem,Georgette,Vrouwelijk,11/02/2019
Zoutleeuw,Elke,Vrouwelijk,11/11/2019
Heusden-Zolder,Joseph,Mannelijk,11/03/2019
Lille,Gert,Mannelijk,11/07/2019
Zaventem,François,Mannelijk,10/26/2019
Heusden-Zolder,Cindy,Vrouwelijk,11/21/2019
Kortemark,Maria,Vrouwelijk,11/08/2019
Zoersel,Danny,Mannelijk,11/09/2019
Seraing,Jérémy,Mannelijk,12/20/2019
Elsene,Sofiane,Mannelijk,11/03/2019
Herstal,Diana,Vrouwelijk,11/13/2019
La Louvière,Mariam,Vrouwelijk,11/10/2019
Schilde,Marleen,Vrouwelijk,11/07/2019
Roeselare,Lucca,Mannelijk,11/09/2019
Malle,Yvonne,Vrouwelijk,10/31/2019
Destelbergen,Noor,Vrouwelijk,10/31/2019
Nieuwpoort,Anita,Vrouwelijk,11/11/2019
De Pinte,Christian,Mannelijk,11/02/2019
Bergen,Chantal,Vrouwelijk,11/03/2019
Châtelet,David,Mannelijk,11/02/2019
Assenede,Joeri,Mannelijk,10/26/2019
La Roche-en-Ardenne,Fernand,Mannelijk,11/05/2019
Wetteren,Nancy,Vrouwelijk,11/05/2019
Dilsen-Stokkem,Evy,Vrouwelijk,11/11/2019
Saint-Ghislain,Léopold,Mannelijk,11/07/2019
Aartselaar,Andrea,Vrouwelijk,11/07/2019
Wetteren,Tamara,Vrouwelijk,11/10/2019
Hemiksem,Rita,Vrouwelijk,11/11/2019
Sint-Jans-Molenbeek,Salima,Vrouwelijk,11/05/2019
La Bruyère,Sylviane,Vrouwelijk,11/13/2019
Antwerpen,Lynn,Vrouwelijk,11/08/2019
Tervuren,Florian,Mannelijk,11/11/2019
Begijnendijk,Jan,Mannelijk,11/06/2019
Kapellen (Antwerpen),Joris,Mannelijk,11/05/2019
Luik,Kiril,Mannelijk,11/17/2019
Brecht,Brent,Mannelijk,11/15/2019
Buggenhout,Dirk,Mannelijk,11/24/2019
Maarkedal,Jenny,Vrouwelijk,11/01/2019
Bergen,Coralie,Vrouwelijk,11/12/2019
Namen,Albana,Vrouwelijk,11/08/2019
Wevelgem,Alex,Mannelijk,11/22/2019
Rotselaar,Yana,Vrouwelijk,11/13/2019
Ecaussinnes,Annie,Vrouwelijk,11/01/2019
Brugge,Birger,Mannelijk,10/28/2019
Sint-Niklaas (Sint-Niklaas),Sophia,Vrouwelijk,11/03/2019
Charleroi,Lucie,Vrouwelijk,10/29/2019
Zonhoven,Petra,Vrouwelijk,11/04/2019
Weismes,Georgette,Vrouwelijk,10/28/2019
Brussel,Giancarlo,Mannelijk,10/31/2019
Roeselare,Luc,Mannelijk,11/10/2019
Vorst (Brussel-Hoofdstad),Sébastien,Mannelijk,11/05/2019
Montigny-le-Tilleul,Jean-Pierre,Mannelijk,11/15/2019
Antwerpen,Lucas,Mannelijk,10/25/2019
Floreffe,Patricia,Vrouwelijk,11/11/2019
Zoersel,Rune,Mannelijk,11/03/2019
Antwerpen,Rafa,Mannelijk,11/03/2019
Heist-op-den-Berg,Augusta,Vrouwelijk,10/30/2019
Olen,Maria,Vrouwelijk,10/26/2019
Châtelet,Carine,Vrouwelijk,11/01/2019
Wuustwezel,Walter,Mannelijk,11/10/2019
Sint-Lambrechts-Woluwe,Paul,Mannelijk,12/02/2019
Luik,Bruno,Mannelijk,11/11/2019
Charleroi,Sarah,Vrouwelijk,11/01/2019
Halle (Halle-Vilvoorde),Claudia,Vrouwelijk,10/29/2019
Quévy,Alice,Vrouwelijk,11/03/2019
Ieper,Marc,Mannelijk,11/25/2019
Charleroi,Moussa,Mannelijk,11/11/2019
Chaumont-Gistoux,Olivier,Mannelijk,11/25/2019
Chaudfontaine,Eric,Mannelijk,11/09/2019
Sint-Niklaas (Sint-Niklaas),Debbie,Vrouwelijk,10/31/2019
Mol,Kurt,Mannelijk,10/30/2019
Schoten,Marcus,Mannelijk,11/04/2019
Kruisem,Marie-José,Vrouwelijk,10/29/2019
Ecaussinnes,Léon,Mannelijk,11/10/2019
Brugge,Marleen,Vrouwelijk,11/02/2019
Charleroi,Joseph,Mannelijk,11/03/2019
Verlaine,Grégory,Mannelijk,11/06/2019
Luik,Nicole,Vrouwelijk,11/03/2019
Grobbendonk,Robin,Mannelijk,11/11/2019
Flémalle,Antonia,Vrouwelijk,10/26/2019
Gouvy,Michel,Mannelijk,11/01/2019
Heuvelland,Anna,Vrouwelijk,11/07/2019
Anderlecht,Giovanna,Vrouwelijk,11/13/2019
Jette,Nathan,Mannelijk,11/04/2019
Mechelen,Simon,Mannelijk,10/29/2019
Gent,Ariane,Vrouwelijk,10/30/2019
Heist-op-den-Berg,Irma,Vrouwelijk,11/03/2019
Bree,Paula,Vrouwelijk,11/12/2019
Turnhout,Tom,Mannelijk,11/13/2019
Heist-op-den-Berg,Brigitta,Vrouwelijk,11/22/2019
Luik,Christel,Vrouwelijk,11/14/2019
Hamont-Achel,Jimmy,Mannelijk,11/04/2019
Willebroek,Ismail,Mannelijk,11/16/2019
Meulebeke,Dominique,Mannelijk,10/30/2019
Antwerpen,Arben,Mannelijk,11/10/2019
Antwerpen,Rita,Vrouwelijk,11/05/2019
Vorst (Brussel-Hoofdstad),Gabriel,Mannelijk,11/10/2019
Antwerpen,Ahlam,Vrouwelijk,11/09/2019
La Louvière,Agnès,Vrouwelijk,11/15/2019
Soumagne,Renée,Vrouwelijk,10/30/2019
Kortrijk,Nils,Mannelijk,11/06/2019
Rumst,Dieter,Mannelijk,12/06/2019
Linter,Melissa,Vrouwelijk,11/06/2019
Ottignies-Louvain-la-Neuve,Michel,Mannelijk,11/27/2019
Lier,Margareta,Vrouwelijk,11/13/2019
Péruwelz,Michel,Mannelijk,11/12/2019
Bergen,Pascal,Mannelijk,10/26/2019
Lochristi,Leen,Vrouwelijk,10/26/2019
Gent,Cemal,Mannelijk,11/01/2019
Antwerpen,Eric,Mannelijk,11/04/2019
Jabbeke,Willy,Mannelijk,11/13/2019
Aalter,Nathalie,Vrouwelijk,11/03/2019
Kortrijk,Pauline,Vrouwelijk,11/09/2019
Brakel,Kato,Vrouwelijk,11/09/2019
Hove (Antwerpen),Margot,Vrouwelijk,11/03/2019
Zoersel,Dirk,Mannelijk,11/01/2019
Graven,Maxime,Mannelijk,11/14/2019
Waasmunster,Lina,Vrouwelijk,11/02/2019
Machelen (Halle-Vilvoorde),Hubert,Mannelijk,12/15/2019
Stekene,Lucien,Mannelijk,11/25/2019
Ukkel,Aurel,Mannelijk,10/27/2019
Duffel,Olivier,Mannelijk,11/16/2019
Raeren,Hermann,Mannelijk,10/26/2019
Charleroi,Fabrice,Mannelijk,11/02/2019
Zelzate,Nadine,Vrouwelijk,11/05/2019
Vorst (Brussel-Hoofdstad),Jade,Vrouwelijk,11/04/2019
Elsene,Océane,Vrouwelijk,11/07/2019
Anderlecht,Amanda,Vrouwelijk,11/03/2019
Namen,Andrei,Mannelijk,11/25/2019
Dilbeek,Georges,Mannelijk,11/17/2019
Anhée,Sophie,Vrouwelijk,11/10/2019
Sint-Truiden,Jozef,Mannelijk,10/26/2019
Charleroi,Lina,Vrouwelijk,11/08/2019
Menen,Brenda,Vrouwelijk,11/01/2019
Gent,Aya,Vrouwelijk,11/11/2019
Dendermonde,Godelieve,Vrouwelijk,11/02/2019
Overijse,Amaury,Mannelijk,11/03/2019
Antwerpen,Farah,Vrouwelijk,11/07/2019
Kortrijk,Yasin,Mannelijk,11/05/2019
Antwerpen,Omar,Mannelijk,10/31/2019
Juprelle,Danièle,Vrouwelijk,11/04/2019
Andenne,Catherine,Vrouwelijk,11/02/2019
Aalst (Aalst),Joseph,Mannelijk,11/04/2019
Geel,Leonie,Vrouwelijk,11/04/2019
Halle (Halle-Vilvoorde),Annelies,Vrouwelijk,11/06/2019
Gent,Jan,Mannelijk,11/03/2019
Amay,Grégory,Mannelijk,11/20/2019
Bergen,Angela,Vrouwelijk,11/01/2019
Rixensart,Alex,Mannelijk,11/23/2019
Aalst (Aalst),Jessica,Vrouwelijk,11/09/2019
Binche,Isabelle,Vrouwelijk,11/05/2019
Antwerpen,Ronny,Mannelijk,11/12/2019
Scherpenheuvel-Zichem,Danny,Mannelijk,11/12/2019
Tongeren,Evelien,Vrouwelijk,11/01/2019
Aalst (Aalst),Kris,Mannelijk,11/02/2019
Gent,Charles,Mannelijk,11/10/2019
Havelange,Clémence,Vrouwelijk,10/26/2019
La Bruyère,Isabelle,Vrouwelijk,11/02/2019
Antwerpen,Katrien,Vrouwelijk,11/04/2019
Chastre,Delphine,Vrouwelijk,10/30/2019
Elsene,Constantin,Mannelijk,10/25/2019
Sint-Genesius-Rode,Virginie,Vrouwelijk,11/11/2019
Brakel,Marie,Vrouwelijk,11/12/2019
Lede,Marcel,Mannelijk,11/06/2019
Pont-à-Celles,Karine,Vrouwelijk,11/04/2019
Doornik,Gilberte,Vrouwelijk,10/27/2019
Colfontaine,Marcelle,Vrouwelijk,10/27/2019
Oostende,Brigitte,Vrouwelijk,11/09/2019
Sint-Lievens-Houtem,Julien,Mannelijk,11/02/2019
Moeskroen,Andy,Mannelijk,11/06/2019
Luik,Louis,Mannelijk,11/05/2019
Laarne,Etienne,Mannelijk,11/05/2019
Sint-Joost-ten-Node,Cem,Mannelijk,10/31/2019
Harelbeke,Patrick,Mannelijk,11/08/2019
Leuven,Jessica,Vrouwelijk,12/22/2019
Chaumont-Gistoux,Marc,Mannelijk,10/30/2019
Rochefort,Kevin,Mannelijk,11/14/2019
Aubange,Virginie,Vrouwelijk,11/08/2019
Esneux,Pascale,Vrouwelijk,11/12/2019
Lommel,Yolande,Vrouwelijk,11/07/2019
Ternat,Caro,Vrouwelijk,12/04/2019
Wervik,Jeannique,Vrouwelijk,11/06/2019
Zedelgem,Franky,Mannelijk,11/11/2019
Couvin,Justine,Vrouwelijk,11/10/2019
Lessen,Louis,Mannelijk,11/03/2019
Lochristi,Helga,Vrouwelijk,10/25/2019
Bergen,Alexia,Vrouwelijk,10/29/2019
Tielt-Winge,Walter,Mannelijk,11/10/2019
Vilvoorde,Defne,Vrouwelijk,11/16/2019
Luik,Félicité,Vrouwelijk,10/31/2019
Comblain-au-Pont,Kevin,Mannelijk,11/14/2019
Izegem,Aäron,Mannelijk,10/25/2019
Tielt (Tielt),Femke,Vrouwelijk,11/11/2019
Sint-Niklaas (Sint-Niklaas),Godelieve,Vrouwelijk,11/15/2019
Namen,Nina,Vrouwelijk,11/05/2019
Fléron,Jacques,Mannelijk,10/25/2019
Maaseik,Tuur,Mannelijk,11/19/2019
Hasselt,Christine,Vrouwelijk,11/01/2019
Eigenbrakel,Vanessa,Vrouwelijk,11/09/2019
Balen,Shirley,Vrouwelijk,11/25/2019
Komen-Waasten,Mathias,Mannelijk,11/05/2019
Aarlen,David,Mannelijk,11/04/2019
Antwerpen,Marc,Mannelijk,10/30/2019
Sint-Lievens-Houtem,Laura,Vrouwelijk,11/05/2019
Gent,Vicky,Vrouwelijk,11/01/2019
Heist-op-den-Berg,Hilde,Vrouwelijk,11/28/2019
Lebbeke,Kris,Mannelijk,10/30/2019
Leuven,Wouter,Mannelijk,10/30/2019
Leuven,Hedwig,Vrouwelijk,11/02/2019
Charleroi,Tiziana,Vrouwelijk,10/28/2019
Harelbeke,Edward,Mannelijk,10/27/2019
Turnhout,Shana,Vrouwelijk,10/29/2019
Lievegem,Evelien,Vrouwelijk,11/13/2019
Herstal,Annie,Vrouwelijk,10/31/2019
Seraing,Sébastien,Mannelijk,11/05/2019
Hamois,Claire,Vrouwelijk,10/28/2019
Châtelet,Aurore,Vrouwelijk,11/15/2019
Turnhout,Violette,Vrouwelijk,11/02/2019
Antwerpen,Gyunay,Mannelijk,11/02/2019
Deerlijk,Jana,Vrouwelijk,11/05/2019
Sint-Jans-Molenbeek,Mina,Vrouwelijk,10/29/2019
Habay,Sébastien,Mannelijk,11/05/2019
Overijse,Sandra,Vrouwelijk,10/25/2019
Namen,Michele,Mannelijk,11/28/2019
Lochristi,Lydia,Vrouwelijk,11/06/2019
Waregem,Sven,Mannelijk,11/13/2019
Brasschaat,Christian,Mannelijk,11/15/2019
Vielsalm,Fabrice,Mannelijk,11/06/2019
Limburg,Rachel,Vrouwelijk,11/03/2019
Machelen (Halle-Vilvoorde),Walter,Mannelijk,11/02/2019
Malle,Elias,Mannelijk,11/11/2019
Villers-la-Ville,Audrey,Vrouwelijk,11/01/2019
Harelbeke,Erik,Mannelijk,10/28/2019
Waver,Jean-Luc,Mannelijk,11/01/2019
Temse,Jurgen,Mannelijk,11/02/2019
Leuven,Hildegarde,Vrouwelijk,11/15/2019
Meerhout,Jozef,Mannelijk,11/05/2019
Halle (Halle-Vilvoorde),Khalid,Mannelijk,11/18/2019
Sint-Gillis,Christophe,Mannelijk,11/04/2019
Mettet,Sonia,Vrouwelijk,11/14/2019
Bocholt,Rina,Vrouwelijk,11/02/2019
Leuven,Charlotte,Vrouwelijk,11/12/2019
Sint-Gillis-Waas,Nadine,Vrouwelijk,11/13/2019
Antwerpen,Marta,Vrouwelijk,11/11/2019
Ganshoren,Michaël,Mannelijk,11/05/2019
Aywaille,Sébastien,Mannelijk,11/12/2019
Sint-Gillis,Annick,Vrouwelijk,10/27/2019
Gent,Karel,Mannelijk,11/13/2019
Eigenbrakel,Annie,Vrouwelijk,11/06/2019
Oupeye,Lucas,Mannelijk,11/11/2019
Doornik,Salomé,Vrouwelijk,11/09/2019
Scherpenheuvel-Zichem,Stijn,Mannelijk,11/05/2019
Halle (Halle-Vilvoorde),Jonathan,Mannelijk,11/02/2019
Stoumont,Pierre,Mannelijk,11/06/2019
Turnhout,Maria,Vrouwelijk,11/04/2019
Bergen,Julien,Mannelijk,12/24/2019
Sint-Genesius-Rode,Matteo,Mannelijk,11/26/2019
Assenede,Martine,Vrouwelijk,11/01/2019
Willebroek,Mohammed,Mannelijk,10/25/2019
Liedekerke,Eric,Mannelijk,11/07/2019
Anderlecht,Zayd,Mannelijk,11/02/2019
Kapelle-op-den-Bos,Hanne,Vrouwelijk,11/11/2019
Floreffe,Florine,Vrouwelijk,11/03/2019
Oudenaarde,Kaatje,Vrouwelijk,11/08/2019
Saint-Georges-sur-Meuse,Robin,Mannelijk,11/08/2019
Sint-Lambrechts-Woluwe,René,Mannelijk,11/03/2019
Wuustwezel,John,Mannelijk,11/16/2019
Sint-Agatha-Berchem,Aurélie,Vrouwelijk,10/27/2019
Vilvoorde,Océane,Vrouwelijk,11/27/2019
Moeskroen,Christiane,Vrouwelijk,11/07/2019
Namen,Marie,Vrouwelijk,11/24/2019
Anderlecht,Anissa,Vrouwelijk,11/03/2019
Ranst,Dominique,Mannelijk,11/09/2019
Turnhout,Arlette,Vrouwelijk,11/05/2019
Sint-Niklaas (Sint-Niklaas),Sabina,Vrouwelijk,10/27/2019
Luik,Yvette,Vrouwelijk,11/08/2019
Sint-Jans-Molenbeek,Martine,Vrouwelijk,11/03/2019
Etalle,Vincent,Mannelijk,11/14/2019
Sint-Niklaas (Sint-Niklaas),Yvan,Mannelijk,11/13/2019
Middelkerke,Koen,Mannelijk,11/07/2019
Opwijk,Jade,Vrouwelijk,10/28/2019
Zaventem,Noah,Mannelijk,11/05/2019
Antwerpen,Patricia,Vrouwelijk,11/01/2019
Brussel,Anis,Mannelijk,10/29/2019
Buggenhout,Jacqueline,Vrouwelijk,10/28/2019
Ichtegem,Jeannette,Vrouwelijk,11/05/2019
Kortrijk,Annie,Vrouwelijk,11/06/2019
