gemeente,naam,geslacht,verwachte datum
Rotselaar,Gert,Mannelijk,11/21/2019
Duffel,Luc,Mannelijk,11/20/2019
Gent,Jan,Mannelijk,12/12/2019
Gent,Marie-Christine,Vrouwelijk,11/27/2019
Edingen,Richard,Mannelijk,11/20/2019
Berlare,Odette,Vrouwelijk,11/26/2019
Sint-Niklaas (Sint-Niklaas),Luc,Mannelijk,11/22/2019
Ledegem,Jean,Mannelijk,11/11/2019
Beveren (Sint-Niklaas),Sandra,Vrouwelijk,11/23/2019
Leuven,Senne,Mannelijk,11/27/2019
De Panne,Bart,Mannelijk,11/26/2019
Grimbergen,Burak,Mannelijk,11/14/2019
Zandhoven,Katrien,Vrouwelijk,11/15/2019
Halle (Halle-Vilvoorde),Mark,Mannelijk,12/09/2019
Turnhout,Pieter,Mannelijk,11/10/2019
Luik,Raphaël,Mannelijk,11/25/2019
Waterloo,Denise,Vrouwelijk,11/22/2019
Geetbets,Gabrielle,Vrouwelijk,11/18/2019
Waver,Josette,Vrouwelijk,11/22/2019
Balen,Joanna,Vrouwelijk,11/12/2019
Oudergem,Erik,Mannelijk,11/20/2019
Gent,Raymonda,Vrouwelijk,11/11/2019
Gerpinnes,Jocelyne,Vrouwelijk,11/22/2019
Dilbeek,Guy,Mannelijk,11/21/2019
Lier,Aline,Vrouwelijk,11/13/2019
Geel,Christiana,Vrouwelijk,11/12/2019
Antwerpen,Francine,Vrouwelijk,11/13/2019
Nijvel,Olivier,Mannelijk,11/10/2019
Westerlo,Roger,Mannelijk,11/29/2019
Brussel,Céline,Vrouwelijk,11/12/2019
Torhout,Thijs,Mannelijk,11/18/2019
Wellen,Jeannine,Vrouwelijk,11/13/2019
Hoei,Barbara,Vrouwelijk,12/28/2019
Bornem,Jonas,Mannelijk,11/14/2019
Sint-Pieters-Leeuw,Jonathan,Mannelijk,11/19/2019
Couvin,Nathan,Mannelijk,11/18/2019
Sint-Truiden,Tom,Mannelijk,11/12/2019
Maasmechelen,Daisy,Vrouwelijk,12/23/2019
Limburg,Alain,Mannelijk,11/28/2019
Oostende,Andrea,Vrouwelijk,11/18/2019
Zwalm,Sandra,Vrouwelijk,11/19/2019
Schaarbeek,Martha,Vrouwelijk,11/16/2019
Sint-Pieters-Leeuw,Walter,Mannelijk,11/11/2019
Beringen,Sabri,Mannelijk,11/16/2019
Gistel,Kristien,Vrouwelijk,11/19/2019
Aalst (Aalst),Sandra,Vrouwelijk,11/23/2019
Boechout,Mario,Mannelijk,11/20/2019
Maldegem,Daniël,Mannelijk,11/25/2019
Ganshoren,Jeannine,Vrouwelijk,11/16/2019
Theux,Nicolas,Mannelijk,11/19/2019
Sint-Pieters-Woluwe,Anne-Françoise,Vrouwelijk,11/09/2019
Verviers,Sofia,Vrouwelijk,11/19/2019
Beloeil,Juliette,Vrouwelijk,11/20/2019
Antwerpen,Lotte,Vrouwelijk,11/24/2019
Eupen,Hanna,Vrouwelijk,11/25/2019
Gent,Hakim,Mannelijk,11/27/2019
Gembloux,Guillaume,Mannelijk,11/17/2019
Laakdal,Gerry,Mannelijk,11/20/2019
Fontaine-l’Evêque,Angélique,Vrouwelijk,11/29/2019
Grobbendonk,Kelly,Vrouwelijk,11/20/2019
Berlaar,Jesse,Mannelijk,11/25/2019
Schaarbeek,Aicha,Vrouwelijk,11/26/2019
Thuin,David,Mannelijk,11/29/2019
Aartselaar,Marleen,Vrouwelijk,11/30/2019
Sint-Agatha-Berchem,Kévin,Mannelijk,11/21/2019
Chaumont-Gistoux,Pascale,Vrouwelijk,11/16/2019
Ranst,An,Vrouwelijk,11/10/2019
Zaventem,Audrey,Vrouwelijk,11/21/2019
Antwerpen,Nicolas,Mannelijk,11/29/2019
Gent,Lasse,Mannelijk,11/23/2019
Heist-op-den-Berg,Leen,Vrouwelijk,11/23/2019
Oud-Heverlee,Emile,Mannelijk,11/19/2019
Cerfontaine,Guy,Mannelijk,11/22/2019
Bevekom,Camille,Vrouwelijk,11/18/2019
Nazareth,Hendrik,Mannelijk,11/21/2019
Braives,Sophie,Vrouwelijk,11/27/2019
Moeskroen,Andrew,Mannelijk,11/16/2019
Opwijk,Anne,Vrouwelijk,11/29/2019
Antwerpen,Hubert,Mannelijk,11/28/2019
Binche,Evelyne,Vrouwelijk,11/26/2019
Aalter,Sofie,Vrouwelijk,12/30/2019
Oosterzele,Marleen,Vrouwelijk,11/20/2019
Thimister-Clermont,Laurent,Mannelijk,11/21/2019
Herstal,Jean-Pierre,Mannelijk,11/11/2019
Oostende,Anne,Vrouwelijk,11/19/2019
Jabbeke,Rosa,Vrouwelijk,11/11/2019
Gent,Stijn,Mannelijk,11/26/2019
Heist-op-den-Berg,Clement,Mannelijk,11/25/2019
Oudergem,Felix,Mannelijk,11/27/2019
Zoersel,Christiana,Vrouwelijk,12/09/2019
Awans,Elisabeth,Vrouwelijk,11/22/2019
Antwerpen,Sigrid,Vrouwelijk,11/28/2019
Zwevegem,Rosa,Vrouwelijk,11/23/2019
Montigny-le-Tilleul,Sasha,Mannelijk,11/10/2019
Kelmis,Rudolf,Mannelijk,11/25/2019
Sint-Genesius-Rode,Annie,Vrouwelijk,11/16/2019
Heist-op-den-Berg,Ronald,Mannelijk,11/19/2019
Willebroek,Natalie,Vrouwelijk,11/17/2019
Pittem,Febe,Vrouwelijk,12/02/2019
Rumst,Manuel,Mannelijk,11/20/2019
Blankenberge,Ruben,Mannelijk,11/17/2019
Zaventem,Jacqueline,Vrouwelijk,11/13/2019
Sint-Niklaas (Sint-Niklaas),Ahmed,Mannelijk,12/07/2019
Luik,Karima,Vrouwelijk,11/24/2019
Namen,Ali,Mannelijk,11/17/2019
Wommelgem,Frieda,Vrouwelijk,11/22/2019
Rochefort,Marie-Louise,Vrouwelijk,11/28/2019
Charleroi,Claude,Mannelijk,11/29/2019
Lommel,Christiaan,Mannelijk,11/26/2019
Aywaille,Renaud,Mannelijk,11/17/2019
Brunehaut,Marie,Vrouwelijk,11/29/2019
Eigenbrakel,Christophe,Mannelijk,11/17/2019
Sint-Jans-Molenbeek,Martine,Vrouwelijk,11/10/2019
Namen,Céline,Vrouwelijk,11/24/2019
Lievegem,Wesley,Mannelijk,11/28/2019
Ronse,Maarten,Mannelijk,11/19/2019
Floreffe,Cindy,Vrouwelijk,11/28/2019
Menen,Antoinette,Vrouwelijk,11/15/2019
Edegem,Henri,Mannelijk,12/09/2019
Oudenaarde,Jeannette,Vrouwelijk,12/07/2019
Gent,Floor,Vrouwelijk,11/14/2019
Landen,Nina,Vrouwelijk,11/17/2019
Schoten,Mauro,Mannelijk,11/19/2019
Beringen,Selin,Vrouwelijk,11/18/2019
Rebecq,Agnès,Vrouwelijk,11/16/2019
Dessel,Maria,Vrouwelijk,11/18/2019
Beloeil,Benoit,Mannelijk,11/22/2019
Ukkel,Violette,Vrouwelijk,01/07/2020
Sombreffe,Viviane,Vrouwelijk,11/12/2019
Antwerpen,Samira,Vrouwelijk,11/23/2019
Elsene,Annie,Vrouwelijk,11/13/2019
Pelt,Franciscus,Mannelijk,11/26/2019
Ronse,Jean-Pierre,Mannelijk,11/21/2019
Brussel,Stefanos,Mannelijk,11/28/2019
Evere,William,Mannelijk,11/14/2019
Elsene,Valentine,Vrouwelijk,11/21/2019
Laakdal,Niels,Mannelijk,11/23/2019
Boechout,Nicole,Vrouwelijk,11/13/2019
Doornik,Séverine,Vrouwelijk,11/14/2019
Waterloo,Angelo,Mannelijk,11/16/2019
Durbuy,Guillaume,Mannelijk,11/10/2019
Sint-Jans-Molenbeek,Gilberte,Vrouwelijk,11/11/2019
Wervik,Milo,Mannelijk,11/12/2019
Hemiksem,Stefaan,Mannelijk,11/29/2019
Thuin,Renée,Vrouwelijk,12/13/2019
Libramont-Chevigny,Martine,Vrouwelijk,11/28/2019
Komen-Waasten,Sarah,Vrouwelijk,11/15/2019
Seraing,Emma,Vrouwelijk,11/29/2019
Aalst (Aalst),Nathalie,Vrouwelijk,11/26/2019
Namen,Amel,Vrouwelijk,11/17/2019
Zedelgem,Luc,Mannelijk,11/23/2019
Diest,Sophie,Vrouwelijk,11/20/2019
Bergen,Luc,Mannelijk,11/16/2019
Gent,Fernando,Mannelijk,11/19/2019
Genk,Malika,Vrouwelijk,11/22/2019
Waver,Audrey,Vrouwelijk,11/25/2019
Kelmis,Florian,Mannelijk,11/25/2019
Luik,Stéphanie,Vrouwelijk,11/14/2019
Hasselt,Marc,Mannelijk,12/12/2019
Doornik,Henri,Mannelijk,11/11/2019
Brugge,Maarten,Mannelijk,12/08/2019
Keerbergen,René,Mannelijk,11/25/2019
Herent,Lotte,Vrouwelijk,11/16/2019
Hasselt,Renée,Vrouwelijk,11/18/2019
Lede,Stefaan,Mannelijk,11/25/2019
Brussel,Ionatan,Mannelijk,11/18/2019
Zoutleeuw,Eric,Mannelijk,12/09/2019
Fléron,Olivier,Mannelijk,11/21/2019
Ottignies-Louvain-la-Neuve,Romane,Vrouwelijk,11/29/2019
Antwerpen,Indira,Vrouwelijk,11/12/2019
Schaarbeek,Maria,Vrouwelijk,11/29/2019
Gent,Sarah,Vrouwelijk,11/19/2019
Schilde,Jean,Mannelijk,11/16/2019
Sambreville,Rachel,Vrouwelijk,12/08/2019
Wevelgem,Elien,Vrouwelijk,11/16/2019
Estinnes,Louise,Vrouwelijk,11/19/2019
Sint-Jans-Molenbeek,Naoual,Vrouwelijk,11/26/2019
Gent,Mathias,Mannelijk,11/19/2019
Sambreville,Fabian,Mannelijk,11/09/2019
Bornem,Nicole,Vrouwelijk,12/11/2019
Aarlen,Aurore,Vrouwelijk,11/22/2019
Wevelgem,Emiel,Mannelijk,11/25/2019
Berlare,Guy,Mannelijk,11/17/2019
Elsene,Thierry,Mannelijk,11/29/2019
Lasne,Paul,Mannelijk,11/26/2019
Roeselare,Hilde,Vrouwelijk,11/21/2019
Watermaal-Bosvoorde,Marie,Vrouwelijk,11/21/2019
Andenne,Laura,Vrouwelijk,11/21/2019
Menen,Vincent,Mannelijk,11/11/2019
Schaarbeek,Julie,Vrouwelijk,11/23/2019
Ieper,Els,Vrouwelijk,11/15/2019
Sint-Niklaas (Sint-Niklaas),Nicholas,Mannelijk,11/21/2019
Kortrijk,Dimitri,Mannelijk,11/20/2019
Aalter,Patrick,Mannelijk,11/09/2019
Kuurne,Georgette,Vrouwelijk,11/09/2019
Heuvelland,Hanne,Vrouwelijk,11/29/2019
Antwerpen,Eder,Mannelijk,11/19/2019
Sint-Pieters-Leeuw,Alexandre,Mannelijk,12/01/2019
Maasmechelen,Ali,Mannelijk,11/13/2019
Hoei,Philippe,Mannelijk,11/15/2019
Dour,Raphaël,Mannelijk,11/16/2019
Zottegem,Annelies,Vrouwelijk,11/10/2019
Antwerpen,Rosalia,Vrouwelijk,11/20/2019
Deerlijk,Henri,Mannelijk,11/11/2019
Mechelen,Mohamed,Mannelijk,12/06/2019
Riemst,Jozef,Mannelijk,11/24/2019
Châtelet,Adil,Mannelijk,11/19/2019
Dilbeek,Miranda,Vrouwelijk,11/10/2019
Zottegem,Miel,Mannelijk,11/28/2019
Sprimont,Thomas,Mannelijk,11/22/2019
Tessenderlo,Tim,Mannelijk,11/21/2019
Herent,Arthur,Mannelijk,11/19/2019
Waterloo,Brigitte,Vrouwelijk,11/22/2019
Moeskroen,Jocelyne,Vrouwelijk,12/08/2019
Wuustwezel,Cornelis,Mannelijk,11/17/2019
Luik,Manon,Vrouwelijk,11/21/2019
Jette,Nabil,Mannelijk,11/21/2019
Welkenraedt,Xavier,Mannelijk,11/29/2019
Lebbeke,Annick,Vrouwelijk,11/09/2019
Schaarbeek,Fatima,Vrouwelijk,12/12/2019
Herent,Pieter,Mannelijk,11/17/2019
Luik,Margaux,Vrouwelijk,11/10/2019
Flémalle,Pascal,Mannelijk,11/27/2019
Nazareth,Elise,Vrouwelijk,11/15/2019
Ham,Tony,Mannelijk,11/21/2019
Waver,Nicolas,Mannelijk,11/11/2019
Sint-Gillis-Waas,Albert,Mannelijk,11/24/2019
Kortrijk,Milan,Mannelijk,11/16/2019
Herzele,An,Vrouwelijk,11/21/2019
Oudergem,Robin,Mannelijk,11/26/2019
Elsene,Francesco,Mannelijk,11/20/2019
Oostende,Marie,Vrouwelijk,11/20/2019
Orp-Jauche,Louise,Vrouwelijk,11/09/2019
Antwerpen,Josef,Mannelijk,11/25/2019
Antwerpen,Kwadwo,Mannelijk,11/27/2019
Elsene,Yannick,Mannelijk,11/17/2019
Bergen,Nicolas,Mannelijk,11/20/2019
Roeselare,Christine,Vrouwelijk,11/14/2019
Diksmuide,Sarah,Vrouwelijk,11/12/2019
Namen,Evelyne,Vrouwelijk,11/23/2019
Antwerpen,Julie,Vrouwelijk,11/18/2019
Anderlecht,Valentin,Mannelijk,11/29/2019
Manage,Victoria,Vrouwelijk,11/24/2019
Luik,Florian,Mannelijk,12/09/2019
Izegem,Annelies,Vrouwelijk,11/19/2019
Beaumont,Yannick,Mannelijk,11/11/2019
Edegem,Etienne,Mannelijk,11/17/2019
Mont-Saint-Guibert,Elise,Vrouwelijk,11/23/2019
Mortsel,Brenda,Vrouwelijk,11/13/2019
Wemmel,Farid,Mannelijk,11/20/2019
Moeskroen,Jean,Mannelijk,11/18/2019
Ukkel,Nathalie,Vrouwelijk,11/18/2019
Erpe-Mere,Marcel,Mannelijk,11/27/2019
Eigenbrakel,Agnès,Vrouwelijk,11/27/2019
Oud-Turnhout,Robbe,Mannelijk,11/27/2019
Gent,Aimée,Vrouwelijk,11/17/2019
Fontaine-l’Evêque,Joël,Mannelijk,11/14/2019
Balen,Ben,Mannelijk,11/13/2019
Sint-Lambrechts-Woluwe,Gina,Vrouwelijk,11/26/2019
Zonhoven,Hendrik,Mannelijk,11/22/2019
Gent,Goedele,Vrouwelijk,11/28/2019
Herentals,Joanna,Vrouwelijk,11/18/2019
Itter,Margaux,Vrouwelijk,11/15/2019
Sint-Niklaas (Sint-Niklaas),Victor,Mannelijk,11/26/2019
Dilsen-Stokkem,Nicolaas,Mannelijk,11/18/2019
Tessenderlo,Jessy,Vrouwelijk,11/24/2019
Merchtem,Brent,Mannelijk,12/20/2019
Maaseik,Jean,Mannelijk,11/21/2019
Herve,David,Mannelijk,11/25/2019
Scherpenheuvel-Zichem,Christiana,Vrouwelijk,11/16/2019
Wetteren,Leonie,Vrouwelijk,11/22/2019
Couvin,Solange,Vrouwelijk,11/15/2019
Ramillies,Delphine,Vrouwelijk,11/20/2019
Nijvel,Patricia,Vrouwelijk,11/19/2019
Saint-Hubert,Joseph,Mannelijk,11/18/2019
Mortsel,Marc,Mannelijk,11/09/2019
Zottegem,Kurt,Mannelijk,11/18/2019
Hélécine,Julia,Vrouwelijk,11/17/2019
Tielt (Tielt),Katrien,Vrouwelijk,11/17/2019
Floreffe,Nicole,Vrouwelijk,11/13/2019
Zinnik,Maryline,Vrouwelijk,11/13/2019
Luik,Matthias,Mannelijk,11/30/2019
Rebecq,Sarah,Vrouwelijk,11/12/2019
Luik,Jérémy,Mannelijk,11/20/2019
Ans,Henri,Mannelijk,11/15/2019
Namen,Maria,Vrouwelijk,11/22/2019
Genk,Nadia,Vrouwelijk,11/17/2019
Oud-Turnhout,An,Vrouwelijk,11/26/2019
Oostende,Tony,Mannelijk,11/21/2019
Oupeye,Maëva,Vrouwelijk,11/20/2019
Luik,Sergio,Mannelijk,11/27/2019
Nassogne,Léo,Mannelijk,11/16/2019
Herstal,Khalid,Mannelijk,11/19/2019
Namen,Didier,Mannelijk,11/20/2019
Ottignies-Louvain-la-Neuve,Bernadette,Vrouwelijk,11/15/2019
Philippeville,Martine,Vrouwelijk,11/17/2019
Zuienkerke,Vera,Vrouwelijk,11/18/2019
Froidchapelle,Raphaël,Mannelijk,11/24/2019
Tremelo,Lina,Vrouwelijk,12/05/2019
Dour,Marvin,Mannelijk,11/15/2019
Sint-Genesius-Rode,Joanna,Vrouwelijk,12/01/2019
Charleroi,Abdelkader,Mannelijk,12/07/2019
Ingelmunster,Amber,Vrouwelijk,11/29/2019
Plombières,Monique,Vrouwelijk,11/16/2019
Opzullik,Daniel,Mannelijk,11/27/2019
Herentals,Pierre,Mannelijk,11/16/2019
Leuven,Siel,Vrouwelijk,11/16/2019
Genk,Ann,Vrouwelijk,12/07/2019
Anderlecht,Yassine,Mannelijk,11/28/2019
Moeskroen,Yasmine,Vrouwelijk,11/19/2019
Bocholt,Elisa,Vrouwelijk,11/22/2019
Mechelen,Roeland,Mannelijk,11/23/2019
