gemeente,naam,geslacht,verwachte datum
Destelbergen,Jacqueline,Vrouwelijk,06/30/2019
Oud-Heverlee,Philip,Mannelijk,06/20/2019
Brakel,Marie,Vrouwelijk,06/28/2019
Eigenbrakel,Julian,Mannelijk,06/15/2019
Anderlecht,Safwane,Mannelijk,06/15/2019
Kruisem,Sem,Mannelijk,06/30/2019
Luik,Lloyd,Mannelijk,07/01/2019
La Louvière,Lisa,Vrouwelijk,06/21/2019
Oudenaarde,Kenneth,Mannelijk,06/12/2019
Jemeppe-sur-Sambre,André,Mannelijk,06/13/2019
Aywaille,Jean,Mannelijk,06/27/2019
Antwerpen,Peter,Mannelijk,06/22/2019
Antwerpen,Wiktoria,Vrouwelijk,06/19/2019
Nijvel,Nathalie,Vrouwelijk,06/20/2019
Turnhout,Josephus,Mannelijk,06/30/2019
Bertem,Tuur,Mannelijk,06/22/2019
Luik,Audrey,Vrouwelijk,06/18/2019
Dentergem,Veronique,Vrouwelijk,06/24/2019
Pont-à-Celles,Paule,Vrouwelijk,06/20/2019
Schoten,Emma,Vrouwelijk,06/19/2019
Gent,Alyosha,Mannelijk,08/11/2019
Dinant,Isabelle,Vrouwelijk,06/16/2019
Rochefort,Emilie,Vrouwelijk,06/14/2019
Lebbeke,Nathalie,Vrouwelijk,06/16/2019
Dilbeek,Annemarie,Vrouwelijk,07/14/2019
Anderlecht,Oumou,Vrouwelijk,06/21/2019
Laarne,Luc,Mannelijk,06/11/2019
Mechelen,Werner,Mannelijk,06/20/2019
Vorst (Brussel-Hoofdstad),Julia,Vrouwelijk,06/18/2019
Rixensart,Christophe,Mannelijk,06/22/2019
Laakdal,Yves,Mannelijk,06/25/2019
Waterloo,Paul,Mannelijk,06/19/2019
Zonhoven,André,Mannelijk,07/08/2019
Roeselare,Luc,Mannelijk,06/26/2019
Willebroek,José,Vrouwelijk,06/23/2019
Ranst,Joanna,Vrouwelijk,06/29/2019
Virton,Aline,Vrouwelijk,07/12/2019
Trooz,Stéphane,Mannelijk,06/22/2019
Oudenaarde,An,Vrouwelijk,06/25/2019
Anderlecht,Lucas,Mannelijk,06/21/2019
Namen,Adem,Mannelijk,06/26/2019
Etterbeek,Bozena,Vrouwelijk,06/19/2019
Gooik,Joeri,Mannelijk,06/24/2019
Antwerpen,Taoufik,Mannelijk,06/21/2019
Brugge,Raphaël,Mannelijk,06/21/2019
Rumes,Patrick,Mannelijk,06/18/2019
Seraing,Angèle,Vrouwelijk,06/23/2019
De Pinte,Ellen,Vrouwelijk,06/20/2019
Graven,Béatrice,Vrouwelijk,06/18/2019
Sint-Truiden,Lode,Mannelijk,06/15/2019
Putte,Louis,Mannelijk,06/26/2019
Evergem,Danny,Mannelijk,06/25/2019
Borgworm,Jean-François,Mannelijk,07/01/2019
Leuven,Jose,Mannelijk,06/27/2019
Plombières,Mathieu,Mannelijk,06/23/2019
Kasterlee,Bart,Mannelijk,06/20/2019
Lille,Cas,Mannelijk,06/27/2019
Thuin,Noémie,Vrouwelijk,06/22/2019
Esneux,Ludovic,Mannelijk,06/26/2019
Oupeye,Francis,Mannelijk,06/16/2019
Theux,Eléna,Vrouwelijk,07/07/2019
Brussel,Evelina,Vrouwelijk,06/22/2019
Menen,Lucas,Mannelijk,06/21/2019
Zedelgem,Mariette,Vrouwelijk,06/12/2019
Moeskroen,Lena,Vrouwelijk,06/22/2019
Charleroi,Antonietta,Vrouwelijk,06/20/2019
Luik,Fatiha,Vrouwelijk,06/14/2019
Brussel,Mehdi,Mannelijk,06/20/2019
Niel,Johan,Mannelijk,06/21/2019
Dilsen-Stokkem,Rita,Vrouwelijk,06/26/2019
Wervik,Annie,Vrouwelijk,06/16/2019
Steenokkerzeel,Eduard,Mannelijk,06/23/2019
Antwerpen,Berkan,Mannelijk,06/11/2019
Aarlen,Jacqueline,Vrouwelijk,06/18/2019
Deinze,Yves,Mannelijk,06/29/2019
Vosselaar,Maria,Vrouwelijk,06/21/2019
Aartselaar,Jeannine,Vrouwelijk,06/11/2019
Luik,Julie,Vrouwelijk,06/15/2019
Profondeville,Julien,Mannelijk,06/23/2019
Pepinster,Ghislaine,Vrouwelijk,06/22/2019
Luik,Charlie,Vrouwelijk,06/21/2019
Melle,Marleen,Vrouwelijk,06/18/2019
Blankenberge,Joseph,Mannelijk,06/12/2019
Grâce-Hollogne,Pauline,Vrouwelijk,06/24/2019
Aywaille,Gabriel,Mannelijk,06/29/2019
Ardooie,André,Mannelijk,06/23/2019
Libramont-Chevigny,Dimitri,Mannelijk,06/21/2019
Assesse,Jacques,Mannelijk,06/14/2019
Saint-Nicolas (Luik),Giovanni,Mannelijk,06/23/2019
Charleroi,Henri,Mannelijk,06/30/2019
Sprimont,Marion,Vrouwelijk,06/25/2019
Aarlen,André,Mannelijk,06/22/2019
Antwerpen,Noor,Vrouwelijk,06/22/2019
Beringen,Patrick,Mannelijk,06/21/2019
Schaarbeek,Ilias,Mannelijk,06/13/2019
Roeselare,Philiep,Mannelijk,06/29/2019
Gent,Serge,Mannelijk,06/27/2019
Voeren,Esther,Vrouwelijk,07/01/2019
Antwerpen,David,Mannelijk,06/21/2019
Chaudfontaine,Florian,Mannelijk,06/24/2019
Brugge,Hans,Mannelijk,06/14/2019
Antwerpen,Sylvie,Vrouwelijk,06/17/2019
Anzegem,Marnix,Mannelijk,06/24/2019
Sprimont,Catherine,Vrouwelijk,06/22/2019
Rijkevorsel,Hendrik,Mannelijk,07/14/2019
Steenokkerzeel,Christel,Vrouwelijk,07/04/2019
Oudsbergen,Marie,Vrouwelijk,06/19/2019
Zwijndrecht,Lotte,Vrouwelijk,06/20/2019
Grimbergen,Karina,Vrouwelijk,06/18/2019
Meerhout,Brenda,Vrouwelijk,06/18/2019
Antwerpen,Rune,Mannelijk,06/23/2019
Anderlecht,Valérie,Vrouwelijk,06/19/2019
Antwerpen,Afia,Vrouwelijk,06/27/2019
Wevelgem,Benjamin,Mannelijk,06/14/2019
Boom,Loubna,Vrouwelijk,06/19/2019
La Louvière,Valentine,Vrouwelijk,06/17/2019
Antwerpen,Alfons,Mannelijk,06/23/2019
Vilvoorde,Barbara,Vrouwelijk,06/23/2019
Borgworm,Laura,Vrouwelijk,06/19/2019
Ruiselede,Marc,Mannelijk,06/15/2019
Rochefort,Nicolas,Mannelijk,07/04/2019
Brugge,Maxim,Mannelijk,07/06/2019
Avelgem,Jade,Vrouwelijk,06/18/2019
Antwerpen,Fatiha,Vrouwelijk,06/29/2019
Sankt Vith,Jan,Mannelijk,06/18/2019
Binche,Jeannine,Vrouwelijk,07/01/2019
Lille,Luc,Mannelijk,06/20/2019
Gent,Yvan,Mannelijk,06/18/2019
Mol,Wim,Mannelijk,06/14/2019
Eupen,Viviane,Vrouwelijk,06/22/2019
Wingene,Jürgen,Mannelijk,06/17/2019
Mechelen,Viviane,Vrouwelijk,07/04/2019
Pepinster,Laurent,Mannelijk,06/19/2019
Fontaine-l’Evêque,Jean-Marie,Mannelijk,06/24/2019
Namen,Fatih,Mannelijk,06/17/2019
Marche-en-Famenne,Aurore,Vrouwelijk,07/02/2019
Tongeren,Christel,Vrouwelijk,06/14/2019
Lint,Dirk,Mannelijk,06/24/2019
Hasselt,Kristel,Vrouwelijk,06/11/2019
Gent,Yasmin,Vrouwelijk,06/23/2019
Aalst (Aalst),Sien,Vrouwelijk,06/18/2019
Anderlecht,Dina,Vrouwelijk,07/04/2019
Oostende,Bart,Mannelijk,06/24/2019
Mechelen,Fien,Vrouwelijk,06/25/2019
Walcourt,Nicole,Vrouwelijk,06/22/2019
Dendermonde,Steve,Mannelijk,06/24/2019
Scherpenheuvel-Zichem,Pieter,Mannelijk,06/30/2019
Leuze-en-Hainaut,Lucienne,Vrouwelijk,06/20/2019
Ottignies-Louvain-la-Neuve,Marine,Vrouwelijk,06/16/2019
Anderlecht,Abdelhamid,Mannelijk,06/19/2019
Hamme (Dendermonde),Christina,Vrouwelijk,06/28/2019
Sint-Pieters-Woluwe,Javier,Mannelijk,06/23/2019
Lichtervelde,Ludwig,Mannelijk,06/24/2019
Ternat,Francine,Vrouwelijk,06/26/2019
Schaarbeek,Remziye,Vrouwelijk,06/24/2019
Maldegem,Joseph,Mannelijk,06/22/2019
Lede,Koen,Mannelijk,08/07/2019
Charleroi,Claire,Vrouwelijk,06/16/2019
Pecq,Didier,Mannelijk,06/24/2019
Sint-Jans-Molenbeek,Victor,Mannelijk,06/13/2019
Neupré,Sophie,Vrouwelijk,06/22/2019
Borsbeek,Wendy,Vrouwelijk,06/11/2019
Grimbergen,Ayse,Vrouwelijk,07/08/2019
Lokeren,Ali,Mannelijk,06/21/2019
Ukkel,Samba,Mannelijk,07/14/2019
Lubbeek,Lutgardis,Vrouwelijk,06/11/2019
Antwerpen,Nsimba,Vrouwelijk,06/11/2019
Aarlen,Joël,Mannelijk,06/16/2019
Gent,Laura,Vrouwelijk,07/06/2019
Sint-Gillis,Daniel,Mannelijk,06/21/2019
Leuven,Jasmien,Vrouwelijk,07/28/2019
Gent,Viola,Vrouwelijk,06/23/2019
Raeren,Rosemarie,Vrouwelijk,06/29/2019
Deinze,Paul,Mannelijk,06/22/2019
Duffel,Marie,Vrouwelijk,06/14/2019
Aarschot,Kristl,Vrouwelijk,07/07/2019
Rixensart,Christiane,Vrouwelijk,06/25/2019
Mol,Emma,Vrouwelijk,06/25/2019
Charleroi,Caroline,Vrouwelijk,06/24/2019
Anhée,Pierre,Mannelijk,06/14/2019
Aarschot,Hanne,Vrouwelijk,06/25/2019
Aalst (Aalst),Julie,Vrouwelijk,06/19/2019
Berlare,Shana,Vrouwelijk,06/30/2019
Koksijde,Gino,Mannelijk,06/15/2019
Brakel,Eddy,Mannelijk,07/16/2019
Veurne,Guido,Mannelijk,06/22/2019
Pelt,Heidi,Vrouwelijk,06/20/2019
Elsene,Emilie,Vrouwelijk,06/19/2019
Viroinval,Guy,Mannelijk,06/17/2019
Lokeren,Alfred,Mannelijk,06/28/2019
Lubbeek,Nick,Mannelijk,06/16/2019
Messancy,Sandra,Vrouwelijk,06/29/2019
Affligem,Frank,Mannelijk,06/23/2019
Brasschaat,Bertha,Vrouwelijk,06/21/2019
Gent,Toon,Mannelijk,07/10/2019
Neupré,Damien,Mannelijk,06/26/2019
Kortrijk,Linda,Vrouwelijk,06/21/2019
Eghezée,Emile,Mannelijk,06/20/2019
Brussel,Daniel,Mannelijk,06/15/2019
Charleroi,Maria,Vrouwelijk,06/24/2019
Fontaine-l’Evêque,Axel,Mannelijk,06/20/2019
Ans,Emilia,Vrouwelijk,06/23/2019
Herent,Frederik,Mannelijk,06/21/2019
Antwerpen,Fehmi,Mannelijk,07/09/2019
Roeselare,Evie,Vrouwelijk,06/23/2019
Deerlijk,Merel,Vrouwelijk,06/22/2019
Chastre,Manon,Vrouwelijk,06/20/2019
Jette,Frédéric,Mannelijk,06/29/2019
Hamoir,Renaud,Mannelijk,06/21/2019
Antwerpen,Ria,Vrouwelijk,06/20/2019
Tremelo,Adeline,Vrouwelijk,07/14/2019
Seraing,Annick,Vrouwelijk,06/22/2019
Namen,Eric,Mannelijk,07/09/2019
Anzegem,Xander,Mannelijk,06/13/2019
Zottegem,Freddy,Mannelijk,06/18/2019
Gent,Fabiola,Vrouwelijk,06/18/2019
Fontaine-l’Evêque,Aurélie,Vrouwelijk,06/20/2019
Orp-Jauche,Jacques,Mannelijk,06/28/2019
Hasselt,Helena,Vrouwelijk,08/01/2019
Evere,Gabrielle,Vrouwelijk,07/01/2019
Luik,Nathalie,Vrouwelijk,06/12/2019
Geel,Hanne,Vrouwelijk,06/18/2019
Merksplas,Romy,Vrouwelijk,06/20/2019
Namen,Claudine,Vrouwelijk,06/17/2019
Anderlecht,Willy,Mannelijk,06/28/2019
Dilsen-Stokkem,Mathieu,Mannelijk,06/24/2019
Kortemark,Liliane,Vrouwelijk,06/26/2019
Tienen,Gunther,Mannelijk,06/15/2019
Ukkel,Marina,Vrouwelijk,06/24/2019
Wetteren,Katia,Vrouwelijk,07/10/2019
Bertrix,Anna,Vrouwelijk,06/15/2019
Gent,Vanessa,Vrouwelijk,06/22/2019
Ninove,Joannes,Mannelijk,06/26/2019
Temse,Michiel,Mannelijk,06/27/2019
Brasschaat,Rudy,Mannelijk,06/24/2019
Aiseau-Presles,Rachel,Vrouwelijk,07/16/2019
Antwerpen,Fatima,Vrouwelijk,06/14/2019
Geraardsbergen,Evelien,Vrouwelijk,06/16/2019
Hastière,Amandine,Vrouwelijk,07/01/2019
Zaventem,Nora,Vrouwelijk,06/23/2019
Waver,Mila,Vrouwelijk,06/26/2019
Koksijde,Sonja,Vrouwelijk,06/27/2019
Luik,Diego,Mannelijk,06/19/2019
Moorslede,Simonne,Vrouwelijk,07/03/2019
Knokke-Heist,Lydia,Vrouwelijk,06/28/2019
Ukkel,Damien,Mannelijk,07/13/2019
Charleroi,Raymond,Mannelijk,06/21/2019
Hulshout,Walter,Mannelijk,06/21/2019
Deinze,Eveline,Vrouwelijk,06/20/2019
Overijse,Monique,Vrouwelijk,06/25/2019
Gistel,Julie,Vrouwelijk,07/14/2019
Zedelgem,Norbert,Mannelijk,06/21/2019
Brakel,Cyriel,Mannelijk,06/14/2019
Boortmeerbeek,Martha,Vrouwelijk,07/03/2019
Oostkamp,Ella,Vrouwelijk,06/14/2019
Colfontaine,Martine,Vrouwelijk,06/18/2019
Raeren,Maria,Vrouwelijk,06/27/2019
Blankenberge,Johan,Mannelijk,07/01/2019
Gent,Sirine,Vrouwelijk,06/14/2019
Sint-Agatha-Berchem,Ines,Vrouwelijk,07/05/2019
Kortrijk,Katrien,Vrouwelijk,06/16/2019
Tongeren,Josée,Vrouwelijk,06/16/2019
Beaumont,Christiane,Vrouwelijk,06/22/2019
Eigenbrakel,Betty,Vrouwelijk,07/01/2019
Sint-Genesius-Rode,Alexandre,Mannelijk,06/11/2019
Morlanwelz,Jean-Marie,Mannelijk,06/12/2019
Jette,Jacek,Mannelijk,06/23/2019
Sint-Truiden,Julien,Mannelijk,06/22/2019
Beerse,Paul,Mannelijk,06/20/2019
Kasterlee,Carl,Mannelijk,07/02/2019
Leuven,Mária,Vrouwelijk,07/08/2019
Buggenhout,Lutgarde,Vrouwelijk,06/29/2019
Hastière,Frédéric,Mannelijk,06/26/2019
Gavere,Paul,Mannelijk,06/15/2019
Merelbeke,Johan,Mannelijk,06/24/2019
Lille,Leo,Mannelijk,07/02/2019
Tervuren,Philippe,Mannelijk,06/18/2019
Hamme (Dendermonde),Wendy,Vrouwelijk,06/30/2019
Kapellen (Antwerpen),Antoon,Mannelijk,06/19/2019
Zwalm,Hans,Mannelijk,07/02/2019
Beveren (Sint-Niklaas),Katty,Vrouwelijk,06/26/2019
Namen,Jennifer,Vrouwelijk,06/19/2019
Fosses-la-Ville,Mélissa,Vrouwelijk,06/27/2019
Begijnendijk,Anna,Vrouwelijk,06/24/2019
Anzegem,Charlotte,Vrouwelijk,06/20/2019
Harelbeke,Yvette,Vrouwelijk,06/19/2019
Bergen,Emmanuelle,Vrouwelijk,06/24/2019
Zulte,Peter,Mannelijk,06/26/2019
Waterloo,Rose,Vrouwelijk,06/21/2019
Roeselare,Xander,Mannelijk,06/30/2019
Halle (Halle-Vilvoorde),Jeffrey,Mannelijk,06/29/2019
Moeskroen,Stéphanie,Vrouwelijk,06/13/2019
Roeselare,Gabriël,Mannelijk,06/20/2019
Kortenaken,Bertha,Vrouwelijk,06/19/2019
Bertogne,René,Mannelijk,06/17/2019
Brugge,Edward,Mannelijk,07/09/2019
Zemst,Paula,Vrouwelijk,06/17/2019
Zemst,Kristiaan,Mannelijk,06/21/2019
Gavere,Danny,Mannelijk,06/26/2019
Hulshout,Amanda,Vrouwelijk,06/13/2019
Ronse,Ahlam,Vrouwelijk,07/02/2019
Brasschaat,Bryan,Mannelijk,06/29/2019
Brugge,Mariette,Vrouwelijk,06/30/2019
Namen,Kévin,Mannelijk,07/03/2019
Geel,Danny,Mannelijk,06/12/2019
Sint-Niklaas (Sint-Niklaas),Sander,Mannelijk,06/24/2019
Aalst (Aalst),Patrick,Mannelijk,07/15/2019
Evere,Julie,Vrouwelijk,06/21/2019
Aalst (Aalst),Maria,Vrouwelijk,06/25/2019
Rixensart,Régine,Vrouwelijk,06/29/2019
Vorst (Brussel-Hoofdstad),Jules,Mannelijk,06/17/2019
Dilbeek,Seppe,Mannelijk,06/23/2019
Brussel,Yasmine,Vrouwelijk,06/25/2019
Bilzen,Patrick,Mannelijk,06/26/2019
Wichelen,Heidi,Vrouwelijk,06/27/2019
Malle,Hilde,Vrouwelijk,06/20/2019
Brugge,Timon,Mannelijk,06/22/2019
Maasmechelen,Alexander,Mannelijk,07/13/2019
Kasterlee,Ludo,Mannelijk,06/26/2019
Kortrijk,Cecile,Vrouwelijk,06/20/2019
