gemeente,naam,geslacht,verwachte datum
Houthalen-Helchteren,Muhammed,Mannelijk,12/28/2019
Putte,Ronald,Mannelijk,01/07/2020
Moeskroen,Philippe,Mannelijk,12/30/2019
Essen,Erik,Mannelijk,01/04/2020
Tremelo,Julie,Vrouwelijk,01/01/2020
Sint-Gillis-Waas,Karel,Mannelijk,01/01/2020
Manage,Natalina,Vrouwelijk,01/02/2020
Avelgem,Anne-Marie,Vrouwelijk,12/31/2019
Ganshoren,Cedric,Mannelijk,01/15/2020
Viroinval,Stéphanie,Vrouwelijk,01/08/2020
Hemiksem,Sophie,Vrouwelijk,12/21/2019
Antwerpen,Yuri,Mannelijk,01/02/2020
Ingelmunster,Danny,Mannelijk,12/31/2019
Zinnik,Sandra,Vrouwelijk,12/29/2019
Wevelgem,Michelle,Vrouwelijk,12/25/2019
Mortsel,Hugo,Mannelijk,12/28/2019
Roeselare,Marc,Mannelijk,12/21/2019
Deerlijk,Ellen,Vrouwelijk,01/31/2020
Anderlecht,Saïd,Mannelijk,12/27/2019
Borgloon,Jonas,Mannelijk,02/15/2020
Bilzen,Jolien,Vrouwelijk,12/24/2019
Luik,Réginald,Mannelijk,12/19/2019
Namen,Nicole,Vrouwelijk,01/06/2020
Charleroi,Romain,Mannelijk,01/07/2020
Charleroi,Elisa,Vrouwelijk,12/22/2019
Gembloux,Noah,Mannelijk,01/06/2020
Herve,Adeline,Vrouwelijk,12/19/2019
Anderlecht,Sanae,Vrouwelijk,12/27/2019
Antwerpen,Anneliese,Vrouwelijk,01/05/2020
Heers,Joël,Mannelijk,12/30/2019
De Panne,Fabienne,Vrouwelijk,12/20/2019
Zoersel,Kristel,Vrouwelijk,12/20/2019
Houthalen-Helchteren,Peter,Mannelijk,01/21/2020
Essen,Marie-Louise,Vrouwelijk,01/06/2020
Sint-Pieters-Leeuw,Rania,Vrouwelijk,12/24/2019
Wervik,Martine,Vrouwelijk,12/30/2019
Mont-Saint-Guibert,Jean-Pierre,Mannelijk,12/21/2019
Herentals,Tommy,Mannelijk,01/05/2020
Wezet,Giovanni,Mannelijk,01/20/2020
Sint-Niklaas (Sint-Niklaas),Roland,Mannelijk,12/31/2019
Halle (Halle-Vilvoorde),Raymonde,Vrouwelijk,01/05/2020
Fontaine-l’Evêque,Vanessa,Vrouwelijk,01/04/2020
Kortemark,Daniel,Mannelijk,12/20/2019
Ninove,Pascal,Mannelijk,12/21/2019
Namen,Georges,Mannelijk,01/06/2020
Luik,Tatiana,Vrouwelijk,01/08/2020
Aiseau-Presles,Dominique,Mannelijk,12/29/2019
Beloeil,Jean,Mannelijk,12/20/2019
Antwerpen,Ricardo,Mannelijk,01/11/2020
Maaseik,Claire,Vrouwelijk,01/10/2020
Sint-Jans-Molenbeek,Ibrahim,Mannelijk,01/02/2020
Retie,Geert,Mannelijk,01/04/2020
Diksmuide,Charles,Mannelijk,12/20/2019
Lanaken,Elisabeth,Vrouwelijk,12/21/2019
Jalhay,Antoine,Mannelijk,01/02/2020
Grimbergen,Johan,Mannelijk,01/18/2020
Herstal,Michèle,Vrouwelijk,01/04/2020
Lille,Paul,Mannelijk,02/21/2020
Anderlecht,Marius,Mannelijk,12/27/2019
Sint-Katelijne-Waver,Jozef,Mannelijk,12/26/2019
Leopoldsburg,Mila,Vrouwelijk,12/27/2019
Seraing,Jérémy,Mannelijk,12/30/2019
Essen,Laura,Vrouwelijk,01/15/2020
Tienen,Maria,Vrouwelijk,01/01/2020
Riemst,Romina,Vrouwelijk,01/01/2020
Sint-Genesius-Rode,Christopher,Mannelijk,01/07/2020
Lebbeke,Sonia,Vrouwelijk,01/08/2020
Beyne-Heusay,Emilie,Vrouwelijk,12/29/2019
Dilbeek,Charly,Mannelijk,01/06/2020
Antwerpen,Luka,Mannelijk,01/22/2020
Doornik,Léa,Vrouwelijk,12/22/2019
Kuurne,Christiana,Vrouwelijk,02/07/2020
Opwijk,Lore,Vrouwelijk,12/29/2019
Brugge,Lili,Vrouwelijk,12/19/2019
Tessenderlo,Linda,Vrouwelijk,12/26/2019
Oostende,Ayan,Vrouwelijk,01/08/2020
Dilbeek,Agnès,Vrouwelijk,01/08/2020
Aalter,Stijn,Mannelijk,01/09/2020
Ieper,Eddy,Mannelijk,12/29/2019
Namen,Jules,Mannelijk,12/28/2019
Sint-Jans-Molenbeek,Abel,Mannelijk,12/28/2019
Verviers,Eric,Mannelijk,12/30/2019
Turnhout,Mathis,Mannelijk,12/27/2019
Scherpenheuvel-Zichem,Liesbeth,Vrouwelijk,01/02/2020
Antwerpen,Robby,Mannelijk,01/20/2020
Izegem,Hilda,Vrouwelijk,01/09/2020
Geel,Natasja,Vrouwelijk,12/28/2019
Oosterzele,Leona,Vrouwelijk,01/06/2020
Wevelgem,Walter,Mannelijk,01/07/2020
Damme,Marie,Vrouwelijk,01/05/2020
Antwerpen,Bogdan,Mannelijk,01/19/2020
Yvoir,Charline,Vrouwelijk,02/04/2020
Zedelgem,Esther,Vrouwelijk,12/23/2019
Oudenburg,Jacqueline,Vrouwelijk,12/31/2019
Bilzen,Philip,Mannelijk,12/28/2019
Herstal,Alice,Vrouwelijk,12/28/2019
Pelt,Krzysztof,Mannelijk,12/27/2019
Luik,Bashkim,Mannelijk,01/04/2020
Scherpenheuvel-Zichem,Benny,Mannelijk,01/01/2020
La Louvière,Santa,Vrouwelijk,12/20/2019
Dison,Daniel,Mannelijk,01/04/2020
Oosterzele,Cecilia,Vrouwelijk,12/29/2019
Lummen,Roger,Mannelijk,12/25/2019
Eupen,Achim,Mannelijk,01/01/2020
Aalst (Aalst),Khaled,Mannelijk,12/26/2019
Châtelet,Valentine,Vrouwelijk,01/01/2020
Bernissart,Patricia,Vrouwelijk,12/24/2019
Beringen,Roger,Mannelijk,12/19/2019
Eghezée,Marcel,Mannelijk,12/31/2019
Chaudfontaine,Nathalie,Vrouwelijk,01/06/2020
Fléron,André,Mannelijk,01/01/2020
Grimbergen,Estelle,Vrouwelijk,12/27/2019
Antwerpen,Jan,Mannelijk,01/12/2020
Retie,Maria,Vrouwelijk,01/20/2020
Brussel,Anton,Mannelijk,12/29/2019
Colfontaine,Laetitia,Vrouwelijk,01/01/2020
Rixensart,Laurent,Mannelijk,12/24/2019
Oupeye,Andy,Mannelijk,01/02/2020
Hannuit,Charlène,Vrouwelijk,12/30/2019
Wuustwezel,Bert,Mannelijk,01/03/2020
Charleroi,Aysel,Vrouwelijk,12/26/2019
Etalle,Michaël,Mannelijk,12/29/2019
Perwijs (Nijvel),Christian,Mannelijk,12/25/2019
Namen,Jean,Mannelijk,12/25/2019
Kortrijk,Valentine,Vrouwelijk,01/02/2020
Bredene,Lindsay,Vrouwelijk,12/24/2019
Gent,Lena,Vrouwelijk,01/01/2020
Mettet,Solange,Vrouwelijk,01/04/2020
Borgworm,Patrice,Mannelijk,01/08/2020
Kortrijk,Thierry,Mannelijk,12/20/2019
Lille,Ludovica,Vrouwelijk,12/31/2019
Puurs-Sint-Amands,Koenraad,Mannelijk,01/16/2020
Mechelen,Noël,Mannelijk,12/22/2019
Perwijs (Nijvel),Stéphane,Mannelijk,12/31/2019
Zaventem,René,Mannelijk,01/10/2020
Dendermonde,Bart,Mannelijk,12/28/2019
Koksijde,Michel,Mannelijk,01/12/2020
Alveringem,Jenny,Vrouwelijk,12/26/2019
Kortessem,Daan,Mannelijk,12/30/2019
Waregem,Marcella,Vrouwelijk,12/20/2019
Aalst (Aalst),Bart,Mannelijk,12/25/2019
Binche,Liliane,Vrouwelijk,12/23/2019
Antwerpen,Alexander,Mannelijk,01/01/2020
Tubeke,Muriel,Vrouwelijk,12/28/2019
Aarlen,Matthieu,Mannelijk,01/02/2020
Antwerpen,Maria,Vrouwelijk,01/04/2020
Eghezée,Anne,Vrouwelijk,01/03/2020
Honnelles,Loïc,Mannelijk,12/20/2019
Ieper,Kenny,Mannelijk,12/31/2019
Beerse,Ann,Vrouwelijk,12/22/2019
Steenokkerzeel,Claudia,Vrouwelijk,01/03/2020
Soumagne,Jean-François,Mannelijk,12/28/2019
De Haan,Walter,Mannelijk,01/05/2020
Olen,Nick,Mannelijk,12/28/2019
Gooik,Christophe,Mannelijk,01/01/2020
Sint-Niklaas (Sint-Niklaas),Geert,Mannelijk,12/28/2019
Aalter,Greet,Vrouwelijk,12/31/2019
Anderlecht,Philippe,Mannelijk,12/31/2019
Antwerpen,Yeliz,Vrouwelijk,12/31/2019
Herent,Els,Vrouwelijk,12/30/2019
Thuin,Pascal,Mannelijk,01/08/2020
Antwerpen,Jacobus,Mannelijk,12/26/2019
Houthalen-Helchteren,Sonja,Vrouwelijk,01/04/2020
Leuven,Hanna,Vrouwelijk,01/06/2020
Westerlo,Arno,Mannelijk,12/27/2019
Antwerpen,Amira,Vrouwelijk,01/03/2020
Doornik,Nathalie,Vrouwelijk,01/02/2020
Gent,Adelin,Mannelijk,12/29/2019
Hemiksem,Fatiha,Vrouwelijk,01/07/2020
Geraardsbergen,Dieter,Mannelijk,12/29/2019
Wezet,Fatih,Mannelijk,01/04/2020
Anderlecht,Maria,Vrouwelijk,12/20/2019
Ronse,Hajar,Vrouwelijk,12/30/2019
Farciennes,Nora,Vrouwelijk,12/30/2019
Luik,Mohamed,Mannelijk,01/07/2020
Schelle,Clara,Vrouwelijk,12/26/2019
Dinant,Cathy,Vrouwelijk,01/04/2020
Sint-Gillis,Hugo,Mannelijk,12/27/2019
Antwerpen,Stavros,Mannelijk,12/31/2019
Boussu,Evan,Mannelijk,12/20/2019
Leuven,Nele,Vrouwelijk,12/20/2019
Tervuren,Annelies,Vrouwelijk,12/26/2019
Gent,Adrien,Mannelijk,12/31/2019
Buggenhout,Dirk,Mannelijk,01/01/2020
Charleroi,Gilberte,Vrouwelijk,01/05/2020
Brakel,Rita,Vrouwelijk,12/31/2019
Balen,Evelien,Vrouwelijk,12/27/2019
Schoten,Maria,Vrouwelijk,01/07/2020
Gent,Caroline,Vrouwelijk,01/07/2020
Luik,Emeline,Vrouwelijk,01/09/2020
Brakel,Jean,Mannelijk,01/01/2020
Charleroi,Nadia,Vrouwelijk,12/30/2019
Landen,Johan,Mannelijk,01/04/2020
Antwerpen,Marco,Mannelijk,02/17/2020
Haacht,Linde,Vrouwelijk,01/03/2020
Boom,Marie-Louise,Vrouwelijk,01/05/2020
Antwerpen,Lutgardis,Vrouwelijk,01/10/2020
Ieper,Bart,Mannelijk,12/27/2019
Moeskroen,Théo,Mannelijk,01/11/2020
Lokeren,Cédric,Mannelijk,01/06/2020
Zinnik,Maxime,Mannelijk,12/22/2019
Vorst (Brussel-Hoofdstad),Léo,Mannelijk,12/29/2019
Aalst (Aalst),Marleen,Vrouwelijk,01/02/2020
Thimister-Clermont,Nicolas,Mannelijk,01/17/2020
La Louvière,Katy,Vrouwelijk,02/15/2020
Schilde,Franciscus,Mannelijk,12/21/2019
Anderlecht,Ioan,Mannelijk,12/29/2019
Chimay,Jean-Marc,Mannelijk,12/30/2019
Namen,Monique,Vrouwelijk,12/30/2019
Ottignies-Louvain-la-Neuve,Thomas,Mannelijk,01/04/2020
Elsene,Pauline,Vrouwelijk,02/23/2020
Spa,Odette,Vrouwelijk,01/03/2020
Sint-Niklaas (Sint-Niklaas),Farah,Vrouwelijk,12/22/2019
Hoei,Damien,Mannelijk,01/04/2020
Trois-Ponts,Guy,Mannelijk,01/07/2020
Erpe-Mere,Annie,Vrouwelijk,01/10/2020
La Roche-en-Ardenne,Charles,Mannelijk,12/30/2019
Heist-op-den-Berg,Michaël,Mannelijk,12/30/2019
Lobbes,Raymond,Mannelijk,01/04/2020
Namen,Christiane,Vrouwelijk,12/20/2019
Nieuwerkerken (Hasselt),Augusta,Vrouwelijk,01/05/2020
Wevelgem,Lynn,Vrouwelijk,01/08/2020
Bilzen,Maria,Vrouwelijk,01/19/2020
Ramillies,Bernard,Mannelijk,01/04/2020
Bergen,Wendy,Vrouwelijk,01/02/2020
Kortrijk,Piet,Mannelijk,01/15/2020
Beveren (Sint-Niklaas),Nico,Mannelijk,12/31/2019
Elsene,Noah,Mannelijk,12/30/2019
Sainte-Ode,Vincent,Mannelijk,01/05/2020
Lievegem,Britt,Vrouwelijk,12/21/2019
Antwerpen,Stefan,Mannelijk,01/05/2020
Nijlen,Elke,Vrouwelijk,12/27/2019
Koksijde,Peter,Mannelijk,12/27/2019
Erpe-Mere,Steven,Mannelijk,12/30/2019
Antwerpen,Sofie,Vrouwelijk,12/30/2019
Zwevegem,Lisa,Vrouwelijk,12/22/2019
Antwerpen,John,Mannelijk,01/19/2020
Anderlecht,Rayan,Mannelijk,01/13/2020
Nassogne,Daniel,Mannelijk,12/30/2019
Poperinge,Leon,Mannelijk,12/31/2019
Brugge,Hailey,Vrouwelijk,01/05/2020
Gent,Denise,Vrouwelijk,01/20/2020
De Pinte,Rudy,Mannelijk,01/10/2020
Jemeppe-sur-Sambre,Françoise,Vrouwelijk,12/31/2019
Pittem,Filip,Mannelijk,12/31/2019
Asse,Jan,Mannelijk,01/04/2020
Anderlecht,Olivier,Mannelijk,12/31/2019
Moeskroen,Camille,Vrouwelijk,12/21/2019
Anderlecht,Fernanda,Vrouwelijk,12/30/2019
Sint-Lambrechts-Woluwe,Jean-François,Mannelijk,12/20/2019
Sint-Genesius-Rode,Laurence,Vrouwelijk,12/23/2019
Vosselaar,Daniëlle,Vrouwelijk,12/26/2019
Koekelberg,Nicolae,Mannelijk,12/31/2019
Verviers,Paul,Mannelijk,12/30/2019
Destelbergen,Alexander,Mannelijk,12/23/2019
Charleroi,Pascaline,Vrouwelijk,01/21/2020
Begijnendijk,Godelieve,Vrouwelijk,12/26/2019
Sint-Pieters-Leeuw,David,Mannelijk,01/13/2020
Lille,Roger,Mannelijk,12/21/2019
Anderlecht,Albert,Mannelijk,12/22/2019
Luik,Cecilia,Vrouwelijk,01/07/2020
Charleroi,Josée,Vrouwelijk,12/19/2019
Waver,Léon,Mannelijk,02/19/2020
Tienen,Annick,Vrouwelijk,12/24/2019
Genk,Peter,Mannelijk,01/14/2020
Gent,Steven,Mannelijk,01/08/2020
