gemeente,naam,geslacht,verwachte datum
Wezet,Henriette,Vrouwelijk,05/21/2019
Aywaille,Nicole,Vrouwelijk,05/19/2019
Deinze,Katrien,Vrouwelijk,05/15/2019
Herzele,Herman,Mannelijk,05/09/2019
Antwerpen,Amy,Vrouwelijk,05/14/2019
Antwerpen,An,Vrouwelijk,05/24/2019
Roeselare,Frederik,Mannelijk,05/20/2019
Meulebeke,Patrick,Mannelijk,05/07/2019
Zedelgem,Griet,Vrouwelijk,05/15/2019
Erquelinnes,Marc,Mannelijk,05/18/2019
Antoing,Raphaël,Mannelijk,05/10/2019
Grimbergen,Freddy,Mannelijk,07/08/2019
Asse,Jeanne,Vrouwelijk,06/05/2019
Ganshoren,Serge,Mannelijk,05/17/2019
Zemst,Christiane,Vrouwelijk,05/15/2019
Brussel,Firdaous,Vrouwelijk,05/16/2019
Hamme (Dendermonde),Yannick,Mannelijk,05/18/2019
Zandhoven,Martine,Vrouwelijk,05/24/2019
Beernem,Joachim,Mannelijk,05/15/2019
Brussel,Hicham,Mannelijk,06/04/2019
Sint-Gillis,Kawtar,Vrouwelijk,05/16/2019
Zulte,Sabine,Vrouwelijk,05/26/2019
Chimay,Adeline,Vrouwelijk,05/17/2019
Herenthout,Jesse,Mannelijk,05/18/2019
Luik,Alain,Mannelijk,05/22/2019
Ichtegem,Marina,Vrouwelijk,05/13/2019
Antwerpen,Joris,Mannelijk,05/19/2019
Jalhay,Chantal,Vrouwelijk,05/16/2019
Antwerpen,Charles,Mannelijk,05/19/2019
Heusden-Zolder,Sena,Vrouwelijk,05/13/2019
Antwerpen,Sofie,Vrouwelijk,05/22/2019
Antwerpen,Monica,Vrouwelijk,05/26/2019
Pelt,Ludo,Mannelijk,05/11/2019
Haacht,Brigitte,Vrouwelijk,05/20/2019
Sint-Pieters-Woluwe,Bruno,Mannelijk,05/11/2019
Sint-Niklaas (Sint-Niklaas),Karin,Vrouwelijk,05/27/2019
Charleroi,Philippe,Mannelijk,05/08/2019
Heist-op-den-Berg,Kevin,Mannelijk,05/11/2019
Genk,Jean,Mannelijk,05/20/2019
Eigenbrakel,Stefan,Mannelijk,07/06/2019
Châtelet,Jean-Marie,Mannelijk,05/26/2019
Mol,Dorien,Vrouwelijk,05/16/2019
Zoutleeuw,Ivo,Mannelijk,05/20/2019
Lommel,Juul,Mannelijk,05/15/2019
Perwijs (Nijvel),Aurore,Vrouwelijk,05/24/2019
Hasselt,Viviane,Vrouwelijk,05/12/2019
Anderlecht,Selena,Vrouwelijk,07/05/2019
Moeskroen,Murielle,Vrouwelijk,05/21/2019
Doornik,Justine,Vrouwelijk,05/19/2019
Hasselt,Lucienne,Vrouwelijk,05/10/2019
Lille,Rosalia,Vrouwelijk,05/07/2019
Oostende,Michel,Mannelijk,05/21/2019
Sombreffe,Françoise,Vrouwelijk,05/24/2019
Bastenaken,Martine,Vrouwelijk,05/14/2019
Ronse,Barbara,Vrouwelijk,05/19/2019
Hasselt,Hugo,Mannelijk,05/27/2019
Deinze,Mireille,Vrouwelijk,05/17/2019
Mechelen,Sara,Vrouwelijk,05/15/2019
Brugge,Thierry,Mannelijk,05/15/2019
Antwerpen,Antoine,Mannelijk,05/22/2019
Vorst (Brussel-Hoofdstad),Majid,Mannelijk,05/19/2019
Geel,Hilde,Vrouwelijk,05/22/2019
Antwerpen,Aminata,Vrouwelijk,05/23/2019
Oostende,Jean,Mannelijk,05/12/2019
Beveren (Sint-Niklaas),Pascal,Mannelijk,05/22/2019
Moeskroen,Michel,Mannelijk,05/19/2019
Grimbergen,Lieve,Vrouwelijk,05/20/2019
Ukkel,Elena,Vrouwelijk,05/13/2019
Dilbeek,Jean,Mannelijk,07/12/2019
Morlanwelz,Girolamo,Mannelijk,05/27/2019
Hoei,Christian,Mannelijk,05/29/2019
Trooz,Catherine,Vrouwelijk,05/09/2019
Dendermonde,Ella,Vrouwelijk,05/18/2019
Oosterzele,Ine,Vrouwelijk,05/23/2019
Sint-Truiden,Andy,Mannelijk,05/17/2019
Lebbeke,Jill,Vrouwelijk,05/19/2019
Charleroi,Francesco,Mannelijk,06/09/2019
Charleroi,Benoît,Mannelijk,05/18/2019
Deinze,Ann,Vrouwelijk,05/10/2019
Merelbeke,Féline,Vrouwelijk,05/14/2019
Gent,Bianca,Vrouwelijk,05/17/2019
Namen,Guillaume,Mannelijk,05/27/2019
Mechelen,Warre,Mannelijk,05/14/2019
Vilvoorde,Henri,Mannelijk,05/19/2019
Fléron,Nathalie,Vrouwelijk,05/16/2019
Hasselt,Chloë,Vrouwelijk,05/18/2019
Olne,Marie,Vrouwelijk,05/08/2019
Schilde,Katrien,Vrouwelijk,05/26/2019
Izegem,Isabel,Vrouwelijk,05/18/2019
Moorslede,Gino,Mannelijk,05/12/2019
Lebbeke,Peter,Mannelijk,05/25/2019
Hasselt,Lars,Mannelijk,05/23/2019
Laakdal,Philippe,Mannelijk,05/17/2019
Ronse,Tamara,Vrouwelijk,05/20/2019
Namen,Danielle,Vrouwelijk,05/11/2019
Gent,Martin,Mannelijk,05/12/2019
Lennik,Anna,Vrouwelijk,05/11/2019
Trooz,Laura,Vrouwelijk,05/15/2019
Neupré,Colette,Vrouwelijk,06/07/2019
Antwerpen,Fouad,Mannelijk,05/22/2019
Bornem,Peter,Mannelijk,05/16/2019
Oudergem,Ines,Vrouwelijk,05/25/2019
Beveren (Sint-Niklaas),Steven,Mannelijk,05/30/2019
Etterbeek,Laurent,Mannelijk,05/08/2019
Lommel,Martine,Vrouwelijk,06/02/2019
Diest,Martha,Vrouwelijk,05/21/2019
Turnhout,Nadia,Vrouwelijk,05/20/2019
Wanze,Yves,Mannelijk,05/27/2019
Oostende,José,Mannelijk,05/14/2019
Wichelen,Danny,Mannelijk,05/07/2019
Maasmechelen,Hatice,Vrouwelijk,05/18/2019
Ingelmunster,Joyce,Vrouwelijk,06/03/2019
Kortemark,Stijn,Mannelijk,05/13/2019
Houffalize,Anne,Vrouwelijk,05/22/2019
Deinze,Brigitte,Vrouwelijk,05/14/2019
Tessenderlo,Jessy,Vrouwelijk,05/19/2019
Doornik,Louis,Mannelijk,05/23/2019
Jette,Maya,Vrouwelijk,07/01/2019
Zottegem,Emma,Vrouwelijk,05/16/2019
Dour,Christian,Mannelijk,05/08/2019
Luik,Guy,Mannelijk,05/20/2019
Tongeren,Malika,Vrouwelijk,05/14/2019
Willebroek,Lina,Vrouwelijk,05/22/2019
Leopoldsburg,Wim,Mannelijk,05/07/2019
Harelbeke,Seppe,Mannelijk,06/04/2019
Brugge,Ilse,Vrouwelijk,05/31/2019
Courcelles,Françoise,Vrouwelijk,06/07/2019
Etterbeek,Emilie,Vrouwelijk,05/09/2019
Lochristi,Geert,Mannelijk,05/26/2019
Geraardsbergen,Jacques,Mannelijk,05/11/2019
Londerzeel,Guido,Mannelijk,05/11/2019
De Pinte,Joachim,Mannelijk,05/27/2019
Chaumont-Gistoux,Louis,Mannelijk,05/11/2019
Pelt,Nick,Mannelijk,05/26/2019
Quaregnon,Sophie,Vrouwelijk,05/25/2019
Heist-op-den-Berg,Marina,Vrouwelijk,05/08/2019
Zinnik,Irène,Vrouwelijk,05/19/2019
Antwerpen,Zilan,Vrouwelijk,05/18/2019
Beerse,Daphne,Vrouwelijk,05/18/2019
Esneux,Marcel,Mannelijk,05/21/2019
Kruibeke,Steven,Mannelijk,05/25/2019
Antwerpen,Nadia,Vrouwelijk,05/07/2019
Balen,Melissa,Vrouwelijk,05/14/2019
Aalst (Aalst),Germaine,Vrouwelijk,05/17/2019
Rotselaar,Greta,Vrouwelijk,05/21/2019
Bierbeek,Marianne,Vrouwelijk,05/21/2019
Wielsbeke,Febe,Vrouwelijk,05/24/2019
Liedekerke,Pascale,Vrouwelijk,05/08/2019
Moeskroen,Claudine,Vrouwelijk,05/13/2019
Oud-Heverlee,Denise,Vrouwelijk,07/02/2019
Sint-Genesius-Rode,Muriel,Vrouwelijk,05/30/2019
Doornik,Mathéo,Mannelijk,05/07/2019
Sambreville,Sabine,Vrouwelijk,05/15/2019
Ronse,Marcelle,Vrouwelijk,05/20/2019
Merchtem,Pieter,Mannelijk,05/16/2019
Sankt Vith,Christina,Vrouwelijk,05/19/2019
Antwerpen,Simonne,Vrouwelijk,05/14/2019
Gent,Fatima,Vrouwelijk,05/10/2019
Anderlues,Linda,Vrouwelijk,05/20/2019
Florennes,Marie,Vrouwelijk,05/13/2019
Leuven,Sabine,Vrouwelijk,05/16/2019
Doornik,Franz,Mannelijk,05/17/2019
Antwerpen,Maria,Vrouwelijk,05/16/2019
Aartselaar,Christel,Vrouwelijk,05/24/2019
Leuven,Margo,Vrouwelijk,05/20/2019
Sint-Truiden,Gust,Mannelijk,05/31/2019
Eghezée,Chantal,Vrouwelijk,05/17/2019
Watermaal-Bosvoorde,Kevin,Mannelijk,06/01/2019
Marche-en-Famenne,Victor,Mannelijk,05/27/2019
Komen-Waasten,Suzanne,Vrouwelijk,05/25/2019
Leuven,Rachel,Vrouwelijk,05/27/2019
Kaprijke,Raymond,Mannelijk,05/11/2019
Puurs-Sint-Amands,Maurice,Mannelijk,05/16/2019
Dilbeek,Gustaaf,Mannelijk,05/12/2019
Sint-Truiden,Johan,Mannelijk,05/15/2019
Messancy,Yves,Mannelijk,05/22/2019
Balen,Kirsten,Vrouwelijk,06/09/2019
Eigenbrakel,Luc,Mannelijk,05/08/2019
Willebroek,Tülay,Vrouwelijk,05/08/2019
Aalst (Aalst),Tania,Vrouwelijk,05/12/2019
Lokeren,Godelieve,Vrouwelijk,05/14/2019
Tongeren,Dieter,Mannelijk,05/10/2019
Gingelom,Pascal,Mannelijk,05/17/2019
Deinze,Christiane,Vrouwelijk,05/24/2019
Rotselaar,Karina,Vrouwelijk,06/06/2019
Ninove,Jeroen,Mannelijk,05/09/2019
Koekelberg,Luis,Mannelijk,05/13/2019
Leuven,Amine,Mannelijk,05/15/2019
Kortenberg,Nancy,Vrouwelijk,05/08/2019
Kapellen (Antwerpen),Christina,Vrouwelijk,06/02/2019
Luik,Elvir,Mannelijk,05/27/2019
Seraing,Bryan,Mannelijk,05/07/2019
Kraainem,Danielle,Vrouwelijk,05/17/2019
Kortrijk,Matthias,Mannelijk,05/15/2019
Virton,Daniel,Mannelijk,05/12/2019
Seraing,Houria,Vrouwelijk,05/22/2019
Leuven,Karin,Vrouwelijk,05/29/2019
Mechelen,Mohamed,Mannelijk,05/28/2019
Tienen,Nele,Vrouwelijk,05/16/2019
Oudsbergen,Jarne,Mannelijk,06/23/2019
Pelt,Helena,Vrouwelijk,05/31/2019
Aalst (Aalst),Lucien,Mannelijk,05/13/2019
Ans,Francesca,Vrouwelijk,05/17/2019
Tielt (Tielt),Hanne,Vrouwelijk,05/18/2019
Sint-Jans-Molenbeek,Fatima,Vrouwelijk,05/16/2019
Sint-Niklaas (Sint-Niklaas),Etienne,Mannelijk,07/07/2019
Herstal,Axel,Mannelijk,05/14/2019
Deinze,Lennert,Mannelijk,05/26/2019
Halle (Halle-Vilvoorde),Miguel,Mannelijk,05/18/2019
Ieper,Rik,Mannelijk,05/16/2019
Brussel,Ana,Vrouwelijk,05/20/2019
Kampenhout,Joseph,Mannelijk,05/20/2019
Antwerpen,Patrick,Mannelijk,05/14/2019
Modave,Caroline,Vrouwelijk,05/22/2019
Ieper,Inge,Vrouwelijk,06/06/2019
Ans,Nathalie,Vrouwelijk,05/27/2019
Zonhoven,Irma,Vrouwelijk,05/09/2019
Peer,Jan,Mannelijk,05/11/2019
Antwerpen,Liesbeth,Vrouwelijk,05/14/2019
Sint-Pieters-Leeuw,Cecilia,Vrouwelijk,05/20/2019
Hoeilaart,Victor,Mannelijk,05/20/2019
Ronse,Marc,Mannelijk,05/19/2019
Charleroi,Françoise,Vrouwelijk,05/14/2019
Zoutleeuw,Jenny,Vrouwelijk,05/13/2019
Overijse,Angela,Vrouwelijk,05/16/2019
Edegem,Elza,Vrouwelijk,06/08/2019
Evere,Jonathan,Mannelijk,05/21/2019
Beringen,Senne,Mannelijk,05/16/2019
Diepenbeek,Eline,Vrouwelijk,05/19/2019
Frameries,Mélanie,Vrouwelijk,05/08/2019
Bocholt,Kelly,Vrouwelijk,05/19/2019
Dilbeek,Kathleen,Vrouwelijk,05/14/2019
Quiévrain,Aurélien,Mannelijk,05/19/2019
’s Gravenbrakel,Christine,Vrouwelijk,05/31/2019
Havelange,Annick,Vrouwelijk,05/18/2019
Leuze-en-Hainaut,Christophe,Mannelijk,05/28/2019
Sint-Gillis,Ludovic,Mannelijk,05/18/2019
Houffalize,Pierre,Mannelijk,06/04/2019
Drogenbos,Luc,Mannelijk,05/19/2019
Frameries,Jérôme,Mannelijk,05/19/2019
Luik,Aya,Vrouwelijk,05/16/2019
Peer,Dirk,Mannelijk,05/08/2019
Erpe-Mere,Carolien,Vrouwelijk,05/23/2019
Mechelen,Joseph,Mannelijk,05/07/2019
Retie,Victor,Mannelijk,05/31/2019
Bergen,Anna,Vrouwelijk,05/17/2019
Sambreville,Juan,Mannelijk,05/18/2019
Leuven,Hans,Mannelijk,05/11/2019
Charleroi,Alex,Mannelijk,05/14/2019
Zandhoven,Els,Vrouwelijk,05/11/2019
Kruibeke,Jeanne,Vrouwelijk,05/19/2019
Kortrijk,Jean,Mannelijk,05/22/2019
Heers,Jonas,Mannelijk,05/22/2019
Elsene,Mohamed,Mannelijk,05/17/2019
Leuven,Peggy,Vrouwelijk,05/12/2019
Geraardsbergen,Johan,Mannelijk,05/25/2019
Antwerpen,Maja,Vrouwelijk,05/14/2019
Anzegem,Warre,Mannelijk,05/21/2019
Keerbergen,Charlotte,Vrouwelijk,07/02/2019
Sint-Lievens-Houtem,Hubert,Mannelijk,05/27/2019
Gent,Martijn,Mannelijk,05/08/2019
Charleroi,Thomas,Mannelijk,05/25/2019
Balen,Willy,Mannelijk,05/18/2019
Edegem,Patrick,Mannelijk,05/17/2019
Quévy,Marie,Vrouwelijk,05/12/2019
Vloesberg,Vincent,Mannelijk,05/17/2019
Temse,Sally,Vrouwelijk,05/12/2019
Wetteren,Etienne,Mannelijk,05/22/2019
Opwijk,Frans,Mannelijk,06/08/2019
Tinlot,Nadine,Vrouwelijk,05/26/2019
Mortsel,Josephine,Vrouwelijk,06/09/2019
Turnhout,Robertus,Mannelijk,05/25/2019
Charleroi,Rabia,Vrouwelijk,05/17/2019
Bertrix,Thomas,Mannelijk,05/18/2019
Laarne,Patrick,Mannelijk,05/27/2019
Bierbeek,Cindy,Vrouwelijk,05/16/2019
Herentals,Levi,Mannelijk,05/20/2019
Moeskroen,Inaya,Vrouwelijk,05/14/2019
Anderlecht,Bertrand,Mannelijk,05/30/2019
Deinze,Marleen,Vrouwelijk,05/25/2019
Beveren (Sint-Niklaas),Gustaaf,Mannelijk,05/14/2019
Sint-Lambrechts-Woluwe,Sophie,Vrouwelijk,05/26/2019
Gent,Didier,Mannelijk,05/19/2019
Laakdal,Christine,Vrouwelijk,05/08/2019
Roosdaal,Lise,Vrouwelijk,05/17/2019
Brussel,Nathalie,Vrouwelijk,05/19/2019
La Louvière,Maria,Vrouwelijk,07/08/2019
Ieper,Josiane,Vrouwelijk,05/30/2019
Arendonk,Stan,Mannelijk,05/22/2019
Châtelet,Liliane,Vrouwelijk,05/07/2019
Ninove,Patrick,Mannelijk,05/25/2019
Kapellen (Antwerpen),William,Mannelijk,05/31/2019
Ottignies-Louvain-la-Neuve,Olivier,Mannelijk,05/08/2019
Dinant,Yannick,Mannelijk,05/24/2019
Villers-Le-Bouillet,Arnaud,Mannelijk,05/21/2019
Vilvoorde,Louisa,Vrouwelijk,06/09/2019
Brussel,Tuana,Vrouwelijk,05/24/2019
Vorst (Brussel-Hoofdstad),Christophe,Mannelijk,05/17/2019
Elsene,Saad,Mannelijk,06/02/2019
Aubange,Nadine,Vrouwelijk,05/14/2019
Staden,Lily,Vrouwelijk,05/08/2019
Geel,Kobe,Mannelijk,05/23/2019
Seneffe,Corinne,Vrouwelijk,05/18/2019
Deerlijk,Marie-Thérèse,Vrouwelijk,05/19/2019
Eeklo,Sander,Mannelijk,05/16/2019
Liedekerke,Mathias,Mannelijk,05/14/2019
Antwerpen,Henri,Mannelijk,05/19/2019
Châtelet,Rosario,Mannelijk,05/19/2019
Moeskroen,Robin,Mannelijk,05/16/2019
Rumst,Kristiane,Vrouwelijk,05/25/2019
Gent,Birgit,Vrouwelijk,05/31/2019
Poperinge,Maria,Vrouwelijk,05/16/2019
Lanaken,Patricia,Vrouwelijk,05/16/2019
Leuven,Philomène,Vrouwelijk,05/29/2019
Namen,Jacqueline,Vrouwelijk,05/15/2019
Nazareth,Christiaan,Mannelijk,06/04/2019
Middelkerke,Elisabeth,Vrouwelijk,05/10/2019
Zandhoven,Johan,Mannelijk,05/12/2019
Kelmis,Gilbert,Mannelijk,05/19/2019
Alveringem,Lorenzo,Mannelijk,05/26/2019
Oostende,Bruce,Mannelijk,05/23/2019
Neupré,Yves,Mannelijk,05/20/2019
Ukkel,Yousra,Vrouwelijk,05/25/2019
Leuven,Paul,Mannelijk,05/25/2019
Berlare,Freddy,Mannelijk,05/17/2019
