gemeente,naam,geslacht,verwachte datum
Juprelle,Jean-Michel,Mannelijk,03/05/2019
Zulte,Nico,Mannelijk,01/28/2019
La Louvière,Vincenzo,Mannelijk,01/25/2019
Oudergem,Olivier,Mannelijk,01/30/2019
Charleroi,Isabelle,Vrouwelijk,01/29/2019
Sint-Pieters-Woluwe,Carine,Vrouwelijk,01/18/2019
Aubange,Marianne,Vrouwelijk,01/17/2019
Charleroi,Léonie,Vrouwelijk,03/09/2019
Oostende,Ruben,Mannelijk,02/07/2019
Jette,Greta,Vrouwelijk,02/11/2019
Manage,Alice,Vrouwelijk,02/06/2019
Etterbeek,Amy,Vrouwelijk,01/24/2019
Antwerpen,Maryam,Vrouwelijk,02/04/2019
Sint-Jans-Molenbeek,Jeannine,Vrouwelijk,01/29/2019
Zutendaal,Michel,Mannelijk,01/24/2019
Seraing,Nassim,Mannelijk,02/06/2019
Temse,Elisa,Vrouwelijk,02/10/2019
Dilbeek,Michael,Mannelijk,02/07/2019
Zutendaal,Hubertus,Mannelijk,01/30/2019
Lochristi,Guy,Mannelijk,02/11/2019
Luik,Marc,Mannelijk,01/26/2019
Anthisnes,Catherine,Vrouwelijk,01/29/2019
Vorst (Brussel-Hoofdstad),Michèle,Vrouwelijk,02/09/2019
Balen,Ann,Vrouwelijk,01/26/2019
Wezembeek-Oppem,Nicole,Vrouwelijk,02/10/2019
Koksijde,Guy,Mannelijk,02/01/2019
Waterloo,Guillaume,Mannelijk,01/18/2019
Lo-Reninge,Magda,Vrouwelijk,03/14/2019
Oostende,Michael,Mannelijk,01/21/2019
Incourt,Frédéric,Mannelijk,01/26/2019
Bertrix,Huguette,Vrouwelijk,01/28/2019
Gent,Aysedudu,Vrouwelijk,02/04/2019
Antwerpen,Klaudia,Vrouwelijk,02/16/2019
Dour,Stéphane,Mannelijk,01/17/2019
Rouvroy,Jeanne,Vrouwelijk,01/27/2019
Gent,André,Mannelijk,02/01/2019
Hoeilaart,Patricia,Vrouwelijk,01/23/2019
Sint-Gillis,José,Mannelijk,01/22/2019
Hoei,Caroline,Vrouwelijk,01/26/2019
Aalst (Aalst),Matthew,Mannelijk,01/23/2019
Borgworm,Camille,Vrouwelijk,01/25/2019
Dinant,Eléonore,Vrouwelijk,01/28/2019
Seneffe,Jean,Mannelijk,01/21/2019
Sambreville,Eléonore,Vrouwelijk,02/17/2019
Gent,Gert,Mannelijk,01/24/2019
Bevekom,Monique,Vrouwelijk,01/29/2019
Menen,Cecile,Vrouwelijk,01/26/2019
Arendonk,Hendrik,Mannelijk,02/04/2019
Verviers,Natacha,Vrouwelijk,02/18/2019
Etterbeek,Estefania,Vrouwelijk,01/17/2019
Wuustwezel,Jolien,Vrouwelijk,01/16/2019
Charleroi,Téo,Mannelijk,01/28/2019
Sint-Lambrechts-Woluwe,Rita,Vrouwelijk,01/30/2019
Hulshout,Gilbert,Mannelijk,01/20/2019
Bernissart,Jeanne,Vrouwelijk,01/23/2019
Quaregnon,Laetitia,Vrouwelijk,01/26/2019
Herve,Paul,Mannelijk,01/22/2019
Neupré,Alice,Vrouwelijk,01/29/2019
Brasschaat,Veronique,Vrouwelijk,01/23/2019
Antwerpen,Francine,Vrouwelijk,02/14/2019
Tubeke,Paulette,Vrouwelijk,02/03/2019
Deinze,Louis,Mannelijk,01/21/2019
Lievegem,Marc,Mannelijk,01/16/2019
Neupré,Aurélie,Vrouwelijk,01/18/2019
Oostende,Dimitri,Mannelijk,01/17/2019
Nandrin,Fabrice,Mannelijk,01/17/2019
Châtelet,Maria,Vrouwelijk,01/20/2019
Zulte,Stijn,Mannelijk,01/20/2019
Moeskroen,Dorothée,Vrouwelijk,01/23/2019
Beveren (Sint-Niklaas),Wendy,Vrouwelijk,01/22/2019
Oostende,Robert,Mannelijk,02/02/2019
Aarlen,Eddy,Mannelijk,01/27/2019
Lier,Josephus,Mannelijk,02/16/2019
La Louvière,Melek,Vrouwelijk,01/22/2019
De Haan,Elisabeth,Vrouwelijk,01/21/2019
Binche,Riccardo,Mannelijk,01/15/2019
Putte,Kathleen,Vrouwelijk,01/22/2019
Limburg,Véronique,Vrouwelijk,01/16/2019
Mechelen,Agnes,Vrouwelijk,01/31/2019
Antwerpen,Diana,Vrouwelijk,01/29/2019
Kalmthout,Karl,Mannelijk,02/28/2019
Hamont-Achel,Annie,Vrouwelijk,02/01/2019
Herentals,Christina,Vrouwelijk,01/28/2019
Ninove,Hamza,Mannelijk,01/18/2019
Brugge,Werner,Mannelijk,01/24/2019
Antwerpen,Maria,Vrouwelijk,01/31/2019
Stabroek,Geert,Mannelijk,01/28/2019
Tienen,Chantal,Vrouwelijk,02/03/2019
Elsene,Antoni,Mannelijk,02/17/2019
Ieper,Liliane,Vrouwelijk,01/16/2019
Dour,Mireille,Vrouwelijk,01/22/2019
Antwerpen,Karim,Mannelijk,01/22/2019
Sint-Jans-Molenbeek,Salma,Vrouwelijk,01/23/2019
Luik,Jean,Mannelijk,01/22/2019
Putte,Laura,Vrouwelijk,01/25/2019
Eupen,Alexander,Mannelijk,03/05/2019
Luik,Maria,Vrouwelijk,01/15/2019
Ganshoren,Guillaume,Mannelijk,01/25/2019
Luik,Boris,Mannelijk,01/24/2019
Ottignies-Louvain-la-Neuve,Monique,Vrouwelijk,01/30/2019
Kortenberg,Frederic,Mannelijk,02/03/2019
Oud-Heverlee,Erik,Mannelijk,01/31/2019
Heers,Stephanie,Vrouwelijk,01/30/2019
Diest,Paul,Mannelijk,01/26/2019
Gembloux,Stéphanie,Vrouwelijk,02/17/2019
Antwerpen,Olav,Mannelijk,01/17/2019
Saint-Ghislain,Corinne,Vrouwelijk,01/21/2019
Seraing,Jonathan,Mannelijk,01/27/2019
Hoeilaart,Jan,Mannelijk,01/23/2019
Maldegem,Johan,Mannelijk,01/27/2019
Kortrijk,Vincent,Mannelijk,01/23/2019
Komen-Waasten,Jacques,Mannelijk,01/28/2019
Gent,Jill,Vrouwelijk,01/15/2019
Weismes,Benoit,Mannelijk,01/31/2019
Brasschaat,Gunther,Mannelijk,01/15/2019
Komen-Waasten,Sylvie,Vrouwelijk,01/26/2019
Aalst (Aalst),Kim,Mannelijk,02/03/2019
Antwerpen,Saloua,Vrouwelijk,01/19/2019
Harelbeke,Ringo,Mannelijk,01/24/2019
Bocholt,Carine,Vrouwelijk,01/15/2019
Waregem,Charlotte,Vrouwelijk,01/24/2019
Ans,Rudy,Mannelijk,02/07/2019
Oostrozebeke,Mauro,Mannelijk,02/01/2019
Aiseau-Presles,Michel,Mannelijk,01/24/2019
De Haan,Tatiana,Vrouwelijk,01/22/2019
Soumagne,Alfred,Mannelijk,01/28/2019
Bree,Gerard,Mannelijk,02/01/2019
Bergen,Maria,Vrouwelijk,02/03/2019
Hove (Antwerpen),Beatrijs,Vrouwelijk,01/25/2019
Manhay,Rémy,Mannelijk,02/02/2019
Dilbeek,Marie,Vrouwelijk,01/19/2019
Vilvoorde,Osman,Mannelijk,02/05/2019
Anderlues,Lina,Vrouwelijk,02/15/2019
Welkenraedt,Roland,Mannelijk,02/03/2019
Olne,Pauline,Vrouwelijk,01/26/2019
Sint-Niklaas (Sint-Niklaas),Ramazan,Mannelijk,02/01/2019
Paliseul,Marcel,Mannelijk,01/28/2019
Antwerpen,Djamila,Vrouwelijk,01/25/2019
Namen,Virginie,Vrouwelijk,01/26/2019
Namen,Anne,Vrouwelijk,01/15/2019
Charleroi,Davina,Vrouwelijk,01/24/2019
Diepenbeek,Marco,Mannelijk,01/19/2019
De Haan,Micheline,Vrouwelijk,01/24/2019
Overijse,Arthur,Mannelijk,01/21/2019
Beerse,Liliane,Vrouwelijk,02/17/2019
Waterloo,Cedric,Mannelijk,01/25/2019
Halen,Simon,Mannelijk,01/30/2019
Walhain,Stéphanie,Vrouwelijk,01/20/2019
Holsbeek,Niels,Mannelijk,01/22/2019
Beveren (Sint-Niklaas),Katrien,Vrouwelijk,01/29/2019
Lochristi,Cindy,Vrouwelijk,01/17/2019
Aywaille,Hugo,Mannelijk,02/02/2019
Eigenbrakel,Irena,Vrouwelijk,01/30/2019
Antwerpen,Iljo,Mannelijk,01/26/2019
Sint-Niklaas (Sint-Niklaas),Jeroen,Mannelijk,01/26/2019
Brussel,Tuana,Vrouwelijk,02/13/2019
Wervik,André,Mannelijk,01/30/2019
Brussel,Marianne,Vrouwelijk,02/12/2019
Overijse,Alexia,Vrouwelijk,02/17/2019
Schaarbeek,Krzysztof,Mannelijk,01/17/2019
Sint-Pieters-Leeuw,Hilda,Vrouwelijk,02/02/2019
Sint-Lievens-Houtem,Nicole,Vrouwelijk,01/16/2019
Amay,Elise,Vrouwelijk,01/22/2019
Habay,Jean-Luc,Mannelijk,03/21/2019
Juprelle,Christine,Vrouwelijk,02/03/2019
Frameries,Nadia,Vrouwelijk,01/24/2019
Roeselare,Filip,Mannelijk,01/26/2019
La Louvière,Magali,Vrouwelijk,01/28/2019
Wellen,Lieve,Vrouwelijk,01/17/2019
Nijlen,Chantal,Vrouwelijk,01/24/2019
Ottignies-Louvain-la-Neuve,Christine,Vrouwelijk,01/30/2019
Oostende,Claudia,Vrouwelijk,01/21/2019
Maasmechelen,Halil,Mannelijk,02/13/2019
Geraardsbergen,Tom,Mannelijk,01/21/2019
Lommel,Gerardus,Mannelijk,02/04/2019
Brussel,Leah,Vrouwelijk,01/28/2019
Kortrijk,Tom,Mannelijk,01/31/2019
Duffel,Sarah,Vrouwelijk,01/25/2019
Affligem,Marie-Jeanne,Vrouwelijk,02/02/2019
Thuin,Alexandra,Vrouwelijk,01/28/2019
Mol,Maaike,Vrouwelijk,01/18/2019
Oudenaarde,Brian,Mannelijk,01/20/2019
Hoeilaart,Jeannine,Vrouwelijk,01/18/2019
Nieuwpoort,Rita,Vrouwelijk,02/03/2019
Maldegem,Rudy,Mannelijk,01/22/2019
Jette,Gabrielle,Vrouwelijk,01/29/2019
Saint-Nicolas (Luik),Marc,Mannelijk,02/08/2019
Lokeren,Lukas,Mannelijk,01/22/2019
Edegem,Femke,Vrouwelijk,02/03/2019
Herent,Rune,Mannelijk,01/25/2019
Sint-Lambrechts-Woluwe,Yasmine,Vrouwelijk,02/10/2019
Wezet,Arthur,Mannelijk,02/02/2019
Antwerpen,Céline,Vrouwelijk,01/25/2019
Melle,Samuel,Mannelijk,01/15/2019
Luik,Damien,Mannelijk,01/27/2019
Sambreville,Emeline,Vrouwelijk,01/24/2019
Beerse,Maud,Vrouwelijk,01/16/2019
Temse,Ina,Vrouwelijk,02/15/2019
Gent,Isabel,Vrouwelijk,01/15/2019
Lier,Simonne,Vrouwelijk,02/05/2019
Tielt (Tielt),Pierre,Mannelijk,02/14/2019
Brugge,Patricia,Vrouwelijk,01/18/2019
Hélécine,Albert,Mannelijk,01/27/2019
Vorst (Brussel-Hoofdstad),Geoffrey,Mannelijk,01/21/2019
Tessenderlo,Luc,Mannelijk,01/16/2019
Roeselare,Christine,Vrouwelijk,01/27/2019
Juprelle,Laure,Vrouwelijk,01/15/2019
Ukkel,Alain,Mannelijk,01/18/2019
Ukkel,Vasile,Mannelijk,01/29/2019
Kortrijk,Juliette,Vrouwelijk,01/26/2019
Anderlecht,Jamila,Vrouwelijk,01/25/2019
Roeselare,William,Mannelijk,01/22/2019
Waregem,Annelies,Vrouwelijk,02/10/2019
Anzegem,Lieve,Vrouwelijk,01/30/2019
Rixensart,Alexia,Vrouwelijk,01/31/2019
Evergem,Yolanda,Vrouwelijk,01/18/2019
Boom,Yasmina,Vrouwelijk,02/05/2019
Anderlecht,Rahma,Vrouwelijk,01/26/2019
La Bruyère,Christiane,Vrouwelijk,02/01/2019
Wuustwezel,Luc,Mannelijk,01/30/2019
Estinnes,Elodie,Vrouwelijk,01/27/2019
Zwevegem,Caroline,Vrouwelijk,02/01/2019
Grimbergen,Amber,Vrouwelijk,02/17/2019
Vosselaar,Kelly,Vrouwelijk,01/30/2019
Anthisnes,Pierre,Mannelijk,02/01/2019
Zemst,Marianne,Vrouwelijk,01/24/2019
’s Gravenbrakel,Jeanine,Vrouwelijk,02/17/2019
Libramont-Chevigny,Bérengère,Vrouwelijk,01/18/2019
Linkebeek,Paul,Mannelijk,01/24/2019
Waterloo,Muriel,Vrouwelijk,01/22/2019
Hastière,Jean-Luc,Mannelijk,02/11/2019
Sint-Truiden,Marijke,Vrouwelijk,01/26/2019
Ieper,Steven,Mannelijk,02/23/2019
Heusden-Zolder,Noor,Vrouwelijk,01/17/2019
Roeselare,Micha,Mannelijk,02/01/2019
Keerbergen,Geert,Mannelijk,01/24/2019
Bredene,Kenneth,Mannelijk,01/15/2019
Gerpinnes,Michel,Mannelijk,01/16/2019
Dinant,Andrée,Vrouwelijk,02/01/2019
Ohey,Eric,Mannelijk,01/30/2019
Messancy,Logan,Mannelijk,01/26/2019
Oudergem,Georges,Mannelijk,01/21/2019
Antwerpen,Renata,Vrouwelijk,01/22/2019
Oudergem,Raphaël,Mannelijk,01/28/2019
Lummen,Jan,Mannelijk,01/15/2019
Soumagne,Cassandra,Vrouwelijk,01/31/2019
Turnhout,Dylan,Mannelijk,02/04/2019
Knokke-Heist,Karl,Mannelijk,01/23/2019
Antwerpen,Said,Mannelijk,01/22/2019
Charleroi,Giuseppa,Vrouwelijk,01/20/2019
Peer,Jozef,Mannelijk,01/30/2019
Lievegem,Guy,Mannelijk,01/27/2019
Aalter,Erna,Vrouwelijk,01/22/2019
Jalhay,Suzanne,Vrouwelijk,01/17/2019
Lier,Francine,Vrouwelijk,01/16/2019
Komen-Waasten,Delphine,Vrouwelijk,01/22/2019
Gent,Nico,Mannelijk,01/27/2019
Sprimont,Kevin,Mannelijk,01/16/2019
Hastière,Liliane,Vrouwelijk,01/15/2019
Charleroi,Cindy,Vrouwelijk,01/20/2019
Halen,Jurgen,Mannelijk,01/30/2019
Evere,Fadwa,Vrouwelijk,02/09/2019
Temse,Christianne,Vrouwelijk,02/11/2019
Zwijndrecht,Monique,Vrouwelijk,02/08/2019
Gent,Annelies,Vrouwelijk,02/09/2019
Esneux,Didier,Mannelijk,02/03/2019
Schaarbeek,Bayram,Mannelijk,01/15/2019
Chiny,Henri,Mannelijk,01/25/2019
Antwerpen,Franciscus,Mannelijk,01/27/2019
Oosterzele,Anneleen,Vrouwelijk,02/04/2019
Genk,Nikolaos,Mannelijk,01/27/2019
Weismes,Nancy,Vrouwelijk,01/27/2019
Oudenaarde,Sven,Mannelijk,02/09/2019
Maaseik,Noa,Vrouwelijk,01/22/2019
Bilzen,Daisy,Vrouwelijk,01/21/2019
Clavier,Mireille,Vrouwelijk,01/30/2019
Sivry-Rance,Pierre,Mannelijk,01/18/2019
Dendermonde,Marie,Vrouwelijk,01/23/2019
Spa,Françoise,Vrouwelijk,01/26/2019
Marche-en-Famenne,Véronique,Vrouwelijk,02/04/2019
Luik,Margaux,Vrouwelijk,01/31/2019
Moeskroen,Marie-Paule,Vrouwelijk,01/27/2019
De Haan,Delphine,Vrouwelijk,01/27/2019
Faimes,Stéphane,Mannelijk,01/24/2019
Genk,Yusuf,Mannelijk,01/26/2019
Herve,Gustave,Mannelijk,01/28/2019
Sint-Niklaas (Sint-Niklaas),Rachid,Mannelijk,01/31/2019
Vorst (Brussel-Hoofdstad),Mohammad,Mannelijk,01/23/2019
Brussel,Alpha,Mannelijk,01/28/2019
Meulebeke,Jordy,Mannelijk,01/21/2019
Waver,Cassandra,Vrouwelijk,01/23/2019
Antwerpen,Xander,Mannelijk,02/04/2019
Sint-Pieters-Woluwe,Christine,Vrouwelijk,01/30/2019
Quévy,Marie-Paule,Vrouwelijk,01/30/2019
Ferrières,Julien,Mannelijk,01/21/2019
Fosses-la-Ville,Sacha,Mannelijk,01/25/2019
Aat,Marie,Vrouwelijk,01/22/2019
Koksijde,Andrea,Vrouwelijk,02/04/2019
Vilvoorde,Laura,Vrouwelijk,01/26/2019
Gent,Amelie,Vrouwelijk,01/28/2019
Leopoldsburg,Mustafa,Mannelijk,02/13/2019
Binche,Emilie,Vrouwelijk,01/19/2019
Tubeke,Jules,Mannelijk,02/03/2019
Peer,Natalie,Vrouwelijk,01/17/2019
Ichtegem,Sven,Mannelijk,01/25/2019
Lokeren,Jan,Mannelijk,01/26/2019
Scherpenheuvel-Zichem,Guy,Mannelijk,01/15/2019
Haacht,Lotte,Vrouwelijk,01/31/2019
Evergem,Wesley,Mannelijk,01/26/2019
Tienen,Wouter,Mannelijk,01/22/2019
Brussel,Oumayma,Vrouwelijk,01/28/2019
Diksmuide,Leen,Vrouwelijk,01/20/2019
Wichelen,Hugo,Mannelijk,02/16/2019
Antwerpen,Ayten,Vrouwelijk,01/23/2019
Brugge,Fabienne,Vrouwelijk,01/26/2019
Saint-Nicolas (Luik),Luca,Mannelijk,01/26/2019
La Louvière,Dominique,Vrouwelijk,03/03/2019
