gemeente,naam,geslacht,verwachte datum
Brussel,Daniel,Mannelijk,01/26/2019
Sint-Jans-Molenbeek,Maria,Vrouwelijk,02/02/2019
Luik,Gaspare,Mannelijk,01/25/2019
La Louvière,Georgette,Vrouwelijk,01/30/2019
Hannuit,Frédéric,Mannelijk,02/17/2019
Edegem,Irma,Vrouwelijk,02/15/2019
Charleroi,Gisèle,Vrouwelijk,01/19/2019
Halen,Kristof,Mannelijk,01/24/2019
Ganshoren,Anas,Mannelijk,02/05/2019
Luik,Ibragim,Mannelijk,01/29/2019
Oud-Turnhout,Danny,Mannelijk,01/19/2019
Lokeren,Pieter,Mannelijk,01/21/2019
Luik,Beatriz,Vrouwelijk,02/05/2019
Kalmthout,Jozef,Mannelijk,02/19/2019
Mont-Saint-Guibert,Marie,Vrouwelijk,02/04/2019
Ieper,Gerda,Vrouwelijk,01/29/2019
Retie,Leon,Mannelijk,02/04/2019
Merelbeke,Stephan,Mannelijk,02/01/2019
Antwerpen,Rita,Vrouwelijk,01/31/2019
Nijlen,Maria,Vrouwelijk,01/31/2019
Maaseik,Kimberly,Vrouwelijk,02/11/2019
Doornik,Guillaume,Mannelijk,01/31/2019
Manage,Lena,Vrouwelijk,01/27/2019
Beringen,Patricia,Vrouwelijk,02/01/2019
Opwijk,Marie,Vrouwelijk,02/05/2019
Chiny,Guy,Mannelijk,02/01/2019
Brussel,Martine,Vrouwelijk,01/27/2019
Colfontaine,Mélanie,Vrouwelijk,02/21/2019
Bergen,Jacqueline,Vrouwelijk,02/03/2019
Heist-op-den-Berg,Lieve,Vrouwelijk,02/04/2019
Antwerpen,Francis,Mannelijk,01/29/2019
Antwerpen,Alexander,Mannelijk,01/26/2019
Ukkel,Latifa,Vrouwelijk,02/01/2019
Vielsalm,Jean-Paul,Mannelijk,01/29/2019
Essen,Joanna,Vrouwelijk,01/20/2019
Evergem,Marcel,Mannelijk,01/23/2019
Dessel,Herman,Mannelijk,01/23/2019
Fernelmont,Christophe,Mannelijk,02/13/2019
Zonnebeke,Joeri,Mannelijk,01/26/2019
Bastenaken,Martine,Vrouwelijk,01/23/2019
Sint-Gillis,Fatima,Vrouwelijk,01/27/2019
Aalter,Marc,Mannelijk,01/26/2019
Seraing,Estelle,Vrouwelijk,01/21/2019
Luik,Aïcha,Vrouwelijk,01/30/2019
Evergem,Angelique,Vrouwelijk,01/18/2019
Ingelmunster,Natascha,Vrouwelijk,01/25/2019
Sint-Niklaas (Sint-Niklaas),Dorien,Vrouwelijk,01/24/2019
Sint-Pieters-Leeuw,Viviane,Vrouwelijk,02/06/2019
Fléron,Jean,Mannelijk,01/25/2019
Bilzen,Giel,Mannelijk,01/26/2019
Diest,Vik,Mannelijk,01/28/2019
Charleroi,Mohammed,Mannelijk,01/30/2019
Turnhout,Dirk,Mannelijk,01/29/2019
Fleurus,Elena,Vrouwelijk,02/07/2019
Verviers,Adelina,Vrouwelijk,02/06/2019
Gent,Elfrida,Vrouwelijk,03/08/2019
Houthalen-Helchteren,Hicham,Mannelijk,02/01/2019
Peer,Jordy,Mannelijk,01/25/2019
Eupen,Bruno,Mannelijk,01/31/2019
Gent,Mira,Vrouwelijk,01/25/2019
Glabbeek,Jacqueline,Vrouwelijk,02/06/2019
Antwerpen,Kathleen,Vrouwelijk,01/26/2019
Boom,Gerarda,Vrouwelijk,02/04/2019
Leopoldsburg,Marie,Vrouwelijk,02/06/2019
Theux,Bruno,Mannelijk,02/02/2019
Wezembeek-Oppem,Ingrid,Vrouwelijk,01/29/2019
Sint-Jans-Molenbeek,Mohamed,Mannelijk,01/29/2019
Brugge,Nelly,Vrouwelijk,02/06/2019
Begijnendijk,Francine,Vrouwelijk,01/18/2019
Turnhout,Paula,Vrouwelijk,01/25/2019
Brecht,Silke,Vrouwelijk,02/15/2019
Ukkel,Denise,Vrouwelijk,02/01/2019
Luik,Sasha,Mannelijk,02/05/2019
Putte,Nadia,Vrouwelijk,02/01/2019
Luik,Laïla,Vrouwelijk,01/31/2019
Sivry-Rance,Jean,Mannelijk,01/29/2019
De Haan,Nathalie,Vrouwelijk,03/07/2019
Gembloux,Sébastien,Mannelijk,01/23/2019
Aarschot,Inneke,Vrouwelijk,01/25/2019
Sint-Niklaas (Sint-Niklaas),Loubna,Vrouwelijk,01/28/2019
Rotselaar,Christophe,Mannelijk,01/26/2019
Staden,Christophe,Mannelijk,01/30/2019
Stabroek,Gilbert,Mannelijk,01/20/2019
Scherpenheuvel-Zichem,Alain,Mannelijk,02/07/2019
Sint-Gillis,Béatrice,Vrouwelijk,02/09/2019
Antwerpen,Mamadou,Mannelijk,01/30/2019
Laakdal,Jolien,Vrouwelijk,01/30/2019
Wevelgem,Chloë,Vrouwelijk,01/28/2019
Seneffe,Jean-Marie,Mannelijk,02/01/2019
Schaarbeek,Tufan,Mannelijk,02/01/2019
Tongeren,Marie,Vrouwelijk,02/02/2019
Ieper,Arne,Mannelijk,01/27/2019
Eigenbrakel,Matthieu,Mannelijk,01/20/2019
Asse,Ana,Vrouwelijk,01/29/2019
Tongeren,Ivan,Mannelijk,01/21/2019
Luik,Anaé,Vrouwelijk,01/31/2019
Elsene,Hervé,Mannelijk,01/18/2019
Modave,Eric,Mannelijk,02/03/2019
Heist-op-den-Berg,Elien,Vrouwelijk,01/30/2019
Torhout,Lindsey,Vrouwelijk,01/26/2019
Zaventem,Geert,Mannelijk,01/24/2019
Antwerpen,Werner,Mannelijk,01/30/2019
Opzullik,Marie-Jeanne,Vrouwelijk,02/02/2019
Charleroi,Nimet,Vrouwelijk,02/01/2019
Rumst,Johan,Mannelijk,01/25/2019
Anderlecht,Cloé,Vrouwelijk,01/27/2019
Weismes,Georges,Mannelijk,02/03/2019
Binche,Sylviane,Vrouwelijk,02/01/2019
Tubeke,Ivan,Mannelijk,01/23/2019
Wachtebeke,Julie,Vrouwelijk,02/03/2019
Zele,Wim,Mannelijk,01/19/2019
Brussel,Vincent,Mannelijk,01/27/2019
Charleroi,Claire,Vrouwelijk,02/04/2019
Herentals,Joppe,Mannelijk,01/27/2019
Kapelle-op-den-Bos,Lodewijk,Mannelijk,02/04/2019
Puurs-Sint-Amands,Kristof,Mannelijk,01/26/2019
Willebroek,Lea,Vrouwelijk,02/04/2019
Wuustwezel,Roel,Mannelijk,01/20/2019
Gent,Rik,Mannelijk,01/29/2019
Dour,Bernadette,Vrouwelijk,02/07/2019
Ottignies-Louvain-la-Neuve,Marc,Mannelijk,01/28/2019
Schaarbeek,Ibrahim,Mannelijk,02/04/2019
Ukkel,Rose,Vrouwelijk,02/07/2019
Sint-Lievens-Houtem,Laurens,Mannelijk,01/18/2019
Chimay,Henri,Mannelijk,01/29/2019
Esneux,Jeanne,Vrouwelijk,01/27/2019
Zwalm,Franky,Mannelijk,01/18/2019
Anzegem,Gilbert,Mannelijk,01/25/2019
Aartselaar,Philomena,Vrouwelijk,01/23/2019
Rumst,Jan,Mannelijk,01/18/2019
Aalst (Aalst),Myriam,Vrouwelijk,01/30/2019
La Roche-en-Ardenne,Juliette,Vrouwelijk,01/23/2019
Oostende,Jean-Paul,Mannelijk,01/31/2019
Tubeke,Ricardo,Mannelijk,01/27/2019
Gent,Emrullah,Mannelijk,01/18/2019
Geel,Sabine,Vrouwelijk,02/11/2019
Zinnik,Denis,Mannelijk,01/27/2019
Verviers,Marguerite,Vrouwelijk,01/29/2019
Geraardsbergen,Stany,Mannelijk,01/26/2019
Lens,Mireille,Vrouwelijk,02/07/2019
’s Gravenbrakel,Alice,Vrouwelijk,01/20/2019
Leuven,Victor,Mannelijk,01/31/2019
Herstal,Chloé,Vrouwelijk,02/04/2019
Antwerpen,Cahit,Mannelijk,03/03/2019
Antwerpen,Daniela,Vrouwelijk,03/23/2019
Luik,Régine,Vrouwelijk,01/19/2019
Morlanwelz,Françoise,Vrouwelijk,02/02/2019
Zandhoven,Steve,Mannelijk,02/13/2019
Saint-Georges-sur-Meuse,Joëlle,Vrouwelijk,01/28/2019
Remicourt,René,Mannelijk,02/03/2019
Gent,Paul,Mannelijk,01/28/2019
Antwerpen,Bart,Mannelijk,01/22/2019
La Louvière,Georges,Mannelijk,01/29/2019
Scherpenheuvel-Zichem,Guido,Mannelijk,02/18/2019
Herselt,Monique,Vrouwelijk,01/24/2019
Ninove,Godelieve,Vrouwelijk,02/01/2019
Beveren (Sint-Niklaas),Wim,Mannelijk,01/28/2019
Merchtem,Wendy,Vrouwelijk,01/30/2019
Wemmel,Marc,Mannelijk,02/18/2019
Leuven,Vic,Mannelijk,01/26/2019
Saint-Nicolas (Luik),Pierre,Mannelijk,03/12/2019
Namen,Hélène,Vrouwelijk,02/03/2019
Bergen,Michaël,Mannelijk,03/07/2019
Profondeville,Victor,Mannelijk,02/05/2019
Sint-Niklaas (Sint-Niklaas),Arne,Mannelijk,02/03/2019
Sint-Jans-Molenbeek,Ferdinand,Mannelijk,01/24/2019
Maaseik,Anna,Vrouwelijk,02/19/2019
Putte,Mathilda,Vrouwelijk,02/27/2019
Menen,Anna,Vrouwelijk,02/03/2019
Brussel,Mohamed,Mannelijk,01/30/2019
Herk-de-Stad,Maria,Vrouwelijk,01/31/2019
Dison,Karima,Vrouwelijk,01/30/2019
Aalst (Aalst),Robert,Mannelijk,02/10/2019
Kampenhout,Chantal,Vrouwelijk,02/06/2019
Brussel,Matteo,Mannelijk,01/26/2019
Bergen,Gabriele,Mannelijk,01/30/2019
Sint-Niklaas (Sint-Niklaas),Tibo,Mannelijk,01/28/2019
Doornik,Régis,Mannelijk,01/27/2019
Herve,Monique,Vrouwelijk,02/04/2019
Verviers,Nathalie,Vrouwelijk,01/22/2019
Aubange,José,Mannelijk,02/12/2019
Leopoldsburg,Steve,Mannelijk,01/23/2019
Sint-Lambrechts-Woluwe,Victoria,Vrouwelijk,01/29/2019
Ukkel,Micheline,Vrouwelijk,01/29/2019
Namen,Joël,Mannelijk,01/20/2019
Antwerpen,Steven,Mannelijk,02/16/2019
Evergem,Rita,Vrouwelijk,01/26/2019
Lommel,Sophie,Vrouwelijk,01/25/2019
Sint-Jans-Molenbeek,Imane,Vrouwelijk,02/20/2019
Westerlo,Kristine,Vrouwelijk,01/29/2019
Somme-Leuze,Pascal,Mannelijk,01/18/2019
Elsene,Alexandra,Vrouwelijk,02/07/2019
Luik,Jérôme,Mannelijk,01/28/2019
Sombreffe,Gilles,Mannelijk,01/22/2019
Brussel,Amin,Mannelijk,01/28/2019
Lommel,Maria,Vrouwelijk,01/25/2019
Chapelle-lez-Herlaimont,Robert,Mannelijk,01/27/2019
Erpe-Mere,Lucie,Vrouwelijk,01/22/2019
Amay,Nina,Vrouwelijk,01/30/2019
Rotselaar,Ruben,Mannelijk,01/30/2019
Sint-Lievens-Houtem,Sigrid,Vrouwelijk,02/02/2019
Scherpenheuvel-Zichem,Edmond,Mannelijk,02/02/2019
Halle (Halle-Vilvoorde),Matthias,Mannelijk,02/19/2019
Ans,Axelle,Vrouwelijk,02/03/2019
Juprelle,Guillaume,Mannelijk,02/06/2019
Charleroi,Michel,Mannelijk,01/29/2019
Beersel,Kristel,Vrouwelijk,02/16/2019
Ottignies-Louvain-la-Neuve,Mohammed,Mannelijk,01/27/2019
Grâce-Hollogne,Pascal,Mannelijk,02/20/2019
Hemiksem,Nathalie,Vrouwelijk,01/25/2019
Wevelgem,Anita,Vrouwelijk,01/22/2019
Ciney,Laurent,Mannelijk,01/26/2019
Anderlecht,Salman,Mannelijk,02/06/2019
Jemeppe-sur-Sambre,Cassandra,Vrouwelijk,02/02/2019
Anderlecht,Angelina,Vrouwelijk,02/01/2019
Hamois,Lucas,Mannelijk,01/18/2019
Kapelle-op-den-Bos,Alain,Mannelijk,01/19/2019
Luik,Josiane,Vrouwelijk,01/28/2019
Aalst (Aalst),Daniella,Vrouwelijk,01/21/2019
Koekelberg,Elisabeth,Vrouwelijk,01/27/2019
Aalst (Aalst),Mohamed,Mannelijk,02/07/2019
Leuven,Irène,Vrouwelijk,02/07/2019
Kraainem,Jacques,Mannelijk,01/28/2019
Péruwelz,Luigi,Mannelijk,01/28/2019
Elsene,Yannick,Mannelijk,02/08/2019
Herselt,Gilbert,Mannelijk,01/31/2019
Bornem,Rita,Vrouwelijk,02/03/2019
Antwerpen,Caroline,Vrouwelijk,01/26/2019
Geel,Maria,Vrouwelijk,03/09/2019
Geraardsbergen,Robby,Mannelijk,02/02/2019
Herstal,Noah,Mannelijk,01/25/2019
Asse,Nancy,Vrouwelijk,02/03/2019
Brugge,Cecile,Vrouwelijk,01/26/2019
Antwerpen,Marc,Mannelijk,03/02/2019
Sint-Jans-Molenbeek,Abdeslam,Mannelijk,02/05/2019
Kuurne,Freddy,Mannelijk,03/24/2019
Maldegem,Giovanni,Mannelijk,01/31/2019
Grâce-Hollogne,Marie,Vrouwelijk,02/17/2019
Schaarbeek,Sevim,Vrouwelijk,01/19/2019
Waregem,Marnix,Mannelijk,02/01/2019
Kontich,Rita,Vrouwelijk,02/17/2019
Sint-Joost-ten-Node,Süleyman,Mannelijk,02/02/2019
Anderlecht,Kadir,Mannelijk,01/28/2019
Genk,Caroline,Vrouwelijk,01/25/2019
Herentals,Annelies,Vrouwelijk,01/26/2019
Roeselare,Shana,Vrouwelijk,01/29/2019
Malmedy,Bernard,Mannelijk,01/30/2019
Chaudfontaine,Antoine,Mannelijk,01/23/2019
Herzele,Roger,Mannelijk,01/18/2019
Etterbeek,Fabrizio,Mannelijk,01/28/2019
Hamme (Dendermonde),Maxime,Mannelijk,01/29/2019
Charleroi,Mario,Mannelijk,01/24/2019
Gent,Joeri,Mannelijk,01/30/2019
Mettet,Sandra,Vrouwelijk,01/21/2019
Bergen,Roméo,Mannelijk,02/02/2019
Wuustwezel,Tom,Mannelijk,02/04/2019
Pittem,Ann,Vrouwelijk,02/01/2019
Ganshoren,Danielle,Vrouwelijk,01/23/2019
Luik,Adriana,Vrouwelijk,01/28/2019
Lierde,Christa,Vrouwelijk,02/02/2019
Schaarbeek,Soliman,Mannelijk,02/01/2019
Zonhoven,Karel,Mannelijk,01/26/2019
Mol,Leo,Mannelijk,01/25/2019
Herselt,Sven,Mannelijk,02/02/2019
Riemst,Lena,Vrouwelijk,01/19/2019
Ukkel,Marek,Mannelijk,02/06/2019
Essen,Linda,Vrouwelijk,01/19/2019
Gavere,Jan,Mannelijk,01/28/2019
Ans,Mamadou,Mannelijk,01/22/2019
La Louvière,Claude,Mannelijk,01/21/2019
Antwerpen,Karol,Mannelijk,02/02/2019
Oudergem,Joël,Mannelijk,01/30/2019
Elsene,Henriette,Vrouwelijk,03/25/2019
Verviers,Claude,Mannelijk,01/19/2019
Ninove,Jenny,Vrouwelijk,02/02/2019
Sint-Truiden,Dries,Mannelijk,01/30/2019
Aubange,Teresa,Vrouwelijk,01/30/2019
Beernem,Jakob,Mannelijk,01/27/2019
Leuven,Kristof,Mannelijk,01/25/2019
Wetteren,Betty,Vrouwelijk,01/29/2019
Boussu,Sarah,Vrouwelijk,01/25/2019
Harelbeke,Wouter,Mannelijk,01/28/2019
Aywaille,Michel,Mannelijk,02/04/2019
Charleroi,Annie,Vrouwelijk,02/09/2019
Willebroek,Hans,Mannelijk,01/21/2019
Onhaye,Luc,Mannelijk,01/27/2019
Antwerpen,Liliane,Vrouwelijk,02/02/2019
Ternat,François,Mannelijk,02/01/2019
Herzele,Jo,Mannelijk,01/30/2019
Herselt,Marleen,Vrouwelijk,01/27/2019
Charleroi,Fatima,Vrouwelijk,01/30/2019
Gent,Rita,Vrouwelijk,01/25/2019
Liedekerke,Lisette,Vrouwelijk,01/30/2019
Middelkerke,Ronald,Mannelijk,02/03/2019
Geel,Luc,Mannelijk,01/19/2019
Sint-Pieters-Leeuw,Adam,Mannelijk,02/04/2019
Geraardsbergen,Krista,Vrouwelijk,02/02/2019
Evergem,Lieven,Mannelijk,01/18/2019
Steenokkerzeel,Jonathan,Mannelijk,01/18/2019
Bitsingen,William,Mannelijk,01/20/2019
Stekene,Liliane,Vrouwelijk,01/31/2019
Antwerpen,Mohamed,Mannelijk,01/26/2019
Machelen (Halle-Vilvoorde),Yousra,Vrouwelijk,02/03/2019
Aalter,Claudine,Vrouwelijk,01/29/2019
Lede,Freddy,Mannelijk,01/31/2019
Zedelgem,Ann,Vrouwelijk,02/05/2019
Duffel,Frans,Mannelijk,02/04/2019
Hoogstraten,Ludo,Mannelijk,02/03/2019
Ieper,Hilde,Vrouwelijk,02/11/2019
Antwerpen,Benjamin,Mannelijk,02/01/2019
Moeskroen,Marilyn,Vrouwelijk,01/20/2019
Anderlecht,Mélissa,Vrouwelijk,02/14/2019
