gemeente,naam,geslacht,verwachte datum
Ieper,Matthias,Mannelijk,05/14/2019
Luik,Marie-Eve,Vrouwelijk,05/14/2019
Begijnendijk,Mieke,Vrouwelijk,05/10/2019
Kortrijk,Mathis,Mannelijk,05/06/2019
Bergen,Maryse,Vrouwelijk,05/10/2019
Antwerpen,Marie-Louise,Vrouwelijk,04/28/2019
Courcelles,Héléna,Vrouwelijk,05/01/2019
Herstal,Cassandra,Vrouwelijk,05/09/2019
Sint-Gillis-Waas,Greta,Vrouwelijk,05/10/2019
Gent,Edwin,Mannelijk,04/30/2019
Aalst (Aalst),Maria,Vrouwelijk,05/26/2019
Ottignies-Louvain-la-Neuve,Jean,Mannelijk,05/10/2019
Boussu,Alain,Mannelijk,06/10/2019
Sprimont,Laurent,Mannelijk,05/14/2019
Walcourt,Nicolas,Mannelijk,05/11/2019
Moorslede,Claude,Mannelijk,05/23/2019
Opzullik,Etienne,Mannelijk,05/11/2019
Maasmechelen,Maarten,Mannelijk,05/05/2019
Wevelgem,Robin,Mannelijk,05/01/2019
Antwerpen,Miriam,Vrouwelijk,05/03/2019
Walhain,Didier,Mannelijk,04/29/2019
Oudsbergen,Mandy,Vrouwelijk,04/28/2019
Oud-Heverlee,Evelien,Vrouwelijk,05/29/2019
Zaventem,Viviane,Vrouwelijk,05/17/2019
Melle,Joke,Vrouwelijk,05/09/2019
Quaregnon,Eva,Vrouwelijk,05/05/2019
Turnhout,Sanne,Vrouwelijk,05/10/2019
Antwerpen,Johannes,Mannelijk,05/04/2019
Heist-op-den-Berg,Brent,Mannelijk,05/07/2019
Zottegem,Hendrik,Mannelijk,05/07/2019
Stavelot,Jocelyne,Vrouwelijk,05/01/2019
Begijnendijk,Nelly,Vrouwelijk,05/03/2019
Kruisem,Seppe,Mannelijk,05/11/2019
Marche-en-Famenne,Alain,Mannelijk,06/30/2019
Kalmthout,Guido,Mannelijk,05/29/2019
Sint-Joost-ten-Node,Adil,Mannelijk,05/03/2019
Anderlecht,Israe,Vrouwelijk,05/16/2019
Duffel,Bert,Mannelijk,05/06/2019
Pont-à-Celles,Rayan,Mannelijk,04/30/2019
Gistel,Lucien,Mannelijk,05/05/2019
Anderlecht,Muhammad,Mannelijk,04/29/2019
Luik,Frédéric,Mannelijk,04/30/2019
Couvin,Georges,Mannelijk,05/06/2019
Blegny,Pierre,Mannelijk,05/03/2019
Tienen,Luc,Mannelijk,05/24/2019
Ukkel,Nicole,Vrouwelijk,05/19/2019
Geel,Liesbeth,Vrouwelijk,05/29/2019
Herstal,Sandra,Vrouwelijk,05/10/2019
Sint-Truiden,André,Mannelijk,05/10/2019
Brussel,Mohamed,Mannelijk,05/16/2019
Herstal,Lara,Vrouwelijk,05/10/2019
Charleroi,Serge,Mannelijk,05/23/2019
Gent,Lieke,Vrouwelijk,05/16/2019
Charleroi,Fatima,Vrouwelijk,04/28/2019
Diepenbeek,Julia,Vrouwelijk,05/08/2019
Châtelet,Joëlle,Vrouwelijk,06/07/2019
Anderlecht,Cyrille,Mannelijk,05/19/2019
Bonheiden,Joannes,Mannelijk,05/10/2019
Torhout,Jozef,Mannelijk,04/30/2019
Zoersel,Sven,Mannelijk,05/01/2019
Zaventem,Fabienne,Vrouwelijk,04/30/2019
Herve,Samuel,Mannelijk,05/04/2019
Sint-Niklaas (Sint-Niklaas),Gabriël,Mannelijk,04/30/2019
Harelbeke,Said,Mannelijk,05/06/2019
Oudergem,Isabelle,Vrouwelijk,05/05/2019
Herstal,Bruno,Mannelijk,05/05/2019
Zwijndrecht,Laura,Vrouwelijk,05/27/2019
Diest,Rosa,Vrouwelijk,04/30/2019
Brugge,Els,Vrouwelijk,05/28/2019
Ranst,Maria,Vrouwelijk,05/09/2019
Sambreville,Josette,Vrouwelijk,05/20/2019
Namen,Cristian,Mannelijk,05/07/2019
Blegny,Francine,Vrouwelijk,05/14/2019
Marche-en-Famenne,Laurence,Vrouwelijk,05/03/2019
Namen,Bryan,Mannelijk,05/12/2019
Tongeren,Fabienne,Vrouwelijk,05/06/2019
Dendermonde,Clement,Mannelijk,05/06/2019
De Pinte,Daniël,Mannelijk,05/11/2019
Limburg,Jérôme,Mannelijk,05/09/2019
Eigenbrakel,Nathan,Mannelijk,05/09/2019
Vorst (Brussel-Hoofdstad),Khadija,Vrouwelijk,04/28/2019
Herzele,Ilse,Vrouwelijk,05/10/2019
Lanaken,Catharina,Vrouwelijk,05/14/2019
Sint-Lambrechts-Woluwe,Didier,Mannelijk,05/27/2019
Schaarbeek,Ali,Mannelijk,04/28/2019
Eigenbrakel,Karen,Vrouwelijk,05/02/2019
Dendermonde,Roger,Mannelijk,05/06/2019
Schilde,Patrick,Mannelijk,04/28/2019
Bernissart,Annick,Vrouwelijk,05/06/2019
Kruisem,Georgette,Vrouwelijk,05/15/2019
Ieper,Mario,Mannelijk,05/23/2019
Oupeye,Frédéric,Mannelijk,05/08/2019
Luik,Vladimir,Mannelijk,05/30/2019
Schaarbeek,Marguerite,Vrouwelijk,05/19/2019
Antwerpen,Haroon,Mannelijk,04/30/2019
Mechelen,Luna,Vrouwelijk,05/31/2019
Herzele,Lotte,Vrouwelijk,05/07/2019
Eigenbrakel,Emma,Vrouwelijk,05/14/2019
Antwerpen,Bayram,Mannelijk,05/04/2019
Antwerpen,Gyursel,Mannelijk,05/11/2019
Kalmthout,Gilles,Mannelijk,05/13/2019
Bredene,Arlette,Vrouwelijk,05/05/2019
Waregem,Wim,Mannelijk,05/06/2019
Kluisbergen,Kris,Mannelijk,05/06/2019
Harelbeke,Vicky,Vrouwelijk,05/07/2019
La Louvière,Jordan,Mannelijk,05/29/2019
Tielt (Tielt),Linda,Vrouwelijk,05/08/2019
Binche,Geneviève,Vrouwelijk,05/02/2019
Retie,Kim,Vrouwelijk,05/25/2019
Westerlo,Kristof,Mannelijk,05/09/2019
Heist-op-den-Berg,Rita,Vrouwelijk,05/28/2019
Poperinge,Wendy,Vrouwelijk,06/22/2019
Sint-Lambrechts-Woluwe,Suzanne,Vrouwelijk,05/09/2019
Antwerpen,Abdessadak,Mannelijk,05/08/2019
Lanaken,Charles,Mannelijk,05/06/2019
Kampenhout,Charles,Mannelijk,05/06/2019
Aat,Fabienne,Vrouwelijk,05/16/2019
Harelbeke,Isabelle,Vrouwelijk,05/05/2019
Oupeye,Emmanuelle,Vrouwelijk,04/27/2019
Nazareth,Hubert,Mannelijk,05/11/2019
Namen,Patricia,Vrouwelijk,05/12/2019
Zaventem,Jacqueline,Vrouwelijk,05/21/2019
Leuven,Veerle,Vrouwelijk,05/05/2019
Bornem,Lucas,Mannelijk,05/16/2019
Heusden-Zolder,Liesbeth,Vrouwelijk,05/05/2019
Jabbeke,Marc,Mannelijk,05/05/2019
Oudergem,Jacques,Mannelijk,05/10/2019
Amay,Brigitte,Vrouwelijk,06/23/2019
Antwerpen,Ekaterina,Vrouwelijk,04/28/2019
Bevekom,Jacques,Mannelijk,05/07/2019
Boom,Dina,Vrouwelijk,05/22/2019
Antwerpen,Kristiaan,Mannelijk,05/05/2019
Geel,Nathalie,Vrouwelijk,04/29/2019
Kinrooi,Josephina,Vrouwelijk,05/13/2019
Meise,Rudi,Mannelijk,05/09/2019
Sint-Jans-Molenbeek,Ioan,Mannelijk,05/12/2019
Sambreville,Francesca,Vrouwelijk,05/11/2019
Charleroi,Nathalie,Vrouwelijk,05/16/2019
De Pinte,Nadine,Vrouwelijk,05/08/2019
Engis,Carine,Vrouwelijk,04/29/2019
Houthulst,Brecht,Mannelijk,04/28/2019
Dilbeek,Erwin,Mannelijk,05/12/2019
Poperinge,Magdalena,Vrouwelijk,05/05/2019
Seraing,Isabelle,Vrouwelijk,05/12/2019
Anderlecht,Andrée,Vrouwelijk,05/04/2019
Jette,Adam,Mannelijk,05/05/2019
Wanze,Marie,Vrouwelijk,05/25/2019
Brugge,James,Mannelijk,05/15/2019
Brakel,Joséane,Vrouwelijk,05/12/2019
Middelkerke,Lorenzo,Mannelijk,05/04/2019
Pelt,Hilde,Vrouwelijk,05/07/2019
Lier,Wouter,Mannelijk,05/14/2019
Hasselt,Stef,Mannelijk,05/03/2019
Zottegem,Anny,Vrouwelijk,04/28/2019
Brakel,Marleen,Vrouwelijk,05/10/2019
Maldegem,Kim,Vrouwelijk,05/10/2019
Machelen (Halle-Vilvoorde),Gabriella,Vrouwelijk,05/07/2019
Charleroi,Delia,Vrouwelijk,05/11/2019
Beringen,Larissa,Vrouwelijk,04/27/2019
Comblain-au-Pont,Didier,Mannelijk,05/09/2019
Havelange,Hugo,Mannelijk,05/10/2019
Lier,Valérie,Vrouwelijk,05/08/2019
Lontzen,Benoît,Mannelijk,05/23/2019
Beveren (Sint-Niklaas),Michiel,Mannelijk,05/12/2019
Hannuit,Anne,Vrouwelijk,05/11/2019
Tervuren,Jean,Mannelijk,05/11/2019
Lanaken,Roger,Mannelijk,04/29/2019
Halle (Halle-Vilvoorde),Joeri,Mannelijk,05/01/2019
Jette,Thomas,Mannelijk,05/04/2019
Aalst (Aalst),Gino,Mannelijk,05/05/2019
Bertem,Lotte,Vrouwelijk,05/11/2019
Fleurus,Damien,Mannelijk,05/01/2019
Zwijndrecht,Maria,Vrouwelijk,05/14/2019
Evere,Nicolas,Mannelijk,05/10/2019
Brugge,Lieven,Mannelijk,05/04/2019
Genk,Luc,Mannelijk,05/03/2019
Sint-Niklaas (Sint-Niklaas),Nassim,Mannelijk,05/14/2019
Beveren (Sint-Niklaas),Chloë,Vrouwelijk,05/06/2019
Gent,Radostin,Mannelijk,05/07/2019
Eupen,Oscar,Mannelijk,05/04/2019
Fléron,Chantal,Vrouwelijk,05/04/2019
Evergem,Katty,Vrouwelijk,05/04/2019
Kraainem,Astrid,Vrouwelijk,05/08/2019
Leuven,Oscar,Mannelijk,05/03/2019
Brussel,Bouchra,Vrouwelijk,05/11/2019
Seraing,Vincenzo,Mannelijk,05/06/2019
Zwevegem,Martijn,Mannelijk,06/23/2019
Juprelle,Laura,Vrouwelijk,05/20/2019
Oostende,Steve,Mannelijk,05/09/2019
Opzullik,Maud,Vrouwelijk,05/08/2019
Menen,Tania,Vrouwelijk,04/29/2019
Sint-Truiden,Christiane,Vrouwelijk,05/06/2019
Zonnebeke,Shana,Vrouwelijk,05/15/2019
Schaarbeek,Makbule,Vrouwelijk,05/31/2019
Verviers,Alain,Mannelijk,04/29/2019
La Louvière,Michel,Mannelijk,05/14/2019
Dinant,Carine,Vrouwelijk,05/14/2019
Nijvel,Nicolas,Mannelijk,05/08/2019
Evergem,Koen,Mannelijk,05/03/2019
Antwerpen,Godelieve,Vrouwelijk,05/12/2019
Willebroek,Zayd,Mannelijk,05/06/2019
Mol,An,Vrouwelijk,05/01/2019
Zutendaal,Luc,Mannelijk,05/21/2019
Bergen,Patrick,Mannelijk,05/09/2019
Luik,Habiba,Vrouwelijk,05/05/2019
Diest,Mohamed,Mannelijk,05/13/2019
Zutendaal,Elke,Vrouwelijk,05/30/2019
Sint-Genesius-Rode,Joanna,Vrouwelijk,05/07/2019
Aarlen,Benjamin,Mannelijk,05/06/2019
Wervik,Laura,Vrouwelijk,05/13/2019
Brugge,Charlotte,Vrouwelijk,05/26/2019
Dessel,Dirk,Mannelijk,04/30/2019
Sint-Niklaas (Sint-Niklaas),Patrick,Mannelijk,05/05/2019
Bouillon,Bernard,Mannelijk,05/07/2019
Aartselaar,Emiel,Mannelijk,04/29/2019
Zonhoven,Gabrielle,Vrouwelijk,05/07/2019
Seraing,Rosalia,Vrouwelijk,04/30/2019
Antwerpen,Nico,Mannelijk,04/28/2019
Asse,Annita,Vrouwelijk,05/12/2019
Manage,Loredana,Vrouwelijk,04/30/2019
Antwerpen,Mustapha,Mannelijk,05/09/2019
Herstal,René,Mannelijk,04/29/2019
Assenede,Wendy,Vrouwelijk,05/14/2019
Lier,Julie,Vrouwelijk,05/15/2019
Seraing,Islam,Mannelijk,05/12/2019
Nieuwpoort,Jacques,Mannelijk,05/08/2019
Schaarbeek,Emir,Mannelijk,05/10/2019
Thuin,Benjamin,Mannelijk,05/14/2019
Mechelen,Joseph,Mannelijk,05/17/2019
Wevelgem,Thibe,Mannelijk,05/11/2019
Grimbergen,Werner,Mannelijk,04/28/2019
Antwerpen,Ferhat,Mannelijk,05/09/2019
Kraainem,Gerard,Mannelijk,05/06/2019
Chimay,Charles,Mannelijk,05/16/2019
Meerhout,Jacqueline,Vrouwelijk,05/06/2019
Saint-Léger (Virton),Séverine,Vrouwelijk,05/13/2019
Tienen,Ivan,Mannelijk,05/16/2019
Wielsbeke,Jolien,Vrouwelijk,05/07/2019
Tienen,Mihai,Mannelijk,04/28/2019
Wervik,Albert,Mannelijk,05/14/2019
Rixensart,Bertrand,Mannelijk,05/07/2019
Wommelgem,Georges,Mannelijk,05/11/2019
Verviers,Richard,Mannelijk,05/14/2019
Andenne,Anny,Vrouwelijk,05/06/2019
Turnhout,Marc,Mannelijk,04/27/2019
Zaventem,Gauthier,Mannelijk,05/23/2019
Beerse,Maria,Vrouwelijk,05/28/2019
Grâce-Hollogne,Carmelo,Mannelijk,05/02/2019
Charleroi,Jacques,Mannelijk,05/04/2019
Boom,Hans,Mannelijk,04/27/2019
Anderlecht,Mourad,Mannelijk,05/18/2019
Balen,Wendy,Vrouwelijk,05/14/2019
Sint-Laureins,Marijke,Vrouwelijk,05/08/2019
Oostkamp,Michel,Mannelijk,05/13/2019
Harelbeke,Martine,Vrouwelijk,04/29/2019
Antwerpen,Nele,Vrouwelijk,05/20/2019
Ninove,Jo,Mannelijk,05/09/2019
Leuven,Andres,Mannelijk,05/21/2019
Charleroi,Marie-Thérèse,Vrouwelijk,05/23/2019
Ravels,Monique,Vrouwelijk,05/23/2019
Deerlijk,Bjorn,Mannelijk,05/17/2019
Awans,Anthony,Mannelijk,05/23/2019
Langemark-Poelkapelle,Daniel,Mannelijk,06/13/2019
Kontich,Ria,Vrouwelijk,05/12/2019
Maldegem,Alexander,Mannelijk,05/12/2019
Asse,Fien,Vrouwelijk,05/13/2019
Courcelles,Agnès,Vrouwelijk,05/26/2019
Anderlecht,Afnane,Vrouwelijk,05/05/2019
Doornik,Joël,Mannelijk,05/01/2019
Jette,Sarah,Vrouwelijk,05/06/2019
Doornik,Xavier,Mannelijk,05/12/2019
Landen,Malika,Vrouwelijk,04/28/2019
Antoing,Jeremy,Mannelijk,05/04/2019
Sint-Gillis-Waas,Karel,Mannelijk,05/31/2019
Morlanwelz,Léa,Vrouwelijk,06/29/2019
Lokeren,Dirk,Mannelijk,05/04/2019
Denderleeuw,Murielle,Vrouwelijk,04/29/2019
Lier,Louis,Mannelijk,05/04/2019
Gembloux,François,Mannelijk,05/02/2019
Fexhe-le-Haut-Clocher,Jean-Marc,Mannelijk,04/29/2019
Westerlo,Ria,Vrouwelijk,05/09/2019
Brecht,Anne,Vrouwelijk,05/16/2019
Antwerpen,Anneleen,Vrouwelijk,05/26/2019
Bilzen,Noëlla,Vrouwelijk,05/01/2019
Ans,Philippe,Mannelijk,05/04/2019
Waterloo,Sandrine,Vrouwelijk,05/15/2019
Schaarbeek,Sükrü,Mannelijk,05/04/2019
Wezet,Thierry,Mannelijk,04/30/2019
Luik,Benoit,Mannelijk,06/06/2019
Kalmthout,Anne,Vrouwelijk,05/10/2019
Antwerpen,Stephen,Mannelijk,05/14/2019
Antwerpen,Abdellah,Mannelijk,05/16/2019
Andenne,Guy,Mannelijk,05/19/2019
Boussu,David,Mannelijk,05/04/2019
Essen,Hilde,Vrouwelijk,05/24/2019
Charleroi,Martine,Vrouwelijk,05/28/2019
Antwerpen,Jan,Mannelijk,04/27/2019
Kortenaken,Martin,Mannelijk,05/26/2019
Kortemark,Jean-Pierre,Mannelijk,05/03/2019
Wingene,Wim,Mannelijk,05/08/2019
Kortrijk,Wim,Mannelijk,05/08/2019
Leuven,Marte,Vrouwelijk,05/16/2019
Antwerpen,Karel,Mannelijk,05/08/2019
Begijnendijk,Ilse,Vrouwelijk,05/06/2019
Nieuwerkerken (Hasselt),Paula,Vrouwelijk,05/09/2019
Middelkerke,Jeannine,Vrouwelijk,05/13/2019
Vaux-sur-Sûre,Sandrine,Vrouwelijk,04/27/2019
Messancy,Erika,Vrouwelijk,04/27/2019
Heist-op-den-Berg,Johan,Mannelijk,05/02/2019
Edegem,Axel,Mannelijk,05/14/2019
Aiseau-Presles,Thierry,Mannelijk,05/20/2019
Gent,Marina,Vrouwelijk,05/10/2019
Moeskroen,Denise,Vrouwelijk,04/27/2019
Marche-en-Famenne,Paul,Mannelijk,04/28/2019
Brasschaat,Pierre,Mannelijk,04/28/2019
Bouillon,Charles,Mannelijk,05/08/2019
Machelen (Halle-Vilvoorde),Valbone,Vrouwelijk,04/28/2019
Sint-Jans-Molenbeek,Latifa,Vrouwelijk,05/11/2019
Aalst (Aalst),Christiane,Vrouwelijk,05/17/2019
Sint-Jans-Molenbeek,Maëlys,Vrouwelijk,04/30/2019
Namen,Maria,Vrouwelijk,04/30/2019
Overijse,Jonathan,Mannelijk,05/05/2019
Turnhout,Greta,Vrouwelijk,06/26/2019
Charleroi,Jacqueline,Vrouwelijk,05/12/2019
Geraardsbergen,Johnny,Mannelijk,05/10/2019
Doornik,Edouard,Mannelijk,05/12/2019
Beerse,Jozef,Mannelijk,05/05/2019
Blegny,Monique,Vrouwelijk,05/14/2019
Sint-Joost-ten-Node,John,Mannelijk,04/28/2019
Namen,Antoine,Mannelijk,05/08/2019
Roeselare,Erna,Vrouwelijk,05/09/2019
Grâce-Hollogne,Marc,Mannelijk,05/17/2019
Namen,Abdelkader,Mannelijk,05/08/2019
Blankenberge,Tim,Mannelijk,05/04/2019
Kapellen (Antwerpen),Cédric,Mannelijk,05/05/2019
Edegem,Christophe,Mannelijk,05/04/2019
Ninove,Nicole,Vrouwelijk,05/16/2019
Plombières,Ralf,Mannelijk,05/08/2019
