gemeente,naam,geslacht,verwachte datum
Antwerpen,Pierre,Mannelijk,09/10/2019
Charleroi,Jason,Mannelijk,09/04/2019
Antwerpen,Emine,Vrouwelijk,09/12/2019
Beveren (Sint-Niklaas),Isidoor,Mannelijk,09/16/2019
Oosterzele,John,Mannelijk,09/05/2019
Beveren (Sint-Niklaas),Ignace,Mannelijk,08/27/2019
Ukkel,Clarisse,Vrouwelijk,09/15/2019
Leuven,Griet,Vrouwelijk,09/02/2019
Rumst,Lina,Vrouwelijk,08/30/2019
Momignies,Mathilde,Vrouwelijk,09/13/2019
Tremelo,Joke,Vrouwelijk,10/31/2019
Gent,Süheyla,Vrouwelijk,09/22/2019
Zwijndrecht,Tom,Mannelijk,09/09/2019
As,Yvonne,Vrouwelijk,09/03/2019
Leuven,Evy,Vrouwelijk,09/05/2019
Beveren (Sint-Niklaas),Francine,Vrouwelijk,08/31/2019
Brakel,Caroline,Vrouwelijk,08/27/2019
Antwerpen,Oussama,Mannelijk,09/11/2019
Ukkel,Amaury,Mannelijk,08/31/2019
Mechelen,Clémence,Vrouwelijk,09/16/2019
Lede,Senne,Mannelijk,08/31/2019
Heusden-Zolder,Lore,Vrouwelijk,09/12/2019
Anderlecht,Najim,Mannelijk,09/10/2019
Brasschaat,Karine,Vrouwelijk,09/24/2019
Maasmechelen,An,Vrouwelijk,08/27/2019
Gent,Kenny,Mannelijk,09/13/2019
Aat,Bryan,Mannelijk,09/12/2019
Braives,Alain,Mannelijk,09/07/2019
Kasterlee,Louise,Vrouwelijk,09/06/2019
Sint-Niklaas (Sint-Niklaas),Wendy,Vrouwelijk,09/05/2019
Frasnes-lez-Anvaing,Richard,Mannelijk,09/12/2019
Mechelen,Adil,Mannelijk,09/10/2019
Elsene,Fatma,Vrouwelijk,09/06/2019
Doornik,Juliana,Vrouwelijk,09/01/2019
Bree,Jacobus,Mannelijk,09/24/2019
Denderleeuw,Eline,Vrouwelijk,09/16/2019
Beringen,Jana,Vrouwelijk,09/11/2019
Seraing,Ali,Mannelijk,09/01/2019
Koekelberg,Michelle,Vrouwelijk,09/09/2019
Antwerpen,Joanna,Vrouwelijk,09/25/2019
Flémalle,Sean,Mannelijk,09/05/2019
Antwerpen,Taner,Mannelijk,09/29/2019
Assenede,Roger,Mannelijk,09/03/2019
Hasselt,Marc,Mannelijk,09/10/2019
Oudergem,Caroline,Vrouwelijk,09/15/2019
Herenthout,Thomas,Mannelijk,09/11/2019
Flémalle,Alain,Mannelijk,09/09/2019
Kapelle-op-den-Bos,Daisy,Vrouwelijk,10/12/2019
Couvin,Martine,Vrouwelijk,09/05/2019
Beveren (Sint-Niklaas),Maria,Vrouwelijk,09/09/2019
Dendermonde,Martine,Vrouwelijk,09/12/2019
Flémalle,Philippe,Mannelijk,08/31/2019
Jabbeke,Ludwina,Vrouwelijk,09/06/2019
Maaseik,Vanessa,Vrouwelijk,09/29/2019
Bergen,Julie,Vrouwelijk,09/24/2019
Lennik,Kathleen,Vrouwelijk,09/06/2019
Ukkel,Matilda,Vrouwelijk,09/13/2019
Stekene,Carmen,Vrouwelijk,09/29/2019
Antwerpen,Marcus,Mannelijk,09/03/2019
Antwerpen,Christine,Vrouwelijk,09/02/2019
Donceel,Marie,Vrouwelijk,09/19/2019
Houffalize,Rose,Vrouwelijk,09/03/2019
Sint-Joost-ten-Node,Amine,Mannelijk,09/08/2019
Leuven,Luca,Mannelijk,09/08/2019
Hasselt,Nicole,Vrouwelijk,09/04/2019
Namen,Serge,Mannelijk,09/05/2019
Vielsalm,John,Mannelijk,09/15/2019
Houthulst,Kobe,Mannelijk,09/16/2019
Namen,Nicolas,Mannelijk,09/09/2019
Oudergem,Charlotte,Vrouwelijk,09/27/2019
Aalst (Aalst),Jonathan,Mannelijk,09/17/2019
Roeselare,Davy,Mannelijk,09/08/2019
Rumst,Kenneth,Mannelijk,09/11/2019
Bonheiden,Victor,Mannelijk,08/31/2019
Brugge,Susanne,Vrouwelijk,09/10/2019
Zaventem,Mohammad,Mannelijk,09/08/2019
Menen,Tom,Mannelijk,09/09/2019
Nieuwerkerken (Hasselt),Siebe,Mannelijk,09/08/2019
Vorst (Brussel-Hoofdstad),Amir,Mannelijk,09/14/2019
Luik,Monique,Vrouwelijk,09/07/2019
Mol,Jacques,Mannelijk,09/05/2019
Hasselt,Rudi,Mannelijk,09/01/2019
Antwerpen,Bart,Mannelijk,09/07/2019
Lommel,Robbe,Mannelijk,09/05/2019
Flémalle,René,Mannelijk,09/05/2019
Tongeren,Christina,Vrouwelijk,09/05/2019
Blegny,Yvette,Vrouwelijk,09/10/2019
Antwerpen,Joseph,Mannelijk,09/07/2019
Gembloux,Jessica,Vrouwelijk,08/28/2019
Boortmeerbeek,Daniel,Mannelijk,09/12/2019
Morlanwelz,Sandra,Vrouwelijk,09/02/2019
Charleroi,Jacqueline,Vrouwelijk,09/05/2019
Willebroek,Ellen,Vrouwelijk,09/07/2019
Marchin,Patrice,Mannelijk,09/09/2019
Vilvoorde,Adil,Mannelijk,09/06/2019
Retie,Elisabeth,Vrouwelijk,09/07/2019
Ronse,Petra,Vrouwelijk,09/14/2019
Bevekom,Christine,Vrouwelijk,09/09/2019
Diest,Stijn,Mannelijk,09/21/2019
Trooz,Louis,Mannelijk,09/02/2019
Ham-sur-Heure-Nalinnes,Ethan,Mannelijk,09/21/2019
Damme,Sien,Vrouwelijk,09/03/2019
Neupré,Antoine,Mannelijk,09/09/2019
Pont-à-Celles,Cédric,Mannelijk,09/04/2019
Chaudfontaine,Evelyne,Vrouwelijk,09/14/2019
Edegem,Roger,Mannelijk,08/31/2019
Beauraing,Françoise,Vrouwelijk,09/07/2019
Charleroi,Béatrice,Vrouwelijk,09/17/2019
Florennes,Cathy,Vrouwelijk,09/07/2019
Grâce-Hollogne,Rosa,Vrouwelijk,09/26/2019
Sint-Truiden,Myriam,Vrouwelijk,09/02/2019
Charleroi,Nathalie,Vrouwelijk,09/08/2019
Knokke-Heist,Emma,Vrouwelijk,09/15/2019
Sint-Lambrechts-Woluwe,François,Mannelijk,09/16/2019
Melle,Filip,Mannelijk,08/28/2019
Beveren (Sint-Niklaas),Steven,Mannelijk,09/11/2019
Leuven,Jan,Mannelijk,09/03/2019
Profondeville,Alain,Mannelijk,09/03/2019
Antwerpen,Maria,Vrouwelijk,09/12/2019
Kruibeke,Jennifer,Vrouwelijk,09/02/2019
Charleroi,Michaël,Mannelijk,10/05/2019
Sint-Jans-Molenbeek,Mohammed,Mannelijk,09/07/2019
Ans,Rosa,Vrouwelijk,09/06/2019
Jette,Didier,Mannelijk,08/31/2019
Bree,Johnny,Mannelijk,09/11/2019
Dour,Anne,Vrouwelijk,09/03/2019
De Haan,Jean,Mannelijk,09/08/2019
Schaarbeek,Martina,Vrouwelijk,09/15/2019
Vielsalm,Sylvia,Vrouwelijk,09/04/2019
Luik,Michèle,Vrouwelijk,08/29/2019
Kortemark,Nele,Vrouwelijk,09/01/2019
Aarlen,Michèle,Vrouwelijk,09/28/2019
Aartselaar,Corneel,Mannelijk,09/04/2019
Maaseik,Sandy,Vrouwelijk,09/24/2019
Geel,Frans,Mannelijk,09/06/2019
Evere,Brahim,Mannelijk,09/19/2019
Péruwelz,Romain,Mannelijk,09/16/2019
Saint-Nicolas (Luik),Nicolas,Mannelijk,08/27/2019
Elsene,Magdalena,Vrouwelijk,09/12/2019
Sint-Pieters-Woluwe,Geneviève,Vrouwelijk,09/02/2019
Aat,Tania,Vrouwelijk,09/07/2019
Pont-à-Celles,Christelle,Vrouwelijk,09/01/2019
Antwerpen,Elise,Vrouwelijk,08/27/2019
Sint-Gillis-Waas,Evelien,Vrouwelijk,09/05/2019
Eigenbrakel,Lilia,Vrouwelijk,09/29/2019
Koksijde,Lucienne,Vrouwelijk,09/15/2019
Hamme (Dendermonde),Roger,Mannelijk,09/11/2019
Genk,Sabina,Vrouwelijk,09/13/2019
Sint-Agatha-Berchem,Oumayma,Vrouwelijk,09/08/2019
Malmedy,Marie-Louise,Vrouwelijk,09/24/2019
Rochefort,Bryan,Mannelijk,09/07/2019
Binche,Stefano,Mannelijk,08/30/2019
Flémalle,Virginie,Vrouwelijk,09/20/2019
Ans,Nicole,Vrouwelijk,09/07/2019
Waver,Nelly,Vrouwelijk,09/01/2019
Terhulpen,Hugo,Mannelijk,09/07/2019
Putte,Tom,Mannelijk,09/16/2019
Mechelen,Klara,Vrouwelijk,09/04/2019
Sint-Niklaas (Sint-Niklaas),Britt,Vrouwelijk,09/04/2019
Dilbeek,Lucie,Vrouwelijk,08/31/2019
Jette,Laurence,Vrouwelijk,09/09/2019
Verviers,Marine,Vrouwelijk,08/28/2019
Opzullik,Danielle,Vrouwelijk,09/08/2019
Gent,Rahma,Vrouwelijk,09/11/2019
Walcourt,Mathys,Mannelijk,08/29/2019
Waasmunster,Maxime,Mannelijk,09/15/2019
Pepinster,Manon,Vrouwelijk,09/15/2019
Evere,Ana,Vrouwelijk,09/06/2019
Lanaken,Cornelia,Vrouwelijk,09/28/2019
Brasschaat,Patricia,Vrouwelijk,09/03/2019
Begijnendijk,Tamara,Vrouwelijk,09/09/2019
Zedelgem,Michel,Mannelijk,09/05/2019
Beersel,Myriam,Vrouwelijk,08/28/2019
Nazareth,Patrick,Mannelijk,09/06/2019
Middelkerke,Joeri,Mannelijk,09/18/2019
Seraing,Silvana,Vrouwelijk,08/30/2019
Kontich,Yves,Mannelijk,09/12/2019
Bergen,Fabio,Mannelijk,09/02/2019
Bergen,Jeannette,Vrouwelijk,09/14/2019
Ans,Fanny,Vrouwelijk,09/04/2019
Wanze,Lucas,Mannelijk,09/07/2019
Vorst (Brussel-Hoofdstad),Gisèle,Vrouwelijk,09/05/2019
Heers,Stefan,Mannelijk,08/27/2019
Lebbeke,Paul,Mannelijk,09/07/2019
Gent,Anuschka,Vrouwelijk,09/08/2019
Zottegem,Ronny,Mannelijk,08/28/2019
Hasselt,Danny,Mannelijk,11/01/2019
Boom,Richard,Mannelijk,09/05/2019
Chapelle-lez-Herlaimont,Anthony,Mannelijk,09/07/2019
Antwerpen,Mozes,Mannelijk,09/25/2019
Fléron,Jean,Mannelijk,09/01/2019
Middelkerke,Jean-Paul,Mannelijk,08/29/2019
Maldegem,Brigitta,Vrouwelijk,09/03/2019
Sint-Jans-Molenbeek,Florence,Vrouwelijk,09/08/2019
Putte,Agnes,Vrouwelijk,09/07/2019
Brugge,Sabine,Vrouwelijk,08/29/2019
Kontich,Christiane,Vrouwelijk,09/11/2019
Neufchâteau (Neufchâteau),Dimitri,Mannelijk,09/13/2019
Doornik,Rudy,Mannelijk,09/12/2019
Chiny,Etienne,Mannelijk,09/07/2019
Sint-Niklaas (Sint-Niklaas),Hendrik,Mannelijk,09/11/2019
Wervik,Claudine,Vrouwelijk,09/02/2019
Denderleeuw,Alice,Vrouwelijk,09/14/2019
Kortenaken,Paula,Vrouwelijk,09/06/2019
Sint-Niklaas (Sint-Niklaas),Eric,Mannelijk,09/04/2019
Willebroek,Alfons,Mannelijk,09/03/2019
’s Gravenbrakel,Brigitte,Vrouwelijk,09/03/2019
Thuin,Arthur,Mannelijk,09/13/2019
Geel,Elisabetha,Vrouwelijk,09/07/2019
Ciney,Jessica,Vrouwelijk,08/27/2019
Berloz,Patricia,Vrouwelijk,08/30/2019
Heist-op-den-Berg,Jeroen,Mannelijk,09/07/2019
Verviers,Lisa,Vrouwelijk,09/06/2019
Beringen,Magdalena,Vrouwelijk,09/06/2019
Geel,Mart,Vrouwelijk,09/03/2019
Libramont-Chevigny,Martine,Vrouwelijk,09/06/2019
Sint-Agatha-Berchem,Iulian,Mannelijk,09/03/2019
Gembloux,Tom,Mannelijk,09/08/2019
Antwerpen,Ricardo,Mannelijk,09/06/2019
Erquelinnes,Jason,Mannelijk,09/08/2019
Dilsen-Stokkem,Rachid,Mannelijk,09/09/2019
Maaseik,Maria,Vrouwelijk,09/10/2019
Opwijk,Inge,Vrouwelijk,09/04/2019
Beernem,Christiane,Vrouwelijk,09/14/2019
Sint-Gillis-Waas,Pieter,Mannelijk,09/06/2019
Brussel,Naïma,Vrouwelijk,09/09/2019
Rumst,Carla,Vrouwelijk,09/09/2019
Lokeren,Elza,Vrouwelijk,09/01/2019
Couvin,Pascal,Mannelijk,09/02/2019
Hasselt,Brecht,Mannelijk,09/24/2019
Haacht,Nick,Mannelijk,09/15/2019
Sint-Pieters-Woluwe,Elena,Vrouwelijk,09/13/2019
Lendelede,Monique,Vrouwelijk,09/01/2019
Luik,Fabrice,Mannelijk,09/09/2019
Balen,Lucas,Mannelijk,09/04/2019
Sint-Niklaas (Sint-Niklaas),Albertus,Mannelijk,08/28/2019
Sambreville,Jean,Mannelijk,09/17/2019
Fléron,Lucie,Vrouwelijk,09/10/2019
Herenthout,Sandra,Vrouwelijk,09/03/2019
Luik,Cécilia,Vrouwelijk,09/07/2019
Sambreville,Yvette,Vrouwelijk,09/02/2019
Izegem,Christiaan,Mannelijk,09/05/2019
Rotselaar,Kristof,Mannelijk,09/04/2019
Brecht,Julie,Vrouwelijk,09/10/2019
Brussel,Rosa,Vrouwelijk,09/05/2019
Zonhoven,Mara,Vrouwelijk,09/23/2019
Geldenaken,Renaud,Mannelijk,09/13/2019
Antwerpen,Vinz,Mannelijk,09/28/2019
La Bruyère,David,Mannelijk,09/20/2019
Beringen,Lea,Vrouwelijk,09/04/2019
Mechelen,Adam,Mannelijk,09/08/2019
Herent,Odette,Vrouwelijk,09/11/2019
Sint-Truiden,Jacques,Mannelijk,09/08/2019
Seraing,Carlo,Mannelijk,09/03/2019
Gent,Mariam,Vrouwelijk,09/09/2019
Stekene,Paul,Mannelijk,09/08/2019
Kortemark,Joost,Mannelijk,09/05/2019
Antwerpen,Dante,Mannelijk,09/11/2019
Moorslede,Louise,Vrouwelijk,08/27/2019
Watermaal-Bosvoorde,Samuel,Mannelijk,09/12/2019
Antwerpen,Jordy,Mannelijk,09/30/2019
La Louvière,Philippe,Mannelijk,09/13/2019
Grimbergen,Hilde,Vrouwelijk,09/05/2019
Brugge,Eddy,Mannelijk,09/05/2019
Zoersel,Adriana,Vrouwelijk,08/28/2019
Gent,Suzan,Vrouwelijk,09/08/2019
Antwerpen,Maaike,Vrouwelijk,09/08/2019
Kontich,Arthur,Mannelijk,09/09/2019
Wemmel,Pascal,Mannelijk,09/05/2019
Zottegem,Sylvia,Vrouwelijk,09/22/2019
La Louvière,Simon,Mannelijk,09/06/2019
Jette,Laura,Vrouwelijk,09/07/2019
Chaudfontaine,Vincent,Mannelijk,09/03/2019
Puurs-Sint-Amands,Wannes,Mannelijk,08/28/2019
Peer,An-Sofie,Vrouwelijk,09/03/2019
Verviers,Loris,Mannelijk,09/30/2019
Lokeren,Miraç,Mannelijk,09/07/2019
Antwerpen,Saliha,Vrouwelijk,09/09/2019
Antwerpen,Carina,Vrouwelijk,09/14/2019
Dilsen-Stokkem,Chantal,Vrouwelijk,09/09/2019
Diest,Johan,Mannelijk,09/12/2019
Sint-Lievens-Houtem,Philip,Mannelijk,09/03/2019
Oudenaarde,Sven,Mannelijk,09/11/2019
Aarlen,François,Mannelijk,09/23/2019
Vilvoorde,Ramona,Vrouwelijk,09/28/2019
Aartselaar,Xander,Mannelijk,09/06/2019
Sint-Niklaas (Sint-Niklaas),Lena,Vrouwelijk,09/20/2019
Luik,El,Mannelijk,09/05/2019
Herenthout,Ann,Vrouwelijk,09/04/2019
Courcelles,Marcel,Mannelijk,09/13/2019
Antwerpen,Keltoum,Vrouwelijk,09/04/2019
Tielt (Tielt),Jean,Mannelijk,09/09/2019
Saint-Georges-sur-Meuse,Alice,Vrouwelijk,09/02/2019
Gembloux,Antoine,Mannelijk,09/16/2019
Koksijde,Monique,Vrouwelijk,09/21/2019
Charleroi,Lena,Vrouwelijk,09/09/2019
Onhaye,Marc,Mannelijk,08/28/2019
Kortemark,Joachim,Mannelijk,09/07/2019
Oudsbergen,Brent,Mannelijk,09/17/2019
Machelen (Halle-Vilvoorde),Caroline,Vrouwelijk,08/28/2019
Sint-Gillis,Faouzia,Vrouwelijk,10/26/2019
Brussel,Mélissa,Vrouwelijk,09/09/2019
Brussel,Max,Mannelijk,09/06/2019
Lebbeke,Linde,Vrouwelijk,09/30/2019
Antwerpen,Jean,Mannelijk,09/07/2019
Antwerpen,Wesley,Mannelijk,09/05/2019
Schoten,Ellen,Vrouwelijk,09/15/2019
Marche-en-Famenne,Sabrina,Vrouwelijk,09/05/2019
Mont-Saint-Guibert,Francis,Mannelijk,09/12/2019
Aartselaar,Albert,Mannelijk,08/29/2019
