gemeente,naam,geslacht,verwachte datum
Namen,Rayan,Mannelijk,11/01/2019
La Louvière,Yvon,Mannelijk,10/28/2019
Gent,Patrick,Mannelijk,10/26/2019
Charleroi,Mehmet,Mannelijk,11/01/2019
Ruiselede,Dries,Mannelijk,11/04/2019
Damme,Christine,Vrouwelijk,10/22/2019
Sint-Lambrechts-Woluwe,Francisco,Mannelijk,10/26/2019
Koksijde,Danielle,Vrouwelijk,11/06/2019
Schoten,Luc,Mannelijk,11/08/2019
Stabroek,Eduard,Mannelijk,11/05/2019
Geel,Sonja,Vrouwelijk,10/28/2019
Kaprijke,Wim,Mannelijk,10/29/2019
Brugge,Jill,Vrouwelijk,10/21/2019
Sprimont,Jérôme,Mannelijk,10/26/2019
Scherpenheuvel-Zichem,Koen,Mannelijk,10/31/2019
Doornik,Josée,Vrouwelijk,10/30/2019
Fleurus,Michel,Mannelijk,11/06/2019
Borgworm,Pierre,Mannelijk,10/23/2019
Deinze,Carine,Vrouwelijk,11/02/2019
Dalhem,Valérie,Vrouwelijk,10/27/2019
Lommel,Britt,Vrouwelijk,10/22/2019
Charleroi,Ryan,Mannelijk,10/31/2019
Manhay,Sabine,Vrouwelijk,11/06/2019
Charleroi,Solange,Vrouwelijk,10/22/2019
Dour,Matthias,Mannelijk,10/23/2019
Sint-Lambrechts-Woluwe,Béatrice,Vrouwelijk,11/13/2019
Anderlecht,Jeanne,Vrouwelijk,10/31/2019
Beersel,Jonas,Mannelijk,10/27/2019
Genk,Keziban,Vrouwelijk,10/22/2019
Steenokkerzeel,Kim,Vrouwelijk,11/05/2019
Floreffe,Céline,Vrouwelijk,11/07/2019
Saint-Ghislain,Robert,Mannelijk,10/27/2019
Heist-op-den-Berg,Frans,Mannelijk,11/03/2019
Doornik,Amandine,Vrouwelijk,10/29/2019
Gent,Guy,Mannelijk,10/30/2019
Eupen,Anna,Vrouwelijk,11/03/2019
La Louvière,Laetitia,Vrouwelijk,11/07/2019
Peer,Joseph,Mannelijk,11/15/2019
Anderlecht,Nicole,Vrouwelijk,11/18/2019
Messancy,Lionel,Mannelijk,11/03/2019
Liedekerke,Herman,Mannelijk,10/26/2019
Antwerpen,Esma,Vrouwelijk,10/28/2019
Messancy,Nathan,Mannelijk,10/28/2019
Evere,Guy,Mannelijk,11/08/2019
Baarle-Hertog,Alfons,Mannelijk,11/01/2019
Erpe-Mere,Christiane,Vrouwelijk,11/03/2019
Anderlecht,Albert,Mannelijk,11/07/2019
La Louvière,Sabrina,Vrouwelijk,10/22/2019
Oudsbergen,Vanessa,Vrouwelijk,11/17/2019
Charleroi,Jeannine,Vrouwelijk,10/30/2019
Leuven,Carmen,Vrouwelijk,10/21/2019
Gent,Saadet,Vrouwelijk,10/29/2019
Luik,Irene,Vrouwelijk,10/29/2019
Luik,Dimitri,Mannelijk,11/05/2019
Hamoir,Cécile,Vrouwelijk,10/30/2019
Maaseik,Ingrid,Vrouwelijk,11/11/2019
Ronse,Sarah,Vrouwelijk,10/30/2019
Geldenaken,Anne,Vrouwelijk,11/11/2019
Etterbeek,Henri,Mannelijk,10/30/2019
Oostkamp,Marie,Vrouwelijk,10/25/2019
Aubel,Viviane,Vrouwelijk,11/01/2019
Duffel,François,Mannelijk,11/02/2019
Aywaille,Alex,Mannelijk,10/22/2019
Oudergem,Jean-Philippe,Mannelijk,11/07/2019
Tongeren,Judith,Vrouwelijk,10/26/2019
Poperinge,Wim,Mannelijk,10/31/2019
Kortrijk,Peter,Mannelijk,10/26/2019
Knokke-Heist,Daniel,Mannelijk,10/29/2019
Heusden-Zolder,Pierre,Mannelijk,10/28/2019
Bocholt,Alice,Vrouwelijk,11/04/2019
Kinrooi,Hendrik,Mannelijk,11/01/2019
Gent,André,Mannelijk,11/04/2019
Oudergem,Cécile,Vrouwelijk,11/05/2019
Antwerpen,Ahmed,Mannelijk,10/31/2019
Roeselare,Elie,Mannelijk,11/05/2019
Chaudfontaine,Amine,Mannelijk,11/06/2019
Diest,Maria,Vrouwelijk,10/29/2019
La Louvière,Jacqueline,Vrouwelijk,11/17/2019
Affligem,Ilse,Vrouwelijk,10/19/2019
Tervuren,Axel,Mannelijk,11/02/2019
Anderlecht,Marius,Mannelijk,11/07/2019
Ternat,Marieke,Vrouwelijk,10/23/2019
Maasmechelen,Cecilia,Vrouwelijk,10/19/2019
La Louvière,Sabine,Vrouwelijk,10/22/2019
Waregem,Luc,Mannelijk,11/02/2019
Aalst (Aalst),Patrick,Mannelijk,10/28/2019
Wevelgem,Vic,Mannelijk,10/22/2019
Kontich,Marthe,Vrouwelijk,10/20/2019
Ottignies-Louvain-la-Neuve,Hayat,Vrouwelijk,10/29/2019
Sint-Truiden,Antoinette,Vrouwelijk,11/02/2019
Mechelen,Marianne,Vrouwelijk,11/18/2019
Bergen,Joseph,Mannelijk,10/30/2019
Luik,Luc,Mannelijk,10/29/2019
La Louvière,Leandro,Mannelijk,10/28/2019
Oostende,Patricia,Vrouwelijk,10/31/2019
Ottignies-Louvain-la-Neuve,Nicolas,Mannelijk,10/30/2019
Boussu,Michel,Mannelijk,12/19/2019
Marche-en-Famenne,Tom,Mannelijk,10/29/2019
Antwerpen,Yvonne,Vrouwelijk,10/26/2019
Welkenraedt,Florent,Mannelijk,11/21/2019
Gent,Georgette,Vrouwelijk,11/04/2019
Anderlecht,Samuel,Mannelijk,11/10/2019
Brugge,Eléonore,Vrouwelijk,10/27/2019
Seraing,Juan,Mannelijk,11/01/2019
Kortrijk,Dimitri,Mannelijk,10/23/2019
Kontich,Norah,Vrouwelijk,10/28/2019
Mechelen,Marjolein,Vrouwelijk,10/24/2019
Diepenbeek,Anneleen,Vrouwelijk,10/29/2019
Seraing,Ahmed,Mannelijk,11/01/2019
Kuurne,Kris,Mannelijk,11/05/2019
Brussel,Dina,Vrouwelijk,10/28/2019
Vilvoorde,Ellen,Vrouwelijk,10/31/2019
Nijlen,Marcel,Mannelijk,10/29/2019
Geldenaken,Michel,Mannelijk,11/22/2019
Halle (Halle-Vilvoorde),Elisabeth,Vrouwelijk,11/01/2019
Merelbeke,Geertrui,Vrouwelijk,10/19/2019
Gembloux,Mireille,Vrouwelijk,12/19/2019
Kampenhout,Lukas,Mannelijk,10/28/2019
Borsbeek,Wesley,Mannelijk,11/19/2019
Sint-Pieters-Leeuw,Carina,Vrouwelijk,11/09/2019
Destelbergen,Danny,Mannelijk,10/27/2019
Floreffe,Christian,Mannelijk,10/24/2019
Wijnegem,Jordy,Mannelijk,10/19/2019
Flémalle,Zoé,Vrouwelijk,11/08/2019
Middelkerke,André,Mannelijk,11/06/2019
Dour,Grégory,Mannelijk,11/15/2019
Antwerpen,Chloë,Vrouwelijk,10/29/2019
Oudsbergen,Iris,Vrouwelijk,10/26/2019
La Louvière,Bernadette,Vrouwelijk,10/25/2019
Beersel,Sébastien,Mannelijk,10/30/2019
Merchtem,Gilbert,Mannelijk,11/05/2019
Ohey,Christian,Mannelijk,10/26/2019
Kortrijk,Katrien,Vrouwelijk,11/08/2019
Lokeren,Kaoutar,Vrouwelijk,10/30/2019
Haaltert,Joris,Mannelijk,11/06/2019
Zinnik,Mélanie,Vrouwelijk,11/04/2019
Antwerpen,Ingrid,Vrouwelijk,10/30/2019
Sint-Truiden,Arlette,Vrouwelijk,10/28/2019
Tubeke,Annie,Vrouwelijk,11/20/2019
Brugge,Leentje,Vrouwelijk,10/22/2019
Antwerpen,Edward,Mannelijk,11/01/2019
Oupeye,Audrey,Vrouwelijk,10/25/2019
Deinze,Sara,Vrouwelijk,11/14/2019
Aarlen,André,Mannelijk,10/22/2019
Mechelen,Daniël,Mannelijk,10/31/2019
Koekelberg,Xavier,Mannelijk,11/11/2019
Pont-à-Celles,Ingrid,Vrouwelijk,11/03/2019
Beringen,Julien,Mannelijk,10/27/2019
Bergen,Cédric,Mannelijk,11/22/2019
Tervuren,Lien,Vrouwelijk,11/04/2019
Sint-Jans-Molenbeek,Lamyae,Vrouwelijk,11/07/2019
Oosterzele,Senne,Mannelijk,10/28/2019
Seraing,Géraldine,Vrouwelijk,10/27/2019
Antwerpen,Lander,Mannelijk,10/26/2019
Evergem,Tamara,Vrouwelijk,11/15/2019
Namen,Eugène,Mannelijk,11/02/2019
Halle (Halle-Vilvoorde),Marleen,Vrouwelijk,10/31/2019
Elsene,Alexis,Mannelijk,10/27/2019
Morlanwelz,Dominique,Vrouwelijk,11/12/2019
Olen,Linda,Vrouwelijk,11/11/2019
Oudsbergen,Jozef,Mannelijk,10/28/2019
Grâce-Hollogne,Mathis,Mannelijk,11/04/2019
Zoersel,Jana,Vrouwelijk,11/02/2019
Hoegaarden,Ann,Vrouwelijk,10/31/2019
Asse,Noor,Vrouwelijk,10/30/2019
Antwerpen,Inge,Vrouwelijk,10/31/2019
La Louvière,Nathan,Mannelijk,10/31/2019
Oudenaarde,Marijke,Vrouwelijk,11/02/2019
Overijse,Frans,Mannelijk,10/19/2019
Halen,Nick,Mannelijk,10/27/2019
Dilbeek,Stéphane,Mannelijk,11/03/2019
Brugge,Simon,Mannelijk,10/23/2019
Moeskroen,Paulette,Vrouwelijk,10/23/2019
Oudsbergen,Anne,Vrouwelijk,10/31/2019
Châtelet,Luigi,Mannelijk,10/26/2019
Colfontaine,Catherine,Vrouwelijk,12/19/2019
Koekelberg,Enes,Mannelijk,10/29/2019
Waver,Hélène,Vrouwelijk,10/27/2019
Antwerpen,Ayoub,Mannelijk,11/08/2019
Zele,Raziye,Vrouwelijk,10/25/2019
Alveringem,Hanne,Vrouwelijk,10/28/2019
Couvin,Jean-Claude,Mannelijk,11/04/2019
Luik,Elizabeth,Vrouwelijk,10/19/2019
Erpe-Mere,Geert,Mannelijk,11/04/2019
Nijvel,Janine,Vrouwelijk,10/27/2019
Grimbergen,Patricia,Vrouwelijk,11/24/2019
Antwerpen,Guido,Mannelijk,10/31/2019
Antwerpen,Sara,Vrouwelijk,10/30/2019
Brussel,Roberta,Vrouwelijk,10/28/2019
Herentals,Marc,Mannelijk,11/01/2019
Boechout,Patrick,Mannelijk,10/26/2019
Geldenaken,Emma,Vrouwelijk,10/29/2019
Ronse,Robby,Mannelijk,10/22/2019
Maldegem,Véronique,Vrouwelijk,10/30/2019
Kortrijk,Abdelhak,Mannelijk,12/06/2019
Mechelen,Zahra,Vrouwelijk,10/31/2019
Luik,Charles,Mannelijk,10/28/2019
Ternat,Eduard,Mannelijk,11/03/2019
Izegem,Kathy,Vrouwelijk,11/05/2019
Gerpinnes,Pierre,Mannelijk,10/26/2019
Elsene,Laurent,Mannelijk,11/05/2019
Saint-Ghislain,Anne-Marie,Vrouwelijk,11/05/2019
Sint-Truiden,Guy,Mannelijk,10/28/2019
Gent,Sylvie,Vrouwelijk,10/22/2019
Lebbeke,Mario,Mannelijk,11/05/2019
Hamoir,Dominique,Mannelijk,11/04/2019
As,Veerle,Vrouwelijk,11/25/2019
Asse,Christine,Vrouwelijk,10/27/2019
Sint-Agatha-Berchem,Luis,Mannelijk,10/30/2019
Wachtebeke,Dimitri,Mannelijk,10/29/2019
Luik,Daniela,Vrouwelijk,10/29/2019
Gent,Marie,Vrouwelijk,11/04/2019
Hulshout,Marc,Mannelijk,10/19/2019
Bastenaken,Faustine,Vrouwelijk,10/22/2019
Opwijk,Karel,Mannelijk,10/29/2019
Charleroi,Priscillia,Vrouwelijk,11/27/2019
Gent,Zahra,Vrouwelijk,10/30/2019
Sambreville,Marie,Vrouwelijk,10/28/2019
Bonheiden,Myriam,Vrouwelijk,11/05/2019
Antwerpen,Alix,Vrouwelijk,10/29/2019
Oudenaarde,Annette,Vrouwelijk,10/22/2019
Sint-Katelijne-Waver,Paul,Mannelijk,11/07/2019
Brasschaat,Hilda,Vrouwelijk,11/08/2019
Zwevegem,Mohammed,Mannelijk,11/13/2019
Knokke-Heist,Alexander,Mannelijk,11/07/2019
Antwerpen,Cynthia,Vrouwelijk,11/02/2019
Mont-Saint-Guibert,Damien,Mannelijk,11/08/2019
Ohey,Michel,Mannelijk,10/29/2019
Heusden-Zolder,Lisa,Vrouwelijk,10/26/2019
Péruwelz,Mila,Vrouwelijk,10/19/2019
Temse,Lennert,Mannelijk,11/01/2019
Frameries,Jean-Claude,Mannelijk,10/21/2019
Luik,Myriam,Vrouwelijk,10/22/2019
Laakdal,Charlotte,Vrouwelijk,11/01/2019
Bierbeek,Jonas,Mannelijk,11/08/2019
Antwerpen,Arthur,Mannelijk,11/02/2019
Sint-Lambrechts-Woluwe,Melina,Vrouwelijk,10/30/2019
Damme,Femke,Vrouwelijk,10/24/2019
Wortegem-Petegem,Hilda,Vrouwelijk,10/31/2019
Merchtem,Jasper,Mannelijk,11/02/2019
Zaventem,Godelieve,Vrouwelijk,11/01/2019
Sint-Niklaas (Sint-Niklaas),Gerarda,Vrouwelijk,11/02/2019
Fléron,Lisette,Vrouwelijk,11/04/2019
Lint,Ivo,Mannelijk,11/01/2019
Sint-Lambrechts-Woluwe,Anne,Vrouwelijk,10/22/2019
Namen,Jeanne,Vrouwelijk,10/27/2019
Tervuren,Ysaline,Vrouwelijk,10/31/2019
Aalst (Aalst),Jeanine,Vrouwelijk,11/02/2019
Eghezée,Jean-Claude,Mannelijk,10/20/2019
Oudsbergen,Theo,Mannelijk,10/29/2019
Eghezée,Axel,Mannelijk,10/29/2019
Antwerpen,Jiri,Mannelijk,12/14/2019
Houthalen-Helchteren,Michelle,Vrouwelijk,10/19/2019
Roeselare,Cecilia,Vrouwelijk,10/29/2019
Antwerpen,Emiel,Mannelijk,10/29/2019
Bergen,Laura,Vrouwelijk,10/24/2019
Merchtem,Angela,Vrouwelijk,10/30/2019
Moorslede,Monique,Vrouwelijk,11/04/2019
Sambreville,Michaël,Mannelijk,12/04/2019
Zulte,Dries,Mannelijk,10/21/2019
Lanaken,Renée,Vrouwelijk,10/27/2019
Evergem,Jelle,Mannelijk,10/28/2019
Halle (Halle-Vilvoorde),Glen,Mannelijk,10/27/2019
Sint-Joost-ten-Node,Melih,Mannelijk,10/31/2019
Oosterzele,William,Mannelijk,11/08/2019
Gent,Anne,Vrouwelijk,10/25/2019
Hoei,Annie,Vrouwelijk,11/04/2019
Diest,Brigitte,Vrouwelijk,10/28/2019
Brussel,Nicolas,Mannelijk,11/13/2019
Dinant,Philippe,Mannelijk,11/20/2019
Oudenaarde,Timo,Mannelijk,11/03/2019
Kontich,Anne,Vrouwelijk,10/21/2019
Essen,Evi,Vrouwelijk,10/24/2019
Virton,Romain,Mannelijk,11/13/2019
Bergen,Samuel,Mannelijk,10/29/2019
Blankenberge,Johan,Mannelijk,10/29/2019
Charleroi,Christiane,Vrouwelijk,11/15/2019
Donceel,Alain,Mannelijk,10/22/2019
Roeselare,Dominique,Vrouwelijk,11/01/2019
Mechelen,Ayoub,Mannelijk,10/26/2019
Antwerpen,Alexandra,Vrouwelijk,10/30/2019
Anderlecht,Saida,Vrouwelijk,10/29/2019
Sankt Vith,Béatrice,Vrouwelijk,12/21/2019
Kraainem,Maria,Vrouwelijk,11/02/2019
Dendermonde,Willy,Mannelijk,10/29/2019
Vorst (Brussel-Hoofdstad),Marc,Mannelijk,10/30/2019
Tongeren,Guido,Mannelijk,10/28/2019
Charleroi,Carlos,Mannelijk,10/24/2019
Pont-à-Celles,Christine,Vrouwelijk,10/30/2019
Aat,Jean,Mannelijk,11/02/2019
Antwerpen,Doha,Vrouwelijk,10/28/2019
Sint-Joost-ten-Node,Adam,Mannelijk,11/05/2019
Eupen,Friedrich,Mannelijk,11/04/2019
Geraardsbergen,Sabine,Vrouwelijk,11/01/2019
Erquelinnes,Nathalie,Vrouwelijk,11/22/2019
Seraing,Blanche,Vrouwelijk,11/08/2019
Dilbeek,Jean,Mannelijk,11/22/2019
Herentals,Magda,Vrouwelijk,11/09/2019
Antwerpen,Dorien,Vrouwelijk,10/19/2019
Lievegem,Philippe,Mannelijk,11/17/2019
Moeskroen,Estelle,Vrouwelijk,10/23/2019
Oostkamp,Conny,Vrouwelijk,10/29/2019
Antwerpen,El,Mannelijk,11/06/2019
Antwerpen,Jorge,Mannelijk,10/31/2019
Hannuit,Annick,Vrouwelijk,10/21/2019
Namen,Monique,Vrouwelijk,10/31/2019
Meulebeke,Maria,Vrouwelijk,11/15/2019
Aartselaar,Marijke,Vrouwelijk,10/31/2019
Seraing,Josiane,Vrouwelijk,11/20/2019
Sint-Truiden,Carolien,Vrouwelijk,10/27/2019
