gemeente,naam,geslacht,verwachte datum
Theux,Georges,Mannelijk,10/25/2019
Sambreville,Jérémy,Mannelijk,10/17/2019
Dilbeek,Michaël,Mannelijk,10/08/2019
Dour,Marc,Mannelijk,10/06/2019
Spa,Jennifer,Vrouwelijk,10/10/2019
Lommel,Nico,Mannelijk,10/06/2019
Oostkamp,Evelien,Vrouwelijk,10/18/2019
Grimbergen,Alessia,Vrouwelijk,10/12/2019
Antwerpen,Flo,Vrouwelijk,10/16/2019
Courcelles,Hugo,Mannelijk,10/11/2019
Anderlecht,Houda,Vrouwelijk,10/15/2019
Edingen,Olivier,Mannelijk,10/08/2019
Waver,Julien,Mannelijk,10/20/2019
Kalmthout,Maria,Vrouwelijk,10/11/2019
Nijlen,Monique,Vrouwelijk,10/10/2019
Merelbeke,Lieve,Vrouwelijk,10/12/2019
Gent,Valérie,Vrouwelijk,10/11/2019
Lommel,Christa,Vrouwelijk,09/30/2019
Balen,Clement,Mannelijk,10/08/2019
Lokeren,Abdelkader,Mannelijk,10/02/2019
Galmaarden,Leslie,Vrouwelijk,10/08/2019
Heusden-Zolder,Zehra,Vrouwelijk,10/03/2019
Ukkel,Annie,Vrouwelijk,10/08/2019
Sombreffe,Axel,Mannelijk,11/05/2019
Erpe-Mere,Anja,Vrouwelijk,10/14/2019
Antwerpen,Jozef,Mannelijk,10/08/2019
Ans,Christopher,Mannelijk,10/20/2019
Luik,Anne-Sophie,Vrouwelijk,10/04/2019
Zedelgem,Rosa,Vrouwelijk,10/13/2019
Perwijs (Nijvel),Baptiste,Mannelijk,10/08/2019
Charleroi,Amélie,Vrouwelijk,10/16/2019
Dison,Sabrina,Vrouwelijk,10/04/2019
Oudergem,Fernando,Mannelijk,10/11/2019
Bocholt,Marie,Vrouwelijk,10/27/2019
La Louvière,Joëlle,Vrouwelijk,10/14/2019
Kapellen (Antwerpen),Jan,Mannelijk,10/09/2019
Brugge,Vanessa,Vrouwelijk,10/08/2019
Hoei,Nathalie,Vrouwelijk,10/17/2019
Oudsbergen,Maria,Vrouwelijk,10/27/2019
Quaregnon,Renée,Vrouwelijk,10/14/2019
Tessenderlo,Dorien,Vrouwelijk,10/11/2019
Seraing,Arlette,Vrouwelijk,10/08/2019
Oupeye,Maëlle,Vrouwelijk,10/08/2019
Erpe-Mere,Natalie,Vrouwelijk,10/31/2019
Tielt-Winge,Daniel,Mannelijk,11/05/2019
Boussu,Nabil,Mannelijk,10/13/2019
Beauraing,Dominique,Vrouwelijk,10/13/2019
Genk,Julien,Mannelijk,11/01/2019
Sint-Gillis,Herman,Mannelijk,10/10/2019
Boussu,Thomas,Mannelijk,10/05/2019
Avelgem,Denise,Vrouwelijk,09/30/2019
Manage,Nathan,Mannelijk,10/11/2019
Bilzen,Thomas,Mannelijk,10/05/2019
Heusden-Zolder,Jean-Pierre,Mannelijk,10/09/2019
Leuven,Anna,Vrouwelijk,10/18/2019
Herstal,Bruno,Mannelijk,10/07/2019
Sint-Joost-ten-Node,Sarah,Vrouwelijk,10/04/2019
Lokeren,Rudi,Mannelijk,10/04/2019
Stabroek,Ine,Vrouwelijk,10/03/2019
Koekelberg,Anny,Vrouwelijk,10/04/2019
Oupeye,Marie,Vrouwelijk,10/07/2019
Brussel,Henry,Mannelijk,10/16/2019
Alveringem,Dirk,Mannelijk,10/04/2019
Paliseul,Eric,Mannelijk,10/08/2019
Boom,Timothy,Mannelijk,10/16/2019
Aalst (Aalst),Marie,Vrouwelijk,10/03/2019
Flémalle,Astrid,Vrouwelijk,10/15/2019
Charleroi,Alison,Vrouwelijk,10/15/2019
Anderlues,Karine,Vrouwelijk,10/05/2019
Profondeville,Victor,Mannelijk,10/18/2019
Ninove,Paul,Mannelijk,10/07/2019
Gent,Piet,Mannelijk,10/31/2019
Brussel,Anna,Vrouwelijk,10/20/2019
Turnhout,Frank,Mannelijk,10/09/2019
Schaarbeek,Touria,Vrouwelijk,10/09/2019
Beringen,Kris,Mannelijk,10/12/2019
Mortsel,Benjamin,Mannelijk,10/18/2019
Flémalle,Christian,Mannelijk,10/13/2019
Mechelen,Naoual,Vrouwelijk,10/09/2019
Gistel,Johan,Mannelijk,10/13/2019
Namen,Léa,Vrouwelijk,10/13/2019
Charleroi,Laurence,Vrouwelijk,09/30/2019
Heist-op-den-Berg,Kathy,Vrouwelijk,11/25/2019
Antwerpen,Komal,Vrouwelijk,10/11/2019
Anthisnes,Elisabeth,Vrouwelijk,10/09/2019
Harelbeke,Nicole,Vrouwelijk,10/09/2019
Moeskroen,Martine,Vrouwelijk,10/20/2019
Antwerpen,Adrienne,Vrouwelijk,10/12/2019
Zedelgem,Dries,Mannelijk,10/07/2019
Borgworm,Micheline,Vrouwelijk,10/12/2019
Aywaille,Leslie,Vrouwelijk,10/16/2019
Leuven,Raymond,Mannelijk,10/08/2019
Antwerpen,Ruben,Mannelijk,10/31/2019
Anderlecht,Insaf,Vrouwelijk,10/11/2019
Lier,Gaston,Mannelijk,10/12/2019
Erquelinnes,Pascale,Vrouwelijk,10/12/2019
Leuven,Geert,Mannelijk,10/02/2019
Destelbergen,Geert,Mannelijk,09/30/2019
Jemeppe-sur-Sambre,François,Mannelijk,10/16/2019
Oudsbergen,Max,Mannelijk,10/14/2019
Duffel,Dirk,Mannelijk,10/05/2019
Tubeke,Dominique,Vrouwelijk,10/19/2019
Dour,Mathieu,Mannelijk,10/02/2019
Luik,Mireille,Vrouwelijk,10/14/2019
Sint-Katelijne-Waver,Linda,Vrouwelijk,10/03/2019
Ham,Caroline,Vrouwelijk,10/30/2019
Brasschaat,Jens,Mannelijk,10/18/2019
Luik,Coraline,Vrouwelijk,10/09/2019
Lummen,Sylvia,Vrouwelijk,10/16/2019
Eupen,Myriam,Vrouwelijk,10/11/2019
Wellen,Lutgarde,Vrouwelijk,10/11/2019
Vorst (Brussel-Hoofdstad),Lola,Vrouwelijk,10/21/2019
Luik,Fatima-Zahra,Vrouwelijk,10/21/2019
Gent,Thomas,Mannelijk,11/28/2019
Mol,Betty,Vrouwelijk,10/15/2019
Lanaken,Myriam,Vrouwelijk,10/09/2019
Hamont-Achel,Jacky,Mannelijk,10/11/2019
Schaarbeek,Metin,Mannelijk,10/20/2019
Bilzen,Jente,Mannelijk,10/01/2019
Lievegem,Anneleen,Vrouwelijk,10/05/2019
Wommelgem,Lodewijk,Mannelijk,10/03/2019
Kruisem,Delphine,Vrouwelijk,10/23/2019
Zoutleeuw,Etienne,Mannelijk,10/14/2019
Oudenaarde,Katelijne,Vrouwelijk,10/06/2019
Luik,Prescillia,Vrouwelijk,10/16/2019
Heusden-Zolder,Hatice,Vrouwelijk,10/12/2019
Tienen,Yassine,Mannelijk,10/20/2019
Mol,Elisabeth,Vrouwelijk,10/10/2019
Beringen,Nuri,Mannelijk,10/19/2019
Sint-Gillis,Frédéric,Mannelijk,10/13/2019
Antwerpen,Martine,Vrouwelijk,11/23/2019
De Haan,Freddy,Mannelijk,10/13/2019
Koksijde,Katleen,Vrouwelijk,10/12/2019
Saint-Ghislain,Renato,Mannelijk,10/08/2019
Aubange,Mélanie,Vrouwelijk,10/08/2019
Houthulst,Geert,Mannelijk,10/10/2019
Sint-Joost-ten-Node,Kadir,Mannelijk,10/14/2019
Oostende,Shirley,Vrouwelijk,10/06/2019
Plombières,Serge,Mannelijk,10/01/2019
Gent,Jan,Mannelijk,10/18/2019
Ranst,Rudy,Mannelijk,10/11/2019
Saint-Nicolas (Luik),Antonio,Mannelijk,10/25/2019
Charleroi,Alexander,Mannelijk,10/11/2019
Gent,Nadine,Vrouwelijk,10/20/2019
Dilbeek,Godelieve,Vrouwelijk,10/11/2019
Manage,Nadège,Vrouwelijk,09/30/2019
Zutendaal,Maria,Vrouwelijk,10/31/2019
Oosterzele,Carla,Vrouwelijk,10/05/2019
Herstal,Maryam,Vrouwelijk,10/16/2019
Sint-Jans-Molenbeek,Rania,Vrouwelijk,10/14/2019
Ternat,Nicole,Vrouwelijk,10/15/2019
Hasselt,Gust,Mannelijk,11/25/2019
Heusden-Zolder,Sabine,Vrouwelijk,10/09/2019
Libramont-Chevigny,Charles,Mannelijk,10/09/2019
Kinrooi,Sara,Vrouwelijk,10/21/2019
Anderlecht,Safae,Vrouwelijk,10/29/2019
Colfontaine,Vincenzo,Mannelijk,10/11/2019
La Louvière,Christophe,Mannelijk,10/18/2019
Jette,Kamar,Vrouwelijk,10/11/2019
Antwerpen,Dursun,Mannelijk,10/16/2019
Ukkel,Chantal,Vrouwelijk,10/10/2019
Zedelgem,Daniël,Mannelijk,10/16/2019
Kortrijk,Irina,Vrouwelijk,10/13/2019
Chièvres,Mathis,Mannelijk,10/07/2019
Antwerpen,Eliott,Mannelijk,10/12/2019
Charleroi,Virginie,Vrouwelijk,10/05/2019
Hamoir,Claude,Mannelijk,10/02/2019
Beveren (Sint-Niklaas),Anne,Vrouwelijk,10/19/2019
Eupen,Mohamed,Mannelijk,10/02/2019
Boechout,Christine,Vrouwelijk,10/21/2019
Etterbeek,Marc,Mannelijk,10/11/2019
Leopoldsburg,Brigitte,Vrouwelijk,10/13/2019
Bergen,Jean-Pierre,Mannelijk,10/20/2019
Bastenaken,Anthony,Mannelijk,10/19/2019
Gistel,Anja,Vrouwelijk,10/19/2019
’s Gravenbrakel,Marc,Mannelijk,10/11/2019
Mechelen,Jan,Mannelijk,10/20/2019
Nieuwpoort,Paul,Mannelijk,10/16/2019
Halle (Halle-Vilvoorde),Paula,Vrouwelijk,10/01/2019
Grimbergen,Massimo,Mannelijk,12/04/2019
Dinant,Annick,Vrouwelijk,10/06/2019
Oudenaarde,Simon,Mannelijk,10/19/2019
Kortrijk,Brigitte,Vrouwelijk,10/12/2019
Herzele,Georges,Mannelijk,10/07/2019
Schoten,Sien,Vrouwelijk,10/10/2019
Lievegem,Werner,Mannelijk,10/11/2019
Rotselaar,Maria,Vrouwelijk,10/09/2019
Fleurus,Claire,Vrouwelijk,10/20/2019
Paliseul,Dany,Mannelijk,10/17/2019
Gent,Alain,Mannelijk,10/19/2019
Marche-en-Famenne,Irène,Vrouwelijk,10/03/2019
Erpe-Mere,Marie,Vrouwelijk,10/16/2019
Jemeppe-sur-Sambre,Marielle,Vrouwelijk,10/14/2019
Schaarbeek,Laura,Vrouwelijk,10/08/2019
Antwerpen,Georges,Mannelijk,10/01/2019
Ukkel,Hugo,Mannelijk,10/08/2019
Sint-Katelijne-Waver,Martine,Vrouwelijk,10/01/2019
Rijkevorsel,Vicky,Vrouwelijk,10/02/2019
Saint-Hubert,Marie-Claire,Vrouwelijk,10/20/2019
Schaarbeek,Panagiota,Vrouwelijk,10/30/2019
Sint-Jans-Molenbeek,Odette,Vrouwelijk,10/06/2019
Gerpinnes,Elisa,Vrouwelijk,10/17/2019
Orp-Jauche,Pierre,Mannelijk,10/08/2019
Kapellen (Antwerpen),Axel,Mannelijk,10/15/2019
Bergen,Maud,Vrouwelijk,10/14/2019
Antwerpen,Krystyna,Vrouwelijk,10/16/2019
Doornik,Noham,Mannelijk,10/09/2019
Retie,Kris,Mannelijk,10/09/2019
Dilbeek,Eline,Vrouwelijk,10/20/2019
Ingelmunster,Marie,Vrouwelijk,10/16/2019
Wanze,Anne,Vrouwelijk,10/04/2019
Ronse,Mauro,Mannelijk,10/01/2019
Nijvel,Anthony,Mannelijk,10/15/2019
Brecht,Linde,Vrouwelijk,10/26/2019
Lebbeke,André,Mannelijk,10/07/2019
Antwerpen,Moira,Vrouwelijk,11/29/2019
Brugge,Elisabeth,Vrouwelijk,10/30/2019
Waregem,Josiane,Vrouwelijk,10/03/2019
Blegny,Josiane,Vrouwelijk,11/09/2019
Dilsen-Stokkem,Sam,Mannelijk,10/12/2019
Destelbergen,Nicole,Vrouwelijk,10/05/2019
Bilzen,Arthur,Mannelijk,10/13/2019
Sint-Pieters-Leeuw,Adam,Mannelijk,10/16/2019
Asse,Milan,Mannelijk,09/30/2019
Meulebeke,Ilse,Vrouwelijk,10/03/2019
Antwerpen,Hicham,Mannelijk,10/09/2019
Evere,Soukaïna,Vrouwelijk,10/02/2019
Balen,Christel,Vrouwelijk,10/08/2019
Leuven,Jean,Mannelijk,10/18/2019
Middelkerke,Jan,Mannelijk,10/04/2019
Duffel,Carina,Vrouwelijk,10/07/2019
Tienen,Emile,Mannelijk,09/30/2019
Mortsel,Geert,Mannelijk,10/24/2019
Sint-Jans-Molenbeek,Alexander,Mannelijk,10/13/2019
Aalst (Aalst),Anny,Vrouwelijk,10/28/2019
Gembloux,Charles,Mannelijk,10/08/2019
Ciney,Olivier,Mannelijk,09/30/2019
Denderleeuw,Günther,Mannelijk,10/16/2019
Villers-Le-Bouillet,Christelle,Vrouwelijk,10/07/2019
Bernissart,Cindy,Vrouwelijk,10/18/2019
Putte,Zoë,Vrouwelijk,10/07/2019
Quaregnon,Josée,Vrouwelijk,10/16/2019
Vosselaar,Ken,Mannelijk,10/01/2019
Dendermonde,Bart,Mannelijk,10/15/2019
Kapellen (Antwerpen),Viviane,Vrouwelijk,10/12/2019
Ham-sur-Heure-Nalinnes,Florence,Vrouwelijk,10/14/2019
Pelt,Rita,Vrouwelijk,10/17/2019
Haaltert,Steve,Mannelijk,11/22/2019
Herselt,Godelieva,Vrouwelijk,10/12/2019
Lasne,Alix,Vrouwelijk,11/16/2019
La Louvière,Maxim,Mannelijk,10/17/2019
Dendermonde,Kristel,Vrouwelijk,10/04/2019
Sint-Niklaas (Sint-Niklaas),Ivan,Mannelijk,10/19/2019
Anderlecht,François,Mannelijk,10/02/2019
Gent,Gust,Mannelijk,10/19/2019
Asse,Anne,Vrouwelijk,10/04/2019
Antwerpen,Gerarda,Vrouwelijk,09/30/2019
Roeselare,Carine,Vrouwelijk,10/18/2019
Charleroi,Luna,Vrouwelijk,10/22/2019
Antwerpen,Kristel,Vrouwelijk,10/16/2019
Luik,Daoud,Mannelijk,10/08/2019
Waver,Matthieu,Mannelijk,10/17/2019
Wervik,Laurens,Mannelijk,10/28/2019
Rumst,Kelly,Vrouwelijk,10/19/2019
Antwerpen,Stijn,Mannelijk,10/30/2019
Kuurne,Laura,Vrouwelijk,10/13/2019
Sint-Gillis-Waas,Robert,Mannelijk,12/01/2019
Saint-Ghislain,Andrea,Mannelijk,10/01/2019
Nijvel,Nicolas,Mannelijk,10/07/2019
Eeklo,Maarten,Mannelijk,10/07/2019
Wezet,Alice,Vrouwelijk,10/13/2019
Perwijs (Nijvel),Valérie,Vrouwelijk,10/06/2019
Lummen,Hilde,Vrouwelijk,10/01/2019
Sint-Agatha-Berchem,Jamila,Vrouwelijk,10/15/2019
Aat,Laurence,Vrouwelijk,10/14/2019
Buggenhout,Nicole,Vrouwelijk,10/11/2019
Zele,Marcel,Mannelijk,10/09/2019
Lier,Lucas,Mannelijk,10/06/2019
Luik,Angèle,Vrouwelijk,10/19/2019
Overijse,Davy,Mannelijk,10/13/2019
Herstal,Tommy,Mannelijk,10/13/2019
Antwerpen,Vanessa,Vrouwelijk,10/16/2019
Ronse,Hubert,Mannelijk,09/30/2019
Zele,Mehmet,Mannelijk,10/10/2019
Luik,Floriane,Vrouwelijk,10/18/2019
Assesse,Frédérique,Vrouwelijk,10/06/2019
Genk,Margaretha,Vrouwelijk,10/16/2019
Scherpenheuvel-Zichem,Christiaan,Mannelijk,10/13/2019
Rixensart,Julien,Mannelijk,10/09/2019
Luik,Christophe,Mannelijk,10/06/2019
Lokeren,Annie,Vrouwelijk,10/02/2019
Jemeppe-sur-Sambre,Virginie,Vrouwelijk,10/07/2019
Charleroi,Selim,Mannelijk,10/12/2019
Namen,Jacqueline,Vrouwelijk,10/10/2019
Hasselt,Jens,Mannelijk,10/02/2019
Sint-Lambrechts-Woluwe,Lucas,Mannelijk,10/08/2019
Sint-Pieters-Woluwe,Raymond,Mannelijk,10/18/2019
Boechout,Jurgen,Mannelijk,09/30/2019
Charleroi,Jules,Mannelijk,10/12/2019
Oupeye,Lou,Vrouwelijk,11/07/2019
Alken,Anouck,Vrouwelijk,10/27/2019
Villers-Le-Bouillet,Thierry,Mannelijk,10/04/2019
Doornik,Anne,Vrouwelijk,10/27/2019
Hemiksem,Davy,Mannelijk,10/15/2019
Buggenhout,Ellen,Vrouwelijk,10/13/2019
Saint-Georges-sur-Meuse,Aurore,Vrouwelijk,10/16/2019
Binche,Charles,Mannelijk,10/19/2019
Luik,Emile,Mannelijk,10/11/2019
Bonheiden,Laurens,Mannelijk,10/19/2019
Celles (Doornik),Jeanne,Vrouwelijk,10/18/2019
Manhay,Freddy,Mannelijk,10/14/2019
Gent,Lucien,Mannelijk,10/08/2019
Mol,Mathias,Mannelijk,09/30/2019
Borgworm,Antoine,Mannelijk,10/19/2019
Kortrijk,Milan,Mannelijk,10/08/2019
