gemeente,naam,geslacht,verwachte datum
Leuven,Vincent,Mannelijk,06/06/2019
Antwerpen,Gilbert,Mannelijk,06/24/2019
Heist-op-den-Berg,Catharina,Vrouwelijk,06/24/2019
Antwerpen,Meir,Mannelijk,06/16/2019
Elsene,Alma,Vrouwelijk,06/20/2019
Bornem,Bart,Mannelijk,06/10/2019
Charleroi,David,Mannelijk,06/12/2019
Zottegem,Bart,Mannelijk,06/10/2019
Rotselaar,Judith,Vrouwelijk,06/17/2019
Zoersel,Godelieve,Vrouwelijk,06/11/2019
Lanaken,Reinhilde,Vrouwelijk,06/21/2019
Wezembeek-Oppem,Micheline,Vrouwelijk,07/02/2019
Evere,Emilia,Vrouwelijk,06/13/2019
Brugge,Aimée,Vrouwelijk,07/19/2019
Hasselt,Noah,Mannelijk,06/28/2019
Vorst (Brussel-Hoofdstad),Jack,Mannelijk,06/24/2019
Luik,Patrick,Mannelijk,06/10/2019
Roeselare,Sofie,Vrouwelijk,06/10/2019
Oudergem,Mathilde,Vrouwelijk,06/05/2019
Oostende,Miguel,Mannelijk,06/10/2019
Amel,Erwin,Mannelijk,06/20/2019
Olen,Patrick,Mannelijk,06/18/2019
Thuin,Jessica,Vrouwelijk,06/15/2019
Heusden-Zolder,Alphons,Mannelijk,06/21/2019
Malle,Frans,Mannelijk,06/21/2019
Oupeye,Bruno,Mannelijk,07/01/2019
Luik,Séverine,Vrouwelijk,06/19/2019
Chapelle-lez-Herlaimont,Marie,Vrouwelijk,06/14/2019
Schaarbeek,Philippe,Mannelijk,06/06/2019
Kruisem,Olivier,Mannelijk,06/15/2019
Nassogne,Caroline,Vrouwelijk,06/16/2019
Oostende,Tamara,Vrouwelijk,06/05/2019
Hensies,Amandine,Vrouwelijk,06/12/2019
Ieper,Geert,Mannelijk,06/10/2019
Kortrijk,Nadine,Vrouwelijk,06/03/2019
Leuven,Jesse,Mannelijk,07/10/2019
Seraing,Thomas,Mannelijk,06/20/2019
Etterbeek,Claudine,Vrouwelijk,06/19/2019
Antwerpen,Wassim,Mannelijk,06/13/2019
Zaventem,Pascal,Mannelijk,06/12/2019
Diksmuide,Jef,Mannelijk,06/12/2019
Etterbeek,André,Mannelijk,06/16/2019
Fléron,Erika,Vrouwelijk,06/18/2019
Haaltert,Lies,Vrouwelijk,06/04/2019
Charleroi,Alain,Mannelijk,06/09/2019
Péruwelz,Christian,Mannelijk,06/05/2019
Lier,Marc,Mannelijk,06/10/2019
Geel,Paul,Mannelijk,06/08/2019
Haacht,Luc,Mannelijk,07/12/2019
Saint-Hubert,François,Mannelijk,06/15/2019
Charleroi,Lylou,Vrouwelijk,06/16/2019
Oudenaarde,Glenn,Mannelijk,07/12/2019
Gistel,Luc,Mannelijk,06/14/2019
Grobbendonk,Maria,Vrouwelijk,06/23/2019
Etterbeek,Catherine,Vrouwelijk,06/07/2019
Opwijk,Kurt,Mannelijk,06/12/2019
Schaarbeek,Ekram,Vrouwelijk,06/15/2019
Jette,Yasmina,Vrouwelijk,06/12/2019
Zonhoven,Elly,Vrouwelijk,06/03/2019
Mortsel,Elke,Vrouwelijk,06/10/2019
Lanaken,Isabella,Vrouwelijk,06/10/2019
Gent,Sihame,Vrouwelijk,06/16/2019
Moerbeke (Gent),Eddy,Mannelijk,06/04/2019
Diepenbeek,Mathias,Mannelijk,06/13/2019
Watermaal-Bosvoorde,Roxane,Vrouwelijk,06/07/2019
Luik,Lionel,Mannelijk,06/16/2019
Rochefort,Solène,Vrouwelijk,06/11/2019
Brussel,Patrick,Mannelijk,06/14/2019
Chaumont-Gistoux,Clémence,Vrouwelijk,06/18/2019
Zoutleeuw,Sofie,Vrouwelijk,06/05/2019
Gent,Suleiman,Mannelijk,06/22/2019
Gent,Lukas,Mannelijk,06/09/2019
Antwerpen,Luna,Vrouwelijk,07/07/2019
Laakdal,Gerry,Mannelijk,06/13/2019
Olen,Tom,Mannelijk,07/02/2019
Deinze,Eddy,Mannelijk,06/21/2019
Retie,Inge,Vrouwelijk,06/21/2019
Eupen,Daniela,Vrouwelijk,06/20/2019
Oostende,Nadine,Vrouwelijk,06/04/2019
Olen,Paul,Mannelijk,06/20/2019
Kapellen (Antwerpen),Ilse,Vrouwelijk,06/04/2019
Vorst (Brussel-Hoofdstad),Sandrine,Vrouwelijk,07/31/2019
Willebroek,Nancy,Vrouwelijk,06/16/2019
Zele,Kristien,Vrouwelijk,06/12/2019
Anderlues,Laura,Vrouwelijk,06/23/2019
Heusden-Zolder,Guido,Mannelijk,06/12/2019
Ingelmunster,Rita,Vrouwelijk,06/16/2019
Anderlues,Mathéo,Mannelijk,06/20/2019
Honnelles,Josiane,Vrouwelijk,06/17/2019
Antwerpen,Israr,Mannelijk,06/16/2019
Doornik,Madison,Vrouwelijk,06/19/2019
Zele,Xavier,Mannelijk,06/15/2019
Antwerpen,Kanjana,Vrouwelijk,06/25/2019
Antwerpen,Yusuf,Mannelijk,06/17/2019
Kortrijk,Patricia,Vrouwelijk,06/04/2019
Zottegem,André,Mannelijk,07/03/2019
Bastenaken,Emmanuel,Mannelijk,06/23/2019
Genepiën,Manon,Vrouwelijk,06/16/2019
Lebbeke,Jeanne,Vrouwelijk,07/03/2019
Eeklo,Franky,Mannelijk,06/06/2019
Oupeye,Nancy,Vrouwelijk,06/21/2019
Lier,Mohammed,Mannelijk,06/05/2019
Antwerpen,Helena,Vrouwelijk,06/15/2019
Le Roeulx,Sylvie,Vrouwelijk,06/07/2019
Nijlen,Mathis,Mannelijk,06/14/2019
Charleroi,Morgan,Mannelijk,06/08/2019
Quévy,Véronique,Vrouwelijk,06/19/2019
Musson,Christiane,Vrouwelijk,06/15/2019
Sombreffe,Louis,Mannelijk,06/17/2019
Anderlecht,Aurore,Vrouwelijk,06/14/2019
De Panne,Wendy,Vrouwelijk,06/16/2019
Lommel,Daphne,Vrouwelijk,06/15/2019
Haaltert,Frank,Mannelijk,06/17/2019
Elsene,Monia,Vrouwelijk,06/10/2019
Luik,Fanny,Vrouwelijk,06/13/2019
Antwerpen,Urszula,Vrouwelijk,06/22/2019
Ukkel,Ludivine,Vrouwelijk,06/23/2019
Weismes,Charlotte,Vrouwelijk,06/18/2019
Tielt (Tielt),Steven,Mannelijk,06/23/2019
Melle,Kurt,Mannelijk,06/05/2019
Saint-Nicolas (Luik),Evelyne,Vrouwelijk,06/14/2019
Fontaine-l’Evêque,Rachel,Vrouwelijk,06/09/2019
Boom,Didier,Mannelijk,06/12/2019
Brugge,Franky,Mannelijk,07/03/2019
Doornik,Sophie,Vrouwelijk,06/10/2019
Tervuren,Yves,Mannelijk,06/13/2019
Beringen,Dilek,Vrouwelijk,07/03/2019
Lubbeek,Liliane,Vrouwelijk,06/15/2019
Heist-op-den-Berg,Annemie,Vrouwelijk,06/12/2019
Sint-Pieters-Woluwe,Bruno,Mannelijk,06/08/2019
Liedekerke,Emma,Vrouwelijk,06/20/2019
Harelbeke,Christiane,Vrouwelijk,06/09/2019
Soumagne,Mila,Vrouwelijk,06/16/2019
Antwerpen,Mohamed,Mannelijk,06/05/2019
Brussel,Dorian,Mannelijk,06/09/2019
Gent,Said,Mannelijk,06/17/2019
Sint-Jans-Molenbeek,Thomas,Mannelijk,06/23/2019
Kontich,Véronique,Vrouwelijk,06/06/2019
Vorst (Brussel-Hoofdstad),Antonio,Mannelijk,06/12/2019
Peer,Sabine,Vrouwelijk,06/17/2019
Antwerpen,Shmuel,Mannelijk,06/05/2019
Gent,Véronique,Vrouwelijk,06/10/2019
Antwerpen,Kristof,Mannelijk,06/20/2019
Etterbeek,Adam,Mannelijk,06/16/2019
Eigenbrakel,Delphine,Vrouwelijk,06/08/2019
Gent,Hüseyin,Mannelijk,06/12/2019
Wezembeek-Oppem,Magali,Vrouwelijk,06/18/2019
Beveren (Sint-Niklaas),Pieter,Mannelijk,06/03/2019
Wevelgem,Anna,Vrouwelijk,06/12/2019
Saint-Ghislain,Antonio,Mannelijk,06/21/2019
Luik,Dimitri,Mannelijk,07/06/2019
Waver,Vinciane,Vrouwelijk,07/04/2019
Mol,Olivia,Vrouwelijk,06/12/2019
Andenne,Shanna,Vrouwelijk,06/14/2019
Fléron,Yvonne,Vrouwelijk,06/11/2019
Tubeke,Robert,Mannelijk,06/17/2019
Herk-de-Stad,Eric,Mannelijk,06/12/2019
Brakel,Nelly,Vrouwelijk,06/05/2019
Lanaken,Ronald,Mannelijk,06/11/2019
Schilde,Marleen,Vrouwelijk,06/13/2019
Tubeke,Jean,Mannelijk,06/08/2019
Brecht,Olga,Vrouwelijk,06/15/2019
Lier,Magda,Vrouwelijk,06/05/2019
Sint-Jans-Molenbeek,Fatiha,Vrouwelijk,06/07/2019
Binche,Antonio,Mannelijk,06/23/2019
Kortrijk,Dirk,Mannelijk,08/04/2019
Saint-Nicolas (Luik),Nina,Vrouwelijk,06/28/2019
Zemst,Jenny,Vrouwelijk,06/18/2019
Beringen,Bas,Mannelijk,06/08/2019
Torhout,Cedric,Mannelijk,06/10/2019
Brugge,Marie,Vrouwelijk,06/14/2019
Bocholt,Sanne,Vrouwelijk,06/05/2019
Sint-Truiden,Carla,Vrouwelijk,06/13/2019
Riemst,Karolien,Vrouwelijk,07/17/2019
Roeselare,Baptist,Mannelijk,07/04/2019
Gent,Oscar,Mannelijk,06/05/2019
Heist-op-den-Berg,Robbe,Mannelijk,06/12/2019
Mechelen,Liv,Vrouwelijk,06/13/2019
Brussel,Paolo,Mannelijk,06/11/2019
Elsene,Céline,Vrouwelijk,06/05/2019
Leuven,Frédérique,Vrouwelijk,06/09/2019
Machelen (Halle-Vilvoorde),Luna,Vrouwelijk,06/03/2019
Charleroi,Raphaël,Mannelijk,06/09/2019
Anderlecht,Pierre,Mannelijk,06/15/2019
Oupeye,Daniel,Mannelijk,06/10/2019
Liedekerke,Véronique,Vrouwelijk,06/14/2019
Brasschaat,Ilse,Vrouwelijk,06/20/2019
Zaventem,Jacques,Mannelijk,06/10/2019
Bekkevoort,Els,Vrouwelijk,06/15/2019
Brussel,Monique,Vrouwelijk,06/17/2019
Thuin,Vincent,Mannelijk,07/26/2019
Chapelle-lez-Herlaimont,Philippe,Mannelijk,06/17/2019
La Louvière,Thierry,Mannelijk,06/21/2019
Binche,Johan,Mannelijk,06/10/2019
Chaumont-Gistoux,Emma,Vrouwelijk,06/12/2019
Sint-Lievens-Houtem,Nathalie,Vrouwelijk,07/03/2019
Zedelgem,Justine,Vrouwelijk,06/14/2019
Lanaken,Elisa,Vrouwelijk,06/12/2019
Mortsel,Michiel,Mannelijk,07/04/2019
Izegem,Anne-Marie,Vrouwelijk,06/04/2019
Aiseau-Presles,Noah,Mannelijk,06/17/2019
Antwerpen,Samira,Vrouwelijk,06/13/2019
Gent,Chantal,Vrouwelijk,06/19/2019
Charleroi,Pascal,Mannelijk,06/29/2019
Hélécine,Alain,Mannelijk,06/18/2019
Kortrijk,Kevin,Mannelijk,06/20/2019
Ans,Patricia,Vrouwelijk,06/17/2019
Ternat,Willy,Mannelijk,06/10/2019
Dilsen-Stokkem,Wendy,Vrouwelijk,06/18/2019
Gent,Frank,Mannelijk,06/19/2019
Kortrijk,Luca,Vrouwelijk,06/15/2019
Poperinge,Rik,Mannelijk,06/16/2019
Londerzeel,Lisette,Vrouwelijk,06/06/2019
Andenne,Patricia,Vrouwelijk,06/19/2019
Moerbeke (Gent),Seppe,Mannelijk,06/15/2019
Evere,Cathy,Vrouwelijk,06/12/2019
Genk,Sandra,Vrouwelijk,06/26/2019
Gent,Nand,Mannelijk,06/09/2019
Saint-Georges-sur-Meuse,Anna,Vrouwelijk,06/17/2019
Bergen,Brandon,Mannelijk,06/19/2019
Antwerpen,Alper,Mannelijk,06/04/2019
Péruwelz,Maryline,Vrouwelijk,06/13/2019
Antwerpen,Nawfal,Mannelijk,06/15/2019
Lebbeke,Christel,Vrouwelijk,06/20/2019
Assesse,Antoine,Mannelijk,06/17/2019
Lummen,Deborah,Vrouwelijk,06/10/2019
Lede,Raf,Mannelijk,07/03/2019
Linkebeek,Claudine,Vrouwelijk,06/04/2019
Assesse,Geoffrey,Mannelijk,06/16/2019
Blegny,Irina,Vrouwelijk,06/04/2019
Namen,Louis,Mannelijk,06/17/2019
Genk,Stef,Mannelijk,06/14/2019
Glabbeek,Chris,Mannelijk,06/12/2019
Sint-Niklaas (Sint-Niklaas),Larissa,Vrouwelijk,06/09/2019
Ganshoren,Giuseppe,Mannelijk,06/12/2019
Anzegem,Annelies,Vrouwelijk,06/14/2019
Ninove,Kristof,Mannelijk,06/06/2019
Elsene,Saida,Vrouwelijk,06/10/2019
Malle,Stef,Mannelijk,06/18/2019
Messancy,Emma,Vrouwelijk,06/13/2019
Holsbeek,Hans,Mannelijk,06/16/2019
Aarschot,Shirley,Vrouwelijk,06/09/2019
Assenede,Petra,Vrouwelijk,06/20/2019
Geraardsbergen,Paul,Mannelijk,06/15/2019
Ciney,Marie,Vrouwelijk,06/13/2019
Antwerpen,Aseel,Vrouwelijk,06/14/2019
Essen,Karen,Vrouwelijk,06/11/2019
Zaventem,Dirk,Mannelijk,06/03/2019
Wetteren,Annie,Vrouwelijk,06/07/2019
Blegny,Claire,Vrouwelijk,08/07/2019
Charleroi,Tiago,Mannelijk,06/17/2019
Blegny,Laurie,Vrouwelijk,06/16/2019
Luik,Loïc,Mannelijk,06/14/2019
Anderlecht,Fadma,Vrouwelijk,06/15/2019
Gistel,Hubert,Mannelijk,06/05/2019
Brugge,Ginette,Vrouwelijk,06/13/2019
Grimbergen,Patrick,Mannelijk,06/16/2019
Antwerpen,Sandra,Vrouwelijk,06/13/2019
Bornem,Brigitte,Vrouwelijk,06/22/2019
Bocholt,Lisette,Vrouwelijk,06/14/2019
Lichtervelde,Maria,Vrouwelijk,06/22/2019
Anderlecht,Ikram,Vrouwelijk,06/12/2019
Melle,Myriam,Vrouwelijk,06/16/2019
Saint-Nicolas (Luik),Giuseppe,Mannelijk,06/19/2019
Brugge,Gilbert,Mannelijk,06/13/2019
Meerhout,Dirk,Mannelijk,06/13/2019
Lebbeke,Hilda,Vrouwelijk,06/09/2019
Diepenbeek,Emma,Vrouwelijk,06/20/2019
Essen,Jozef,Mannelijk,06/14/2019
Antwerpen,Lieve,Vrouwelijk,06/14/2019
Antwerpen,Olivier,Mannelijk,06/04/2019
Stekene,Steve,Mannelijk,06/23/2019
Gent,Brigitte,Vrouwelijk,06/16/2019
Pont-à-Celles,Daniel,Mannelijk,06/07/2019
Brussel,Christian,Mannelijk,06/07/2019
Leuven,Joren,Mannelijk,07/02/2019
Binche,Dimitri,Mannelijk,06/19/2019
La Louvière,Salvatore,Mannelijk,06/04/2019
Affligem,Christophe,Mannelijk,06/17/2019
Antwerpen,Ibrahim,Mannelijk,06/18/2019
Viroinval,Simone,Vrouwelijk,06/19/2019
Ieper,Valerie,Vrouwelijk,06/15/2019
Oudenaarde,Liselot,Vrouwelijk,07/01/2019
Rotselaar,Elias,Mannelijk,06/12/2019
Sint-Lambrechts-Woluwe,Nicolas,Mannelijk,06/16/2019
Luik,Pascal,Mannelijk,06/15/2019
Harelbeke,Ruth,Vrouwelijk,06/10/2019
Hamme (Dendermonde),Anouk,Vrouwelijk,06/13/2019
Antwerpen,Mandy,Vrouwelijk,06/18/2019
Leuven,Hugo,Mannelijk,06/05/2019
Hoei,Marie,Vrouwelijk,06/18/2019
Gembloux,Salomé,Vrouwelijk,06/19/2019
Scherpenheuvel-Zichem,André,Mannelijk,06/17/2019
Oudergem,Anne,Vrouwelijk,06/15/2019
Quaregnon,Marjorie,Vrouwelijk,06/10/2019
Sint-Lievens-Houtem,Ingrid,Vrouwelijk,06/06/2019
Charleroi,Jasmine,Vrouwelijk,06/18/2019
Westerlo,Maria,Vrouwelijk,06/09/2019
Schelle,Carine,Vrouwelijk,06/03/2019
Namen,Nathalie,Vrouwelijk,06/09/2019
Manage,Massimo,Mannelijk,06/13/2019
Brussel,Kaoutar,Vrouwelijk,06/14/2019
Wezet,Jacqueline,Vrouwelijk,06/16/2019
Gent,Margot,Vrouwelijk,06/23/2019
Hoogstraten,Catalin,Mannelijk,06/22/2019
Büllingen,Margareta,Vrouwelijk,06/03/2019
Charleroi,Sefa,Mannelijk,06/06/2019
Chapelle-lez-Herlaimont,Thierry,Mannelijk,06/15/2019
Kortrijk,Peter,Mannelijk,06/23/2019
Antoing,Antoine,Mannelijk,06/07/2019
Charleroi,Mattéo,Mannelijk,07/17/2019
Namen,Ludovic,Mannelijk,06/17/2019
Andenne,Bernard,Mannelijk,06/16/2019
Genk,Rkia,Vrouwelijk,06/21/2019
Ardooie,Silke,Vrouwelijk,06/09/2019
Zwalm,Eline,Vrouwelijk,07/19/2019
Wetteren,Elias,Mannelijk,07/02/2019
