gemeente,naam,geslacht,verwachte datum
Kortrijk,Kathleen,Vrouwelijk,11/29/2019
Zoersel,Godelieve,Vrouwelijk,12/08/2019
Montigny-le-Tilleul,Sabrina,Vrouwelijk,12/04/2019
Heusden-Zolder,Guido,Mannelijk,12/10/2019
Diest,Jeannine,Vrouwelijk,11/23/2019
Oudergem,Francine,Vrouwelijk,11/28/2019
Zwevegem,Ria,Vrouwelijk,11/30/2019
Vilvoorde,Dirk,Mannelijk,12/05/2019
Schaarbeek,Aurélie,Vrouwelijk,12/25/2019
Lommel,Werner,Mannelijk,11/27/2019
Dilbeek,Germana,Vrouwelijk,12/13/2019
Evergem,Veronique,Vrouwelijk,12/12/2019
Tubeke,Antonio,Mannelijk,12/12/2019
Mechelen,Rafaël,Mannelijk,11/30/2019
Torhout,Rik,Mannelijk,11/30/2019
Mechelen,Hafida,Vrouwelijk,12/04/2019
Asse,Luka,Mannelijk,11/24/2019
Kontich,Augustinus,Mannelijk,12/10/2019
Sint-Gillis,Anny,Vrouwelijk,12/02/2019
Charleroi,Brenda,Vrouwelijk,12/11/2019
Oostende,Mateo,Mannelijk,12/11/2019
Watermaal-Bosvoorde,Fabian,Mannelijk,12/08/2019
Bredene,Jozef,Mannelijk,12/05/2019
Dendermonde,Vanessa,Vrouwelijk,12/07/2019
Houthalen-Helchteren,Cindy,Vrouwelijk,11/27/2019
Fontaine-l’Evêque,Mirella,Vrouwelijk,12/02/2019
Sint-Genesius-Rode,Freddy,Mannelijk,12/05/2019
Arendonk,Tim,Mannelijk,12/04/2019
Colfontaine,Béatrice,Vrouwelijk,12/06/2019
Destelbergen,Jolien,Vrouwelijk,12/03/2019
Sint-Pieters-Woluwe,Nicole,Vrouwelijk,11/22/2019
Berlare,Thomas,Mannelijk,12/03/2019
Herzele,Sarah,Vrouwelijk,11/28/2019
Châtelet,Guy,Mannelijk,12/04/2019
Anderlecht,Olivier,Mannelijk,12/08/2019
Sint-Agatha-Berchem,Cathy,Vrouwelijk,11/24/2019
Celles (Doornik),Katty,Vrouwelijk,11/30/2019
Turnhout,Stijn,Mannelijk,12/04/2019
Oudenaarde,Sonja,Vrouwelijk,12/06/2019
Brussel,Ralf,Mannelijk,12/20/2019
Roeselare,Claude,Mannelijk,12/07/2019
Gent,Patrick,Mannelijk,11/22/2019
Ecaussinnes,Raymond,Mannelijk,12/07/2019
Antwerpen,Vladimir,Mannelijk,12/04/2019
Meise,Hubert,Mannelijk,12/17/2019
Zinnik,Guillaume,Mannelijk,11/26/2019
Le Roeulx,Jérôme,Mannelijk,12/04/2019
Zandhoven,Nick,Mannelijk,11/23/2019
Oostende,Gilbert,Mannelijk,11/28/2019
Wezet,Marc,Mannelijk,12/06/2019
Ichtegem,Renée,Vrouwelijk,12/08/2019
Antwerpen,Marc,Mannelijk,12/30/2019
Putte,Thomas,Mannelijk,11/24/2019
Luik,Benoît,Mannelijk,12/13/2019
Geel,Annick,Vrouwelijk,12/02/2019
Cerfontaine,Paul,Mannelijk,12/08/2019
Dilbeek,Patricia,Vrouwelijk,11/30/2019
Aalst (Aalst),Marit,Vrouwelijk,11/30/2019
Sint-Jans-Molenbeek,Kaïs,Mannelijk,12/05/2019
Bergen,Valérie,Vrouwelijk,12/05/2019
Houyet,Nicolas,Mannelijk,12/07/2019
Luik,Nicole,Vrouwelijk,11/25/2019
Mechelen,Amanda,Vrouwelijk,12/09/2019
Sint-Jans-Molenbeek,Sarah,Vrouwelijk,12/07/2019
Harelbeke,Piet,Mannelijk,11/29/2019
Brecht,Dirk,Mannelijk,12/05/2019
Sint-Jans-Molenbeek,Vanessa,Vrouwelijk,12/05/2019
Kontich,Marina,Vrouwelijk,12/09/2019
Ukkel,Simone,Vrouwelijk,11/26/2019
Kortenaken,Jonas,Mannelijk,11/22/2019
Dilsen-Stokkem,Leen,Vrouwelijk,11/25/2019
Antwerpen,Valerie,Vrouwelijk,11/27/2019
Luik,David,Mannelijk,12/02/2019
Court-Saint-Etienne,Ana,Vrouwelijk,01/16/2020
Lier,Ingrid,Vrouwelijk,12/11/2019
Lessen,Loïc,Mannelijk,12/06/2019
Ukkel,Reza,Mannelijk,12/09/2019
Courcelles,Christophe,Mannelijk,12/09/2019
Oud-Turnhout,Jan,Mannelijk,11/24/2019
Beersel,Willy,Mannelijk,12/18/2019
Ecaussinnes,Florent,Mannelijk,12/10/2019
Moorslede,Mieke,Vrouwelijk,12/04/2019
Wetteren,Sabine,Vrouwelijk,12/03/2019
Hove (Antwerpen),Jeannine,Vrouwelijk,12/01/2019
Heusden-Zolder,Alexander,Mannelijk,12/04/2019
Seneffe,Jacqueline,Vrouwelijk,11/27/2019
Sint-Gillis,Saadia,Vrouwelijk,12/01/2019
Lessen,Anne,Vrouwelijk,12/12/2019
Erquelinnes,Francis,Mannelijk,12/01/2019
Leuven,Wout,Mannelijk,12/01/2019
Duffel,Gabriela,Vrouwelijk,12/03/2019
Houthalen-Helchteren,Maarten,Mannelijk,11/26/2019
Lokeren,Martha,Vrouwelijk,11/23/2019
Izegem,Tine,Vrouwelijk,12/16/2019
Eigenbrakel,Josette,Vrouwelijk,12/15/2019
Hastière,Catherine,Vrouwelijk,12/10/2019
Heuvelland,Katrien,Vrouwelijk,11/27/2019
Sint-Truiden,Erik,Mannelijk,12/09/2019
Antwerpen,Anny,Vrouwelijk,12/02/2019
Waregem,Mathilde,Vrouwelijk,12/12/2019
Thuin,Marcel,Mannelijk,12/02/2019
Charleroi,Nezha,Vrouwelijk,12/04/2019
Gent,Cansu,Vrouwelijk,12/19/2019
Antwerpen,Paul,Mannelijk,12/01/2019
Soumagne,Hervé,Mannelijk,11/30/2019
Tubeke,Sara,Vrouwelijk,11/29/2019
Zedelgem,Wouter,Mannelijk,12/04/2019
Essen,Antonius,Mannelijk,11/30/2019
Deinze,Veerle,Vrouwelijk,12/11/2019
Seraing,Eric,Mannelijk,12/01/2019
Antwerpen,Afnan,Vrouwelijk,12/20/2019
Brussel,Liliane,Vrouwelijk,11/28/2019
Bilzen,Cecilia,Vrouwelijk,12/03/2019
Saint-Nicolas (Luik),Germaine,Vrouwelijk,11/29/2019
Frameries,Aurore,Vrouwelijk,12/03/2019
Lommel,Luna,Vrouwelijk,12/12/2019
Rixensart,Jacques,Mannelijk,12/11/2019
Luik,Malik,Mannelijk,11/29/2019
Moeskroen,Marion,Vrouwelijk,12/03/2019
Oostende,Fabienne,Vrouwelijk,12/06/2019
Chaudfontaine,Josette,Vrouwelijk,11/25/2019
Oudenburg,Paula,Vrouwelijk,12/10/2019
Oud-Turnhout,Finn,Mannelijk,11/30/2019
Westerlo,Michael,Mannelijk,12/01/2019
Couvin,Léa,Vrouwelijk,12/07/2019
Kraainem,David,Mannelijk,12/05/2019
Herstal,Patricia,Vrouwelijk,11/30/2019
Anderlecht,Kawtar,Vrouwelijk,12/06/2019
Orp-Jauche,Dorian,Mannelijk,12/01/2019
Maaseik,Peter,Mannelijk,11/23/2019
Boortmeerbeek,Katleen,Vrouwelijk,11/26/2019
Jette,Lila,Vrouwelijk,11/30/2019
Saint-Georges-sur-Meuse,Estelle,Vrouwelijk,12/01/2019
Brussel,Eric,Mannelijk,12/07/2019
Schaarbeek,Christophe,Mannelijk,12/14/2019
Lessen,Francis,Mannelijk,12/04/2019
Kortenberg,Suzanne,Vrouwelijk,12/09/2019
Aartselaar,Greta,Vrouwelijk,12/10/2019
Zemst,Annick,Vrouwelijk,12/20/2019
Namen,Bérangère,Vrouwelijk,11/29/2019
Geel,Anita,Vrouwelijk,12/02/2019
Scherpenheuvel-Zichem,Maria,Vrouwelijk,12/05/2019
Namen,Jean-Louis,Mannelijk,12/04/2019
Quaregnon,Jocelyne,Vrouwelijk,12/06/2019
Heusden-Zolder,Kelly,Vrouwelijk,12/25/2019
Anderlecht,Mihai,Mannelijk,11/26/2019
Oostkamp,Hugo,Mannelijk,11/29/2019
Waver,Renée,Vrouwelijk,11/26/2019
Geraardsbergen,Alain,Mannelijk,12/07/2019
Gent,Nora,Vrouwelijk,11/24/2019
Awans,Bernadette,Vrouwelijk,12/11/2019
Destelbergen,Isabel,Vrouwelijk,12/18/2019
Brussel,Latifa,Vrouwelijk,12/02/2019
Dendermonde,Josepha,Vrouwelijk,12/02/2019
Gent,Marleen,Vrouwelijk,11/26/2019
Le Roeulx,Michaël,Mannelijk,11/23/2019
Overijse,Agnes,Vrouwelijk,12/03/2019
Westerlo,Eva,Vrouwelijk,12/17/2019
La Louvière,Hugo,Mannelijk,12/15/2019
Charleroi,Alain,Mannelijk,12/01/2019
Oudenaarde,Maurice,Mannelijk,12/03/2019
Evere,Amine,Mannelijk,12/12/2019
Gent,Willy,Mannelijk,11/30/2019
Grâce-Hollogne,Roxane,Vrouwelijk,12/08/2019
Mechelen,Fleur,Vrouwelijk,12/11/2019
Denderleeuw,Etienne,Mannelijk,12/18/2019
Nieuwpoort,Lara,Vrouwelijk,11/29/2019
Zoersel,Paul,Mannelijk,12/24/2019
Vilvoorde,Sonja,Vrouwelijk,12/01/2019
Mechelen,Fatima,Vrouwelijk,11/30/2019
Lierde,Frank,Mannelijk,12/08/2019
Antwerpen,Adam,Mannelijk,11/30/2019
Orp-Jauche,Stéphane,Mannelijk,11/30/2019
Koekelberg,Nicolas,Mannelijk,11/28/2019
Etterbeek,Nicole,Vrouwelijk,12/04/2019
Essen,Jef,Mannelijk,12/02/2019
Brussel,Mamadou,Mannelijk,11/28/2019
Lokeren,Filip,Mannelijk,12/04/2019
Beringen,Helen,Vrouwelijk,11/28/2019
Ternat,Rita,Vrouwelijk,12/23/2019
Jabbeke,Dominique,Vrouwelijk,11/30/2019
Bergen,Valentina,Vrouwelijk,11/24/2019
Bornem,Christianne,Vrouwelijk,12/10/2019
Chimay,Dominique,Mannelijk,11/23/2019
Edegem,Kristel,Vrouwelijk,11/25/2019
Weismes,Sébastien,Mannelijk,12/11/2019
Welkenraedt,Jonathan,Mannelijk,11/27/2019
Gouvy,Albert,Mannelijk,12/11/2019
Sint-Joost-ten-Node,Zoé,Vrouwelijk,12/01/2019
Hulshout,Luna,Vrouwelijk,12/23/2019
Zinnik,Clément,Mannelijk,12/12/2019
Komen-Waasten,Marguerite,Vrouwelijk,12/01/2019
Buggenhout,Marcella,Vrouwelijk,11/29/2019
Gistel,Helena,Vrouwelijk,12/13/2019
Roeselare,Dieter,Mannelijk,11/30/2019
Antwerpen,Maria,Vrouwelijk,11/24/2019
Frasnes-lez-Anvaing,Antoine,Mannelijk,12/05/2019
Liedekerke,Gustaaf,Mannelijk,12/21/2019
Doornik,Raphaël,Mannelijk,12/11/2019
Houyet,Cyril,Mannelijk,11/29/2019
Seraing,Mohamed,Mannelijk,12/05/2019
Grâce-Hollogne,Claude,Mannelijk,12/07/2019
Zedelgem,Thierry,Mannelijk,12/09/2019
Luik,Lourdes,Vrouwelijk,12/29/2019
Asse,Liza,Vrouwelijk,12/03/2019
Elsene,Zakia,Vrouwelijk,11/24/2019
Zwijndrecht,Nicole,Vrouwelijk,11/24/2019
Antwerpen,Farooq,Mannelijk,12/04/2019
Herstal,Corinne,Vrouwelijk,11/29/2019
Kapellen (Antwerpen),Roger,Mannelijk,12/08/2019
Kortrijk,Amal,Vrouwelijk,12/06/2019
Lint,Martine,Vrouwelijk,11/30/2019
Kortrijk,Christa,Vrouwelijk,12/05/2019
Heusden-Zolder,Gilbert,Mannelijk,12/07/2019
Ardooie,Luna,Vrouwelijk,12/05/2019
Eigenbrakel,Célestine,Vrouwelijk,01/08/2020
Luik,Liliane,Vrouwelijk,12/12/2019
Waregem,Rogette,Vrouwelijk,11/28/2019
Ternat,Nathalie,Vrouwelijk,11/28/2019
Oudenaarde,Timothy,Mannelijk,11/25/2019
Schaarbeek,Robin,Mannelijk,12/07/2019
Maasmechelen,Demi,Vrouwelijk,11/27/2019
Vilvoorde,Ann,Vrouwelijk,12/01/2019
Rendeux,Peter,Mannelijk,11/30/2019
Jette,Nicolae,Mannelijk,11/24/2019
Heist-op-den-Berg,Amber,Vrouwelijk,12/06/2019
Jette,Jacqueline,Vrouwelijk,11/30/2019
Gistel,Eline,Vrouwelijk,11/22/2019
Vorst (Brussel-Hoofdstad),Nabil,Mannelijk,12/04/2019
Schilde,Bart,Mannelijk,11/26/2019
Boortmeerbeek,Daniel,Mannelijk,11/25/2019
Vilvoorde,Valentin,Mannelijk,12/08/2019
Flémalle,Malika,Vrouwelijk,12/05/2019
Ciney,Corinne,Vrouwelijk,12/08/2019
Damme,Jozef,Mannelijk,12/10/2019
Bastenaken,Philippe,Mannelijk,12/10/2019
Wichelen,Frank,Mannelijk,12/12/2019
Antwerpen,Magda,Vrouwelijk,12/05/2019
Hove (Antwerpen),Jan,Mannelijk,12/09/2019
Doornik,Frédéric,Mannelijk,11/29/2019
Bertrix,Nadine,Vrouwelijk,11/29/2019
Ukkel,Maria,Vrouwelijk,11/25/2019
Wemmel,Marianne,Vrouwelijk,11/29/2019
Huldenberg,Philip,Mannelijk,12/09/2019
Watermaal-Bosvoorde,Véronique,Vrouwelijk,11/24/2019
Etterbeek,Jean-Sébastien,Mannelijk,12/06/2019
Dilsen-Stokkem,Maria,Vrouwelijk,12/01/2019
Geldenaken,Denise,Vrouwelijk,12/12/2019
Antwerpen,Yunus,Mannelijk,11/27/2019
Gent,Anouk,Vrouwelijk,12/09/2019
Charleroi,Maxence,Mannelijk,12/03/2019
Willebroek,Kelly,Vrouwelijk,12/01/2019
Charleroi,Océane,Vrouwelijk,11/23/2019
Chastre,Fabrice,Mannelijk,12/08/2019
Zutendaal,Sofie,Vrouwelijk,12/06/2019
Herk-de-Stad,Valerie,Vrouwelijk,12/05/2019
Eeklo,Siebe,Mannelijk,12/03/2019
Berlaar,Agnes,Vrouwelijk,12/21/2019
Evere,Guillaume,Mannelijk,12/02/2019
La Louvière,Olivier,Mannelijk,12/08/2019
Arendonk,Theo,Mannelijk,12/02/2019
Houthalen-Helchteren,Jos,Mannelijk,11/29/2019
Charleroi,Clara,Vrouwelijk,12/04/2019
Turnhout,Gloria,Vrouwelijk,12/05/2019
Tervuren,Megan,Vrouwelijk,12/02/2019
Charleroi,Romane,Vrouwelijk,12/24/2019
Jabbeke,Hanne,Vrouwelijk,11/30/2019
Charleroi,Francq,Mannelijk,12/04/2019
Luik,Nathalie,Vrouwelijk,11/22/2019
Tellin,Hugo,Mannelijk,11/23/2019
Mechelen,Marie-Louise,Vrouwelijk,12/07/2019
Charleroi,Jean-Marie,Mannelijk,12/01/2019
Deinze,Jan,Mannelijk,11/26/2019
Sint-Laureins,Denise,Vrouwelijk,11/30/2019
Willebroek,Helga,Vrouwelijk,11/26/2019
Elsene,Alex,Mannelijk,12/05/2019
Namen,Annick,Vrouwelijk,12/04/2019
Pont-à-Celles,Anthony,Mannelijk,12/09/2019
Kortenberg,Sven,Mannelijk,11/29/2019
Momignies,Christian,Mannelijk,11/30/2019
Bertogne,Louis,Mannelijk,11/27/2019
Kontich,Jef,Mannelijk,11/29/2019
Wevelgem,Marcel,Mannelijk,01/15/2020
Sint-Lambrechts-Woluwe,Issa,Mannelijk,12/01/2019
Sint-Lambrechts-Woluwe,Sophie,Vrouwelijk,12/01/2019
Kapelle-op-den-Bos,Nathalie,Vrouwelijk,11/29/2019
Sint-Gillis,Alexis,Mannelijk,12/04/2019
Sint-Gillis,Alexandre,Mannelijk,12/12/2019
Anderlecht,El,Mannelijk,12/02/2019
Seraing,Grazia,Vrouwelijk,12/09/2019
Charleroi,Chantal,Vrouwelijk,12/21/2019
Florennes,Tania,Vrouwelijk,11/30/2019
Brugge,Laura,Vrouwelijk,11/29/2019
Schoten,Amelia,Vrouwelijk,11/29/2019
Schaarbeek,Claire,Vrouwelijk,11/24/2019
Terhulpen,Aline,Vrouwelijk,11/30/2019
Luik,Pavel,Mannelijk,11/30/2019
