gemeente,naam,geslacht,verwachte datum
Wevelgem,Finn,Mannelijk,05/06/2019
Geel,Marie,Vrouwelijk,05/12/2019
Brussel,Emanuel,Mannelijk,05/02/2019
Nieuwerkerken (Hasselt),Hanne,Vrouwelijk,05/01/2019
Charleroi,Louka,Mannelijk,05/06/2019
Evergem,Nancy,Vrouwelijk,05/04/2019
Boortmeerbeek,Didier,Mannelijk,05/15/2019
Antwerpen,Irena,Vrouwelijk,05/05/2019
Deerlijk,Kimberley,Vrouwelijk,05/08/2019
Brussel,Mimoun,Mannelijk,05/11/2019
Zedelgem,Suzanna,Vrouwelijk,05/22/2019
La Louvière,Remo,Mannelijk,05/16/2019
Herk-de-Stad,Marc,Mannelijk,05/07/2019
Mechelen,Nassira,Vrouwelijk,05/07/2019
Antwerpen,Alicja,Vrouwelijk,05/04/2019
Schaarbeek,Isabelle,Vrouwelijk,05/01/2019
Sint-Niklaas (Sint-Niklaas),Ellen,Vrouwelijk,06/17/2019
Gent,Patricia,Vrouwelijk,05/18/2019
Gerpinnes,Jeannine,Vrouwelijk,04/28/2019
Marche-en-Famenne,Paul,Mannelijk,04/28/2019
Gent,Döne,Vrouwelijk,05/07/2019
Izegem,Raymonda,Vrouwelijk,05/11/2019
Kasterlee,Leen,Vrouwelijk,05/09/2019
Antwerpen,Kristof,Mannelijk,05/04/2019
Brecht,Ella,Vrouwelijk,05/18/2019
Aiseau-Presles,Romain,Mannelijk,05/03/2019
Bornem,Monique,Vrouwelijk,05/03/2019
Ingelmunster,Heidi,Vrouwelijk,05/14/2019
Philippeville,Morgane,Vrouwelijk,05/03/2019
Leuven,Aleksandra,Vrouwelijk,04/29/2019
Lens,Eloïse,Vrouwelijk,05/10/2019
Charleroi,Grégory,Mannelijk,05/07/2019
Beringen,Anja,Vrouwelijk,05/10/2019
Leuven,Ferre,Mannelijk,05/07/2019
Bastenaken,Virginie,Vrouwelijk,04/24/2019
Brugge,Lars,Mannelijk,05/14/2019
Gent,Anne,Vrouwelijk,05/27/2019
Chaudfontaine,Simonne,Vrouwelijk,05/05/2019
Péruwelz,Aline,Vrouwelijk,05/02/2019
Vorselaar,Brent,Mannelijk,04/29/2019
Ronse,Leen,Vrouwelijk,05/09/2019
Destelbergen,Griet,Vrouwelijk,06/15/2019
Charleroi,Théo,Mannelijk,05/06/2019
Halle (Halle-Vilvoorde),Zoë,Vrouwelijk,04/29/2019
Gent,Yoran,Mannelijk,05/04/2019
Riemst,Mathieu,Mannelijk,05/03/2019
Bergen,Rose,Vrouwelijk,05/22/2019
Genk,Marie-Louise,Vrouwelijk,04/27/2019
Péruwelz,Jonathan,Mannelijk,05/01/2019
Jette,Karine,Vrouwelijk,04/25/2019
Deinze,Sebastien,Mannelijk,05/14/2019
Gent,Christiane,Vrouwelijk,04/26/2019
Deinze,Hilde,Vrouwelijk,05/05/2019
Namen,Maria,Vrouwelijk,04/25/2019
Bierbeek,Veerle,Vrouwelijk,05/05/2019
Namen,Antoine,Mannelijk,05/11/2019
Antwerpen,Luan,Mannelijk,05/01/2019
Maaseik,Katrijn,Vrouwelijk,05/05/2019
Charleroi,Isabelle,Vrouwelijk,04/27/2019
Brugge,Maria,Vrouwelijk,04/27/2019
Hechtel-Eksel,Sandra,Vrouwelijk,05/04/2019
Flémalle,Angèle,Vrouwelijk,05/28/2019
Ham,Cindy,Vrouwelijk,05/07/2019
Komen-Waasten,Lucas,Mannelijk,05/08/2019
Ieper,Gabriel,Mannelijk,05/12/2019
Antwerpen,Hicham,Mannelijk,04/27/2019
Schilde,Filip,Mannelijk,05/07/2019
Maaseik,Liliane,Vrouwelijk,04/27/2019
Berlare,Bart,Mannelijk,05/12/2019
Antwerpen,Islam,Mannelijk,05/08/2019
Lens,Ghislaine,Vrouwelijk,05/15/2019
Denderleeuw,Stefanie,Vrouwelijk,05/17/2019
Asse,Joachim,Mannelijk,04/26/2019
Antwerpen,Sanne,Vrouwelijk,05/06/2019
Anderlecht,Yassine,Mannelijk,05/10/2019
Gent,Ann,Vrouwelijk,05/06/2019
Gent,Marc,Mannelijk,05/14/2019
Oudenaarde,Eric,Mannelijk,05/04/2019
Profondeville,Gauthier,Mannelijk,05/05/2019
Antwerpen,Hassna,Vrouwelijk,06/13/2019
Beringen,Mehmet,Mannelijk,05/04/2019
Destelbergen,Agnes,Vrouwelijk,05/23/2019
Brugge,Bart,Mannelijk,05/27/2019
Theux,Jacques,Mannelijk,05/07/2019
Genk,Engin,Mannelijk,05/11/2019
Assenede,Mario,Mannelijk,05/08/2019
Charleroi,Amélie,Vrouwelijk,05/11/2019
Incourt,Manon,Vrouwelijk,05/22/2019
Hasselt,Jacqueline,Vrouwelijk,05/06/2019
Vorst (Brussel-Hoofdstad),Stefanie,Vrouwelijk,05/22/2019
Koekelberg,Delphine,Vrouwelijk,05/02/2019
Ukkel,Robert,Mannelijk,05/10/2019
Antwerpen,Helene,Vrouwelijk,05/04/2019
Maasmechelen,Elisabeth,Vrouwelijk,05/02/2019
Gembloux,Aurélie,Vrouwelijk,05/05/2019
Luik,Paul,Mannelijk,04/29/2019
Luik,Thomas,Mannelijk,06/21/2019
Staden,Deborah,Vrouwelijk,04/28/2019
Waregem,Christine,Vrouwelijk,05/08/2019
Antwerpen,Ethan,Mannelijk,05/07/2019
Genk,Godelieve,Vrouwelijk,04/28/2019
Zwevegem,Dirk,Mannelijk,05/28/2019
Tervuren,Jean,Mannelijk,06/23/2019
Wielsbeke,Hannelore,Vrouwelijk,05/15/2019
Sint-Jans-Molenbeek,René,Mannelijk,05/04/2019
Mechelen,Sven,Mannelijk,05/24/2019
La Louvière,Christophe,Mannelijk,04/29/2019
Borgworm,Mathias,Mannelijk,05/04/2019
Diest,Amelie,Vrouwelijk,05/05/2019
Brugge,Dieter,Mannelijk,05/12/2019
Gembloux,Joseph,Mannelijk,04/24/2019
Charleroi,Rolande,Vrouwelijk,05/26/2019
Laakdal,Eric,Mannelijk,04/29/2019
Middelkerke,François,Mannelijk,04/25/2019
Aarschot,Michaël,Mannelijk,05/18/2019
Durbuy,Claire,Vrouwelijk,05/02/2019
Ganshoren,Karim,Mannelijk,05/02/2019
Lint,Sabrina,Vrouwelijk,05/17/2019
Zandhoven,Lars,Mannelijk,05/06/2019
Aalst (Aalst),Bénédicte,Vrouwelijk,05/05/2019
Saint-Nicolas (Luik),Madison,Vrouwelijk,04/29/2019
Binche,Arthur,Mannelijk,05/05/2019
Middelkerke,Katleen,Vrouwelijk,04/24/2019
Knokke-Heist,Willem,Mannelijk,05/15/2019
Lobbes,Vincent,Mannelijk,05/29/2019
Turnhout,Bert,Mannelijk,05/04/2019
Charleroi,Anne,Vrouwelijk,05/07/2019
Ham-sur-Heure-Nalinnes,Philippe,Mannelijk,04/26/2019
Ledegem,Daniël,Mannelijk,05/19/2019
Herentals,Marie,Vrouwelijk,05/06/2019
Antwerpen,Rita,Vrouwelijk,05/06/2019
Blankenberge,Wouter,Mannelijk,05/14/2019
Court-Saint-Etienne,Eric,Mannelijk,05/19/2019
Eigenbrakel,João,Mannelijk,05/24/2019
Oosterzele,Christianne,Vrouwelijk,05/08/2019
Bertem,Marina,Vrouwelijk,05/03/2019
Brussel,Sean,Mannelijk,05/12/2019
Lokeren,Veerle,Vrouwelijk,04/30/2019
Oostende,Margaux,Vrouwelijk,04/29/2019
Thuin,Anne,Vrouwelijk,05/03/2019
Mol,Maria,Vrouwelijk,05/24/2019
Tervuren,Jack,Mannelijk,05/05/2019
Herstal,Jacqueline,Vrouwelijk,05/13/2019
Hasselt,Jana,Vrouwelijk,04/28/2019
Zulte,Roland,Mannelijk,05/13/2019
Laarne,Sabrina,Vrouwelijk,05/14/2019
Antwerpen,Dirk,Mannelijk,05/12/2019
Brussel,Anna,Vrouwelijk,04/27/2019
Eupen,Sonia,Vrouwelijk,04/28/2019
Koekelberg,Karima,Vrouwelijk,04/25/2019
Deinze,Clara,Vrouwelijk,05/01/2019
Andenne,Marie,Vrouwelijk,04/25/2019
Boussu,Nina,Vrouwelijk,05/14/2019
Berloz,Michelle,Vrouwelijk,04/24/2019
Izegem,Kevin,Mannelijk,05/06/2019
Sint-Niklaas (Sint-Niklaas),Kyara,Vrouwelijk,05/11/2019
Sint-Niklaas (Sint-Niklaas),Werner,Mannelijk,05/05/2019
Zutendaal,Valerie,Vrouwelijk,05/01/2019
Colfontaine,Kathy,Vrouwelijk,04/25/2019
Pelt,Anne-Marie,Vrouwelijk,05/08/2019
Kuurne,Margaretha,Vrouwelijk,04/24/2019
Leuven,Jing,Vrouwelijk,04/26/2019
Aalst (Aalst),Nico,Mannelijk,05/18/2019
Watermaal-Bosvoorde,Michel,Mannelijk,05/13/2019
Anderlues,Eden,Mannelijk,05/04/2019
Rumes,Estelle,Vrouwelijk,05/23/2019
Chièvres,Marie,Vrouwelijk,05/03/2019
Sint-Lievens-Houtem,Brent,Mannelijk,05/05/2019
Namen,Julien,Mannelijk,05/05/2019
Ardooie,Jeroen,Mannelijk,05/06/2019
Bree,Mathieu,Mannelijk,06/04/2019
Oostkamp,Kobe,Mannelijk,05/01/2019
Bergen,Jean-Michel,Mannelijk,05/12/2019
Scherpenheuvel-Zichem,Ilse,Vrouwelijk,05/07/2019
Ronse,Charlotte,Vrouwelijk,05/02/2019
Fléron,Kelly,Vrouwelijk,04/27/2019
Jemeppe-sur-Sambre,Lilou,Vrouwelijk,05/08/2019
Antwerpen,Emmanuela,Vrouwelijk,05/04/2019
Beveren (Sint-Niklaas),Victor,Mannelijk,05/06/2019
Aarschot,Sandra,Vrouwelijk,05/09/2019
Zonhoven,David,Mannelijk,05/07/2019
Kapellen (Antwerpen),Wouter,Mannelijk,04/28/2019
Tongeren,Frans,Mannelijk,04/28/2019
Charleroi,Emelyne,Vrouwelijk,04/27/2019
Sint-Gillis,Maria,Vrouwelijk,04/25/2019
Meerhout,Peter,Mannelijk,04/30/2019
Evergem,Sven,Mannelijk,04/30/2019
Sambreville,Marie,Vrouwelijk,05/02/2019
Braives,Jean,Mannelijk,05/07/2019
Gent,Doris,Vrouwelijk,05/07/2019
Leuven,Isolde,Vrouwelijk,05/06/2019
Lennik,Willy,Mannelijk,05/28/2019
Habay,Eva,Vrouwelijk,05/04/2019
Chaudfontaine,Emilie,Vrouwelijk,05/19/2019
Brussel,Carlos,Mannelijk,04/26/2019
Waregem,Nathalie,Vrouwelijk,05/02/2019
Komen-Waasten,Valentin,Mannelijk,05/02/2019
Aalter,Helena,Vrouwelijk,05/04/2019
Linkebeek,Roland,Mannelijk,05/03/2019
Antwerpen,Britt,Vrouwelijk,06/03/2019
Luik,Claire,Vrouwelijk,05/09/2019
Beringen,Amira,Vrouwelijk,04/30/2019
Ciney,Thérèse,Vrouwelijk,05/01/2019
Morlanwelz,Sabine,Vrouwelijk,05/13/2019
Aat,Maurine,Vrouwelijk,04/29/2019
Poperinge,Christiane,Vrouwelijk,05/06/2019
Anderlecht,Zaïnab,Vrouwelijk,05/01/2019
Aalst (Aalst),Glenn,Mannelijk,05/05/2019
Willebroek,Christof,Mannelijk,05/07/2019
Sint-Jans-Molenbeek,Pascale,Vrouwelijk,04/25/2019
Sprimont,Laurence,Vrouwelijk,05/07/2019
Merksplas,Luna,Vrouwelijk,04/27/2019
Incourt,François,Mannelijk,05/25/2019
Leuze-en-Hainaut,Josette,Vrouwelijk,05/13/2019
Kaprijke,Ilse,Vrouwelijk,05/01/2019
Lasne,Pierre,Mannelijk,04/25/2019
Antwerpen,Mariusz,Mannelijk,04/26/2019
Poperinge,Ella,Vrouwelijk,04/30/2019
Bergen,Claude,Mannelijk,05/05/2019
Maaseik,Helena,Vrouwelijk,05/08/2019
Izegem,Willem,Mannelijk,05/05/2019
Doornik,Ronald,Mannelijk,05/07/2019
Dour,Anne,Vrouwelijk,04/30/2019
Moeskroen,Christian,Mannelijk,04/26/2019
Tongeren,Laurent,Mannelijk,05/27/2019
Berlare,Steven,Mannelijk,05/14/2019
Haaltert,Steven,Mannelijk,05/14/2019
Brasschaat,Anne-Marie,Vrouwelijk,04/30/2019
Gembloux,Fabienne,Vrouwelijk,05/14/2019
Sprimont,Sophie,Vrouwelijk,04/29/2019
Binche,Daisy,Vrouwelijk,05/11/2019
Beveren (Sint-Niklaas),Dylan,Mannelijk,05/25/2019
Doornik,Martine,Vrouwelijk,05/07/2019
Oupeye,Mehdi,Mannelijk,05/06/2019
Stabroek,Danny,Mannelijk,04/24/2019
Beringen,Willem,Mannelijk,04/28/2019
Antwerpen,Greta,Vrouwelijk,05/02/2019
Gent,Stef,Mannelijk,05/05/2019
Kortemark,Jari,Mannelijk,05/13/2019
Doornik,Sonia,Vrouwelijk,04/27/2019
Maaseik,Siebe,Mannelijk,05/13/2019
Kruibeke,Jolien,Vrouwelijk,05/13/2019
Beveren (Sint-Niklaas),Guido,Mannelijk,05/08/2019
Edingen,Gilberte,Vrouwelijk,05/03/2019
Bernissart,Patrice,Mannelijk,05/12/2019
Kortemark,Jelle,Mannelijk,05/06/2019
Torhout,Eric,Mannelijk,04/28/2019
Charleroi,Mohammed,Mannelijk,05/15/2019
Vorst (Brussel-Hoofdstad),Olivier,Mannelijk,04/27/2019
Aalst (Aalst),Magdalena,Vrouwelijk,05/22/2019
Sankt Vith,Nicole,Vrouwelijk,05/19/2019
Heusden-Zolder,Sterre,Vrouwelijk,05/10/2019
Kruibeke,Roger,Mannelijk,04/28/2019
Sint-Gillis,Anastasios,Mannelijk,04/28/2019
Peer,Max,Mannelijk,05/04/2019
Ganshoren,Patrick,Mannelijk,05/11/2019
Orp-Jauche,Laure,Vrouwelijk,05/06/2019
Lochristi,Isabel,Vrouwelijk,04/28/2019
Brussel,Agnès,Vrouwelijk,05/12/2019
Beringen,Liesbeth,Vrouwelijk,05/12/2019
Asse,Sara,Vrouwelijk,05/03/2019
Sint-Laureins,Mathias,Mannelijk,05/25/2019
Marche-en-Famenne,Benoit,Mannelijk,05/12/2019
Charleroi,Rosalie,Vrouwelijk,04/26/2019
Frasnes-lez-Anvaing,Catherine,Vrouwelijk,05/03/2019
Putte,Karolien,Vrouwelijk,05/11/2019
Aubange,Robin,Mannelijk,05/03/2019
Gent,Kristof,Mannelijk,06/05/2019
Damme,Evy,Vrouwelijk,05/07/2019
Luik,Roger,Mannelijk,04/24/2019
Bergen,Gauthier,Mannelijk,05/01/2019
Genk,Alexander,Mannelijk,05/11/2019
Tongeren,Evi,Vrouwelijk,05/10/2019
Schilde,Veerle,Vrouwelijk,05/02/2019
Izegem,Céline,Vrouwelijk,05/04/2019
Tintigny,Marcel,Mannelijk,05/04/2019
Beveren (Sint-Niklaas),Sebastiaan,Mannelijk,05/11/2019
Sint-Pieters-Leeuw,Bilal,Mannelijk,04/27/2019
Ronse,Luc,Mannelijk,05/19/2019
Laakdal,Leon,Mannelijk,05/28/2019
Borsbeek,Fatima,Vrouwelijk,05/04/2019
Zoersel,Nikki,Vrouwelijk,05/10/2019
Antwerpen,Malika,Vrouwelijk,05/07/2019
Ciney,Bernard,Mannelijk,05/27/2019
Stekene,Julie,Vrouwelijk,04/24/2019
Ieper,Mireille,Vrouwelijk,04/28/2019
Dilbeek,Charline,Vrouwelijk,04/27/2019
Bergen,Maxime,Mannelijk,05/05/2019
Namen,Fatima,Vrouwelijk,05/01/2019
Izegem,Piet,Mannelijk,05/09/2019
Sint-Truiden,Arlette,Vrouwelijk,04/24/2019
Seraing,Jennifer,Vrouwelijk,05/02/2019
Borgworm,Alberte,Vrouwelijk,04/28/2019
Brussel,Júlia,Vrouwelijk,04/24/2019
Schelle,Hortensia,Vrouwelijk,05/02/2019
Lubbeek,Kirsten,Vrouwelijk,05/09/2019
Zedelgem,Björn,Mannelijk,05/12/2019
Antwerpen,Lotte,Vrouwelijk,05/19/2019
Aarschot,Quinten,Mannelijk,05/06/2019
Ruiselede,Rita,Vrouwelijk,05/16/2019
Wuustwezel,Jacobus,Mannelijk,05/09/2019
Heist-op-den-Berg,Christian,Mannelijk,05/08/2019
Tremelo,Linda,Vrouwelijk,05/08/2019
Eghezée,Christophe,Mannelijk,04/26/2019
Halle (Halle-Vilvoorde),Adrienne,Vrouwelijk,05/19/2019
Ham-sur-Heure-Nalinnes,Roland,Mannelijk,05/27/2019
Tongeren,Robert,Mannelijk,04/24/2019
Farciennes,Sabine,Vrouwelijk,05/03/2019
Duffel,Robert,Mannelijk,05/30/2019
Huldenberg,Nicolas,Mannelijk,05/06/2019
Marche-en-Famenne,Martine,Vrouwelijk,05/03/2019
Ternat,Didier,Mannelijk,04/26/2019
Namen,Caroline,Vrouwelijk,04/28/2019
Charleroi,Jérôme,Mannelijk,05/11/2019
Deinze,Annick,Vrouwelijk,04/29/2019
Hasselt,Roger,Mannelijk,05/14/2019
Hasselt,Muhammad,Mannelijk,05/17/2019
Jette,Ernest,Mannelijk,05/10/2019
Evere,Marie,Vrouwelijk,05/21/2019
Pittem,Luc,Mannelijk,05/04/2019
Hasselt,Wendy,Vrouwelijk,04/29/2019
Eigenbrakel,Jean-Claude,Mannelijk,05/02/2019
Sint-Niklaas (Sint-Niklaas),Jozef,Mannelijk,05/04/2019
Chimay,Michel,Mannelijk,05/06/2019
Graven,Anne,Vrouwelijk,05/03/2019
Andenne,Louise,Vrouwelijk,05/28/2019
Baelen,Simon,Mannelijk,05/01/2019
