gemeente,naam,geslacht,verwachte datum
Zinnik,Louisa,Vrouwelijk,04/01/2019
Eeklo,Steve,Mannelijk,04/08/2019
Duffel,Ann,Vrouwelijk,03/23/2019
Sint-Niklaas (Sint-Niklaas),Ludwig,Mannelijk,04/05/2019
Theux,Maxime,Mannelijk,04/03/2019
Kortrijk,Rita,Vrouwelijk,04/24/2019
Doornik,Thérèse,Vrouwelijk,03/28/2019
Mortsel,Staf,Mannelijk,04/08/2019
Brussel,Mohamed,Mannelijk,04/05/2019
Bouillon,Catherine,Vrouwelijk,03/30/2019
Antwerpen,Fabiana,Vrouwelijk,04/04/2019
Anderlecht,Loredana,Vrouwelijk,04/04/2019
Beringen,Merve,Vrouwelijk,03/31/2019
Elsene,Emilio,Mannelijk,04/05/2019
La Louvière,Alicia,Vrouwelijk,03/28/2019
Bergen,Aïssa,Mannelijk,04/09/2019
Moeskroen,Ingrid,Vrouwelijk,04/01/2019
Brugge,Ella,Vrouwelijk,03/29/2019
Glabbeek,Maria,Vrouwelijk,03/29/2019
Turnhout,Monica,Vrouwelijk,04/10/2019
Erpe-Mere,Emiel,Mannelijk,03/25/2019
Hasselt,Geert,Mannelijk,04/21/2019
Châtelet,Arnaud,Mannelijk,03/25/2019
Ciney,Henri,Mannelijk,03/28/2019
Halen,Guy,Mannelijk,03/26/2019
Sint-Pieters-Woluwe,Thierry,Mannelijk,04/03/2019
Zoutleeuw,Liesbet,Vrouwelijk,03/31/2019
Maasmechelen,Carine,Vrouwelijk,04/10/2019
Bilzen,Luc,Mannelijk,04/08/2019
Melle,Jacqueline,Vrouwelijk,04/07/2019
Evere,Sai,Vrouwelijk,03/31/2019
Boechout,Magda,Vrouwelijk,03/29/2019
Anderlecht,Catherine,Vrouwelijk,03/30/2019
Nijvel,Andrée,Vrouwelijk,03/28/2019
Lille,Ludovica,Vrouwelijk,03/31/2019
Eghezée,Patricia,Vrouwelijk,03/30/2019
Ukkel,Françoise,Vrouwelijk,03/29/2019
Sint-Jans-Molenbeek,Jihad,Mannelijk,03/29/2019
Aalst (Aalst),Christiane,Vrouwelijk,04/06/2019
Pont-à-Celles,Renée,Vrouwelijk,03/30/2019
Châtelet,Raimondo,Mannelijk,04/06/2019
Hoeselt,Fien,Vrouwelijk,05/09/2019
Soumagne,Isabel,Vrouwelijk,03/26/2019
Brussel,Carine,Vrouwelijk,03/23/2019
Quaregnon,Sylvain,Mannelijk,03/30/2019
Koekelare,Wouter,Mannelijk,04/18/2019
Zoersel,Ingrid,Vrouwelijk,04/04/2019
Ukkel,Sylvie,Vrouwelijk,04/03/2019
Antwerpen,Mohamed,Mannelijk,04/07/2019
Grimbergen,Chantal,Vrouwelijk,04/10/2019
Antwerpen,Antony,Mannelijk,04/08/2019
Gent,Michael,Mannelijk,04/21/2019
Mechelen,Henricus,Mannelijk,04/09/2019
Limburg,Sara,Vrouwelijk,03/24/2019
Bergen,Evelyne,Vrouwelijk,03/30/2019
Brugge,Colin,Mannelijk,03/29/2019
Vilvoorde,Jessica,Vrouwelijk,03/31/2019
Merchtem,Anne,Vrouwelijk,04/04/2019
Dinant,Robin,Mannelijk,03/28/2019
Gent,Agnes,Vrouwelijk,03/30/2019
Grobbendonk,Edward,Mannelijk,03/31/2019
Diksmuide,Ria,Vrouwelijk,04/05/2019
Charleroi,Muhammad,Mannelijk,04/02/2019
Gooik,Els,Vrouwelijk,04/10/2019
Attert,Marc,Mannelijk,04/06/2019
Zedelgem,Rik,Mannelijk,04/09/2019
Diest,Marleen,Vrouwelijk,04/04/2019
Dalhem,Josiane,Vrouwelijk,03/29/2019
Maasmechelen,Ibrahim,Mannelijk,04/09/2019
Grâce-Hollogne,Nicole,Vrouwelijk,03/23/2019
Leuven,Frans,Mannelijk,03/28/2019
Wuustwezel,Yves,Mannelijk,03/24/2019
Frasnes-lez-Anvaing,Elise,Vrouwelijk,04/04/2019
Brugge,Faye,Vrouwelijk,03/23/2019
La Louvière,Emma,Vrouwelijk,03/30/2019
Beringen,Sara,Vrouwelijk,04/03/2019
Gent,Betty,Vrouwelijk,03/23/2019
Antwerpen,Yves,Mannelijk,04/02/2019
Schaarbeek,Jean-Marc,Mannelijk,04/25/2019
Brussel,El,Vrouwelijk,03/29/2019
Evere,Carla,Vrouwelijk,03/23/2019
Zinnik,Sabine,Vrouwelijk,04/10/2019
Jette,Eric,Mannelijk,04/02/2019
Oudenaarde,Jacqueline,Vrouwelijk,03/21/2019
Stabroek,Mariette,Vrouwelijk,03/29/2019
Waasmunster,Denise,Vrouwelijk,04/02/2019
Hamme (Dendermonde),Marleen,Vrouwelijk,03/25/2019
Oostende,Lola,Vrouwelijk,04/04/2019
Anderlecht,Ibtissam,Vrouwelijk,04/09/2019
Celles (Doornik),Steve,Mannelijk,03/29/2019
Quévy,Claude,Mannelijk,04/09/2019
Sambreville,Marie-Anne,Vrouwelijk,03/31/2019
Oostende,Marleen,Vrouwelijk,03/27/2019
Antwerpen,Josée,Vrouwelijk,04/24/2019
Bornem,Rudi,Mannelijk,03/27/2019
Vielsalm,Jean-Pierre,Mannelijk,03/22/2019
Brussel,Tom,Mannelijk,04/22/2019
Bergen,Florian,Mannelijk,04/13/2019
Comblain-au-Pont,André,Mannelijk,03/30/2019
Oupeye,Lorena,Vrouwelijk,03/31/2019
Doornik,Renée,Vrouwelijk,03/29/2019
Theux,Jacqueline,Vrouwelijk,03/29/2019
Herstal,Giuseppe,Mannelijk,04/10/2019
Lendelede,Inge,Vrouwelijk,04/11/2019
Frameries,Doriano,Mannelijk,03/29/2019
De Panne,André,Mannelijk,03/24/2019
Thuin,Emilie,Vrouwelijk,03/28/2019
Sint-Joost-ten-Node,William,Mannelijk,03/31/2019
Harelbeke,Marie,Vrouwelijk,03/24/2019
Ronse,Ivan,Mannelijk,04/16/2019
Oostrozebeke,Lore,Vrouwelijk,04/13/2019
Oostkamp,Marleen,Vrouwelijk,04/03/2019
Flémalle,Aline,Vrouwelijk,04/23/2019
Heusden-Zolder,Vedat,Mannelijk,03/29/2019
Kortrijk,Lieselot,Vrouwelijk,03/25/2019
Lokeren,Peter,Mannelijk,04/05/2019
Sint-Genesius-Rode,Mia,Vrouwelijk,03/28/2019
Namen,Laura,Vrouwelijk,03/27/2019
Maasmechelen,Mohammed,Mannelijk,04/01/2019
Malle,Johan,Mannelijk,04/03/2019
Seraing,Arlette,Vrouwelijk,04/09/2019
Cerfontaine,Françoise,Vrouwelijk,04/01/2019
Asse,Herman,Mannelijk,03/23/2019
Leuven,Jean,Mannelijk,03/28/2019
Laakdal,Heidi,Vrouwelijk,03/29/2019
Kuurne,Virginie,Vrouwelijk,03/31/2019
Grâce-Hollogne,Giovanna,Vrouwelijk,03/30/2019
Antwerpen,Benjamin,Mannelijk,04/07/2019
Tervuren,Daniel,Mannelijk,04/01/2019
Aiseau-Presles,André,Mannelijk,03/28/2019
Blankenberge,Stefaan,Mannelijk,03/31/2019
Gooik,Joke,Vrouwelijk,04/01/2019
Herzele,Christel,Vrouwelijk,04/09/2019
Antwerpen,Gustaaf,Mannelijk,04/06/2019
Halle (Halle-Vilvoorde),Albert,Mannelijk,03/31/2019
Lobbes,Adrien,Mannelijk,03/30/2019
Gent,Annabel,Vrouwelijk,04/06/2019
Manage,Delphine,Vrouwelijk,04/22/2019
Ganshoren,Catherine,Vrouwelijk,04/04/2019
Brakel,Paul,Mannelijk,03/22/2019
Saint-Georges-sur-Meuse,Elodie,Vrouwelijk,03/29/2019
Wichelen,André,Mannelijk,04/01/2019
Sint-Jans-Molenbeek,Michel,Mannelijk,04/02/2019
Malle,Hilda,Vrouwelijk,04/08/2019
La Roche-en-Ardenne,Laura,Vrouwelijk,03/28/2019
Luik,Lisette,Vrouwelijk,03/23/2019
Oostende,Tenzin,Mannelijk,04/07/2019
Berlare,Katrien,Vrouwelijk,04/24/2019
Kortemark,Pieter,Mannelijk,03/29/2019
Pelt,Agnes,Vrouwelijk,03/28/2019
Sint-Lambrechts-Woluwe,Melissa,Vrouwelijk,03/30/2019
Gent,Marino,Mannelijk,03/30/2019
Estinnes,Fernande,Vrouwelijk,04/06/2019
Dinant,Andrée,Vrouwelijk,03/29/2019
Doornik,Anne-Lise,Vrouwelijk,04/10/2019
Nijvel,Lisa,Vrouwelijk,03/21/2019
Courcelles,Jocelyne,Vrouwelijk,04/05/2019
Charleroi,Nadia,Vrouwelijk,04/08/2019
Antwerpen,Ingrid,Vrouwelijk,04/06/2019
Antwerpen,Daisy,Vrouwelijk,03/28/2019
Antwerpen,Jan,Mannelijk,04/04/2019
Gouvy,Sébastien,Mannelijk,03/29/2019
Antwerpen,Fatih,Mannelijk,03/31/2019
Hamont-Achel,Rita,Vrouwelijk,03/27/2019
Sint-Jans-Molenbeek,Abderrahim,Mannelijk,03/22/2019
Zele,Glenn,Mannelijk,04/01/2019
Zwevegem,Jean-Claude,Mannelijk,04/01/2019
Halle (Halle-Vilvoorde),Hassan,Mannelijk,04/08/2019
Erpe-Mere,Tessa,Vrouwelijk,04/10/2019
Mont-Saint-Guibert,Nicole,Vrouwelijk,05/08/2019
Meise,Lara,Vrouwelijk,03/29/2019
Lille,Jeroen,Mannelijk,04/04/2019
Mechelen,Musi,Mannelijk,04/06/2019
Bertrix,Florent,Mannelijk,04/15/2019
Ukkel,Blaise,Mannelijk,04/19/2019
Gent,Magda,Vrouwelijk,04/09/2019
Maldegem,Peggy,Vrouwelijk,03/25/2019
La Louvière,Anthony,Mannelijk,04/14/2019
Antwerpen,Alie,Mannelijk,03/29/2019
Zaventem,Edmond,Mannelijk,04/10/2019
Aarschot,Nele,Vrouwelijk,03/26/2019
Antwerpen,Mehdi,Mannelijk,04/04/2019
Luik,Houda,Vrouwelijk,03/28/2019
Herent,Mattias,Mannelijk,04/09/2019
Etterbeek,Kevin,Mannelijk,04/24/2019
Herselt,Simonne,Vrouwelijk,03/30/2019
Doornik,Coralie,Vrouwelijk,04/04/2019
Nijlen,Clara,Vrouwelijk,04/03/2019
Hasselt,Pieter,Mannelijk,04/08/2019
Mettet,Stéphanie,Vrouwelijk,03/28/2019
Sint-Truiden,Willy,Mannelijk,03/28/2019
Kruibeke,Mike,Mannelijk,04/10/2019
Antwerpen,Astrid,Vrouwelijk,03/31/2019
Manage,Marie-Jeanne,Vrouwelijk,03/28/2019
Jette,Adam,Mannelijk,03/29/2019
Lubbeek,Arnout,Mannelijk,03/22/2019
Oosterzele,Caroline,Vrouwelijk,04/13/2019
Andenne,Youssef,Mannelijk,05/06/2019
Antwerpen,Jordy,Mannelijk,03/27/2019
Aartselaar,Jef,Mannelijk,04/02/2019
Namen,Alain,Mannelijk,05/06/2019
Vosselaar,Michel,Mannelijk,03/29/2019
Roeselare,Andreas,Mannelijk,03/21/2019
Herenthout,Benedictus,Mannelijk,04/20/2019
Oupeye,Maurine,Vrouwelijk,04/22/2019
Nijvel,Yves,Mannelijk,03/28/2019
Beersel,Nicolas,Mannelijk,03/26/2019
Leuven,Christiane,Vrouwelijk,04/04/2019
Vaux-sur-Sûre,Sylvie,Vrouwelijk,03/23/2019
Heist-op-den-Berg,Nadia,Vrouwelijk,04/02/2019
Sint-Katelijne-Waver,Belinda,Vrouwelijk,04/13/2019
Willebroek,Carmen,Vrouwelijk,04/10/2019
Knokke-Heist,Luc,Mannelijk,04/08/2019
Borgworm,Simon,Mannelijk,03/29/2019
Elsene,Igor,Mannelijk,03/27/2019
Ternat,Melissa,Vrouwelijk,04/11/2019
Vorst (Brussel-Hoofdstad),Arthur,Mannelijk,04/06/2019
Thuin,André,Mannelijk,04/05/2019
Namen,Astrid,Vrouwelijk,04/01/2019
Eigenbrakel,Louise,Vrouwelijk,03/25/2019
Tienen,Christiana,Vrouwelijk,04/10/2019
Dilbeek,Abdelaziz,Mannelijk,04/16/2019
Aarlen,Jacques,Mannelijk,03/31/2019
Antwerpen,Leandro,Mannelijk,04/02/2019
Tremelo,Janne,Vrouwelijk,04/10/2019
Luik,Muhammet,Mannelijk,03/29/2019
Hechtel-Eksel,Veerle,Vrouwelijk,04/01/2019
Hasselt,Hendrik,Mannelijk,04/05/2019
Knokke-Heist,Marc,Mannelijk,03/21/2019
Lanaken,Maria,Vrouwelijk,03/31/2019
Schoten,Wouter,Mannelijk,03/25/2019
Kapelle-op-den-Bos,Tim,Mannelijk,04/07/2019
Overijse,Madeleine,Vrouwelijk,03/26/2019
Sint-Niklaas (Sint-Niklaas),Dries,Mannelijk,03/30/2019
Gavere,Jelle,Mannelijk,03/30/2019
Tongeren,Rudi,Mannelijk,03/21/2019
Namen,Claire,Vrouwelijk,03/30/2019
Dalhem,Zoé,Vrouwelijk,03/24/2019
Namen,Julie,Vrouwelijk,04/07/2019
Luik,Xavier,Mannelijk,03/24/2019
Gent,Ann,Vrouwelijk,03/21/2019
Bitsingen,Patrice,Mannelijk,04/04/2019
Buggenhout,Arthur,Mannelijk,03/23/2019
Waterloo,Per,Mannelijk,03/29/2019
Bastenaken,Hugo,Mannelijk,03/28/2019
Merchtem,Joseph,Mannelijk,03/23/2019
Hemiksem,Arthur,Mannelijk,04/12/2019
Oostende,Johan,Mannelijk,04/04/2019
Waver,Martin,Mannelijk,04/01/2019
Vilvoorde,Joël,Mannelijk,03/31/2019
Geraardsbergen,Carine,Vrouwelijk,04/01/2019
Olen,Ben,Mannelijk,03/28/2019
Ohey,Etienne,Mannelijk,03/21/2019
Sint-Joost-ten-Node,Abdilkadir,Mannelijk,04/03/2019
Weismes,Camille,Vrouwelijk,03/25/2019
Sint-Truiden,Diego,Mannelijk,04/06/2019
Ciney,Eloïse,Vrouwelijk,04/09/2019
Moorslede,Ann,Vrouwelijk,03/22/2019
Antwerpen,Nathalie,Vrouwelijk,04/07/2019
Balen,Maria,Vrouwelijk,04/03/2019
Hasselt,Amani,Vrouwelijk,04/05/2019
Eupen,Petra,Vrouwelijk,04/05/2019
Antwerpen,Yosra,Vrouwelijk,03/25/2019
Luik,Marie-Paule,Vrouwelijk,03/26/2019
Turnhout,Gerda,Vrouwelijk,04/03/2019
Rotselaar,Wendy,Vrouwelijk,03/28/2019
Charleroi,Cyril,Mannelijk,04/13/2019
Sint-Pieters-Leeuw,Michaël,Mannelijk,03/21/2019
Schilde,Cecile,Vrouwelijk,04/06/2019
La Louvière,Fabrice,Mannelijk,03/28/2019
Seraing,Jordan,Mannelijk,03/31/2019
Estaimpuis,Quentin,Mannelijk,04/09/2019
Antwerpen,Ines,Vrouwelijk,04/01/2019
Incourt,Virginie,Vrouwelijk,04/23/2019
Sambreville,Mustapha,Mannelijk,04/01/2019
Roeselare,Bart,Mannelijk,04/03/2019
Saint-Ghislain,Sandro,Mannelijk,03/28/2019
Schaarbeek,Michel,Mannelijk,04/03/2019
Brussel,Dorian,Mannelijk,03/30/2019
Antwerpen,Maria,Vrouwelijk,03/22/2019
Schaarbeek,Malika,Vrouwelijk,03/23/2019
Seraing,Jonathan,Mannelijk,04/04/2019
Saint-Nicolas (Luik),Francesco,Mannelijk,03/30/2019
Sint-Gillis,Adrien,Mannelijk,03/22/2019
Halle (Halle-Vilvoorde),Thierry,Mannelijk,03/23/2019
Waterloo,Michel,Mannelijk,04/03/2019
Zulte,Wilfried,Mannelijk,03/30/2019
Eigenbrakel,Marc,Mannelijk,04/01/2019
Zemst,Maria,Vrouwelijk,04/08/2019
Fosses-la-Ville,Jérémy,Mannelijk,04/10/2019
Brugge,Rosa,Vrouwelijk,04/02/2019
Florenville,Anne-Marie,Vrouwelijk,03/30/2019
Quévy,Louise,Vrouwelijk,03/28/2019
Saint-Nicolas (Luik),Ahmed,Mannelijk,03/21/2019
Lier,Nick,Mannelijk,03/30/2019
Herve,Léna,Vrouwelijk,04/11/2019
Dendermonde,Marie,Vrouwelijk,04/04/2019
Kluisbergen,Steven,Mannelijk,03/21/2019
Messancy,Philippe,Mannelijk,04/01/2019
Malmedy,Julia,Vrouwelijk,04/02/2019
Binche,Julien,Mannelijk,04/06/2019
Thuin,Myriam,Vrouwelijk,03/29/2019
Bilzen,Cindy,Vrouwelijk,03/30/2019
Trois-Ponts,Patricia,Vrouwelijk,03/26/2019
Maasmechelen,Giuseppe,Mannelijk,03/30/2019
Tinlot,Geneviève,Vrouwelijk,03/31/2019
Stekene,Augusta,Vrouwelijk,04/08/2019
Aywaille,Claire,Vrouwelijk,04/01/2019
Rebecq,Anaïs,Vrouwelijk,03/31/2019
Lichtervelde,Robin,Mannelijk,04/09/2019
Luik,Farah,Vrouwelijk,04/03/2019
Aarschot,Wendy,Vrouwelijk,04/16/2019
Aywaille,Michèle,Vrouwelijk,03/23/2019
Rebecq,Dylan,Mannelijk,04/05/2019
Herzele,Françoise,Vrouwelijk,03/25/2019
Colfontaine,Michel,Mannelijk,03/29/2019
Esneux,Sarah,Vrouwelijk,04/03/2019
Geel,Senne,Mannelijk,04/09/2019
Deinze,Monica,Vrouwelijk,04/09/2019
