gemeente,naam,geslacht,verwachte datum
Genk,Naima,Vrouwelijk,07/29/2019
Gent,Annie,Vrouwelijk,07/27/2019
Diksmuide,Matheo,Mannelijk,08/20/2019
Luik,Jasmina,Vrouwelijk,08/08/2019
Verviers,Francis,Mannelijk,07/29/2019
Sint-Truiden,Werner,Mannelijk,08/05/2019
Moerbeke (Gent),Davy,Mannelijk,07/21/2019
Diest,Leon,Mannelijk,07/28/2019
Ukkel,Robin,Mannelijk,07/28/2019
Antwerpen,Oleksandra,Vrouwelijk,07/23/2019
Arendonk,Greet,Vrouwelijk,07/30/2019
Komen-Waasten,Christian,Mannelijk,07/30/2019
Anderlecht,Asia,Vrouwelijk,08/22/2019
Peer,Irène,Vrouwelijk,07/31/2019
Saint-Ghislain,Elisa,Vrouwelijk,09/13/2019
Genk,Süleyman,Mannelijk,07/27/2019
Lier,Ludo,Mannelijk,08/06/2019
Lille,Sander,Mannelijk,08/14/2019
Gent,Marianne,Vrouwelijk,07/24/2019
Waver,Ryan,Mannelijk,07/26/2019
Gent,Maxime,Mannelijk,07/29/2019
Aubange,Liliane,Vrouwelijk,07/31/2019
Ottignies-Louvain-la-Neuve,Fabienne,Vrouwelijk,08/05/2019
Brussel,Valentina,Vrouwelijk,08/06/2019
Beveren (Sint-Niklaas),Wout,Mannelijk,08/01/2019
De Haan,Stéphanie,Vrouwelijk,08/09/2019
Antwerpen,Elanur,Vrouwelijk,08/03/2019
Antwerpen,Charline,Vrouwelijk,08/05/2019
Gent,Ilhem,Vrouwelijk,07/28/2019
Hasselt,Hicham,Mannelijk,08/05/2019
Brugge,Carine,Vrouwelijk,07/31/2019
Brussel,Larisa,Vrouwelijk,07/30/2019
Tervuren,Sabine,Vrouwelijk,07/30/2019
Meise,Ann,Vrouwelijk,07/31/2019
Schaarbeek,Christophe,Mannelijk,08/07/2019
Genk,Annick,Vrouwelijk,07/22/2019
Virton,Monique,Vrouwelijk,08/13/2019
Charleroi,Louis,Mannelijk,07/28/2019
Lummen,Maria,Vrouwelijk,07/19/2019
Kruisem,Isabelle,Vrouwelijk,07/26/2019
Beveren (Sint-Niklaas),Peter,Mannelijk,07/28/2019
Brussel,Najat,Vrouwelijk,07/19/2019
Aywaille,Pascale,Vrouwelijk,07/31/2019
Tielt (Tielt),Maxim,Mannelijk,07/26/2019
Sint-Gillis-Waas,Jonas,Mannelijk,07/19/2019
Fernelmont,Carine,Vrouwelijk,08/19/2019
Antwerpen,Paula,Vrouwelijk,07/29/2019
Brugge,Lucie,Vrouwelijk,08/21/2019
Hamois,Jacqueline,Vrouwelijk,08/21/2019
Ukkel,Ida,Vrouwelijk,07/19/2019
Messancy,Yolande,Vrouwelijk,07/23/2019
Puurs-Sint-Amands,Peggy,Vrouwelijk,07/31/2019
Middelkerke,Brecht,Mannelijk,07/25/2019
Brugelette,Albert,Mannelijk,08/03/2019
Sint-Niklaas (Sint-Niklaas),Anny,Vrouwelijk,07/20/2019
Gent,Charlotte,Vrouwelijk,07/24/2019
Antwerpen,Lien,Vrouwelijk,07/30/2019
Zottegem,Tuur,Mannelijk,08/08/2019
Lanaken,Catharina,Vrouwelijk,07/20/2019
Aat,Patricia,Vrouwelijk,08/15/2019
Ninove,Sander,Mannelijk,08/09/2019
Charleroi,Yasmina,Vrouwelijk,08/04/2019
Antwerpen,Moshe,Mannelijk,07/27/2019
Rixensart,Nadia,Vrouwelijk,07/30/2019
Diepenbeek,Wouter,Mannelijk,08/03/2019
Oostrozebeke,Norbert,Mannelijk,07/19/2019
Scherpenheuvel-Zichem,Maria,Vrouwelijk,08/01/2019
Oudsbergen,Keano,Mannelijk,07/24/2019
Mol,Maarten,Mannelijk,08/07/2019
Ingelmunster,Ann,Vrouwelijk,07/26/2019
Sint-Katelijne-Waver,Jorn,Mannelijk,08/19/2019
Oudenaarde,Patrick,Mannelijk,07/19/2019
Brunehaut,Monique,Vrouwelijk,08/04/2019
Drogenbos,Mohamed,Mannelijk,07/28/2019
Antwerpen,Loeka,Mannelijk,07/23/2019
Jette,Justin,Mannelijk,07/30/2019
Schaarbeek,Alassane,Mannelijk,07/21/2019
Sint-Niklaas (Sint-Niklaas),Kristien,Vrouwelijk,07/29/2019
Esneux,Audrey,Vrouwelijk,08/05/2019
Sint-Gillis-Waas,Luc,Mannelijk,07/25/2019
Lokeren,Jana,Vrouwelijk,08/07/2019
Elsene,Sandro,Mannelijk,08/03/2019
Ciney,Jean-Christophe,Mannelijk,07/27/2019
Aarlen,Jean,Mannelijk,08/07/2019
Bergen,Adriano,Mannelijk,08/04/2019
Wezet,Fabienne,Vrouwelijk,07/28/2019
Sint-Pieters-Woluwe,Marine,Vrouwelijk,07/22/2019
Evere,Georgina,Vrouwelijk,07/21/2019
Charleroi,Jean-Luc,Mannelijk,07/28/2019
Dendermonde,Jan,Mannelijk,07/25/2019
Brugge,Nelly,Vrouwelijk,07/20/2019
Ninove,Danny,Mannelijk,07/27/2019
Juprelle,Béatrice,Vrouwelijk,07/29/2019
Wetteren,Florian,Mannelijk,07/24/2019
Doornik,Manon,Vrouwelijk,09/01/2019
Wanze,Martine,Vrouwelijk,07/28/2019
Profondeville,Joseph,Mannelijk,07/23/2019
Eghezée,Jocelyne,Vrouwelijk,07/30/2019
Blegny,Maria,Vrouwelijk,07/28/2019
Hasselt,Rosa,Vrouwelijk,08/04/2019
Genk,Bart,Mannelijk,08/13/2019
Mechelen,Fadoua,Vrouwelijk,07/30/2019
Putte,Elza,Vrouwelijk,07/26/2019
Herenthout,Gustaaf,Mannelijk,07/31/2019
Maasmechelen,Leon,Mannelijk,07/28/2019
Bocholt,Lambert,Mannelijk,08/19/2019
Menen,Finn,Mannelijk,07/20/2019
Mechelen,Rosalia,Vrouwelijk,08/03/2019
Pelt,Inge,Vrouwelijk,08/01/2019
Ukkel,Micheline,Vrouwelijk,07/27/2019
Deinze,Laura,Vrouwelijk,07/30/2019
Halle (Halle-Vilvoorde),Glenn,Mannelijk,07/21/2019
Frameries,Melissa,Vrouwelijk,07/19/2019
Hotton,Maurice,Mannelijk,07/30/2019
Sint-Katelijne-Waver,Maria,Vrouwelijk,07/30/2019
Deerlijk,Bryan,Mannelijk,07/28/2019
Sint-Gillis-Waas,Christiaan,Mannelijk,07/21/2019
Charleroi,Ali,Mannelijk,08/08/2019
La Louvière,Christel,Vrouwelijk,08/08/2019
Antwerpen,Godelieve,Vrouwelijk,08/21/2019
Antwerpen,Mariama,Vrouwelijk,08/01/2019
Bastenaken,Nathan,Mannelijk,08/06/2019
Brussel,Mohamed,Mannelijk,07/29/2019
Leuven,Didier,Mannelijk,08/15/2019
Wemmel,Agnieszka,Vrouwelijk,07/25/2019
Herentals,Stan,Mannelijk,07/29/2019
Beveren (Sint-Niklaas),Boudewijn,Mannelijk,08/01/2019
Gent,Frederik,Mannelijk,07/31/2019
Antwerpen,Bochra,Vrouwelijk,08/02/2019
Antwerpen,Marc,Mannelijk,07/27/2019
Bergen,Amar,Mannelijk,07/30/2019
Geel,Lutgardis,Vrouwelijk,07/26/2019
Herstal,Saverio,Mannelijk,08/18/2019
Galmaarden,Joke,Vrouwelijk,07/29/2019
Antwerpen,Concepcion,Vrouwelijk,08/06/2019
Kampenhout,Seppe,Mannelijk,07/29/2019
Sint-Pieters-Leeuw,Najib,Mannelijk,08/03/2019
Izegem,Milan,Mannelijk,07/29/2019
Kapelle-op-den-Bos,Nancy,Vrouwelijk,07/31/2019
Lint,Julien,Mannelijk,07/31/2019
Etterbeek,David,Mannelijk,07/29/2019
’s Gravenbrakel,Corentin,Mannelijk,08/05/2019
Sint-Gillis,Etienne,Mannelijk,08/14/2019
Gent,Isabelle,Vrouwelijk,08/08/2019
Gavere,Patrick,Mannelijk,07/29/2019
Charleroi,Marie,Vrouwelijk,08/13/2019
Kuurne,Joseph,Mannelijk,07/19/2019
Luik,Maria,Vrouwelijk,07/30/2019
Zulte,Julie,Vrouwelijk,08/06/2019
Moeskroen,Christophe,Mannelijk,08/02/2019
Sint-Jans-Molenbeek,Gheorghe,Mannelijk,07/31/2019
Jette,Sacha,Mannelijk,07/31/2019
Oostende,Sabrina,Vrouwelijk,07/20/2019
Borgworm,Stéphane,Mannelijk,07/31/2019
Braives,Delphine,Vrouwelijk,07/28/2019
Wichelen,Guido,Mannelijk,07/20/2019
Sint-Lambrechts-Woluwe,Tanguy,Mannelijk,08/04/2019
Edegem,Lena,Vrouwelijk,08/02/2019
Charleroi,Mélina,Vrouwelijk,08/21/2019
Nazareth,Filip,Mannelijk,07/30/2019
Gouvy,Luc,Mannelijk,09/19/2019
Luik,Anna,Vrouwelijk,07/28/2019
Seraing,Luana,Vrouwelijk,08/01/2019
Landen,Marc,Mannelijk,09/11/2019
Brussel,Catherine,Vrouwelijk,08/04/2019
Opwijk,Franky,Mannelijk,07/28/2019
Lokeren,Kelly,Vrouwelijk,08/22/2019
Antwerpen,Cornelis,Mannelijk,07/28/2019
Blankenberge,Marina,Vrouwelijk,08/07/2019
Sint-Gillis,Christian,Mannelijk,07/25/2019
Léglise,Steve,Mannelijk,08/01/2019
Esneux,Elena,Vrouwelijk,08/03/2019
Hasselt,Wim,Mannelijk,07/19/2019
Westerlo,Michel,Mannelijk,08/22/2019
Brasschaat,Cynthia,Vrouwelijk,08/08/2019
Affligem,Tom,Mannelijk,08/03/2019
Saint-Ghislain,Delphine,Vrouwelijk,08/02/2019
Fontaine-l’Evêque,Caroline,Vrouwelijk,08/02/2019
Les Bons Villers,Aurélie,Vrouwelijk,08/03/2019
Hooglede,Willy,Mannelijk,07/26/2019
Maldegem,Annelies,Vrouwelijk,07/20/2019
Kortrijk,Lieven,Mannelijk,07/20/2019
Hamois,Laurence,Vrouwelijk,08/02/2019
Anderlecht,Klaudia,Vrouwelijk,08/07/2019
Bergen,Edwige,Vrouwelijk,07/22/2019
Verviers,Maria,Vrouwelijk,08/03/2019
Meerhout,René,Mannelijk,07/28/2019
Kruibeke,Joris,Mannelijk,08/08/2019
Oudenaarde,Fien,Vrouwelijk,08/04/2019
Koekelare,Clara,Vrouwelijk,08/13/2019
Lessen,Christophe,Mannelijk,08/08/2019
Gent,Kathleen,Vrouwelijk,08/26/2019
Braives,Tom,Mannelijk,08/09/2019
Elsene,Simone,Vrouwelijk,08/06/2019
Charleroi,Alain,Mannelijk,08/14/2019
Gent,Davy,Mannelijk,07/19/2019
Gent,Maya,Vrouwelijk,08/08/2019
Léglise,Sophie,Vrouwelijk,08/07/2019
Chièvres,Francis,Mannelijk,07/19/2019
Heist-op-den-Berg,Nelly,Vrouwelijk,07/25/2019
Viroinval,Eric,Mannelijk,07/27/2019
Houthalen-Helchteren,Anna,Vrouwelijk,08/07/2019
Etterbeek,Gregory,Mannelijk,07/28/2019
Scherpenheuvel-Zichem,Christophe,Mannelijk,07/31/2019
Pecq,Lucien,Mannelijk,07/26/2019
Kapelle-op-den-Bos,Francine,Vrouwelijk,07/25/2019
Ganshoren,Livia,Vrouwelijk,07/27/2019
Herstal,Jennifer,Vrouwelijk,07/24/2019
Zonhoven,Maria,Vrouwelijk,08/01/2019
Sint-Agatha-Berchem,Soukaïna,Vrouwelijk,08/05/2019
Bilzen,Matteo,Mannelijk,08/01/2019
Musson,Logan,Mannelijk,07/24/2019
Luik,Trésor,Mannelijk,07/30/2019
Braives,Patricia,Vrouwelijk,07/30/2019
Edingen,Julia,Vrouwelijk,08/08/2019
Frasnes-lez-Anvaing,Daniel,Mannelijk,08/19/2019
Orp-Jauche,Jan,Mannelijk,08/10/2019
Wommelgem,Nora,Vrouwelijk,07/21/2019
Komen-Waasten,Milo,Mannelijk,07/31/2019
Wetteren,Natascha,Vrouwelijk,08/01/2019
Schilde,Frans,Mannelijk,07/20/2019
Namen,Daniel,Mannelijk,08/01/2019
Brugge,Oskar,Mannelijk,08/17/2019
Zemst,Maarten,Mannelijk,08/15/2019
Borgworm,Clémentine,Vrouwelijk,07/31/2019
Charleroi,Corinne,Vrouwelijk,08/04/2019
Antwerpen,Ryan,Mannelijk,08/04/2019
Seraing,Ethan,Mannelijk,08/02/2019
Malmedy,Aurore,Vrouwelijk,08/01/2019
Schaarbeek,Hatim,Mannelijk,08/01/2019
Attert,Sebastien,Mannelijk,08/06/2019
Rebecq,Michel,Mannelijk,07/22/2019
Moerbeke (Gent),Anita,Vrouwelijk,07/31/2019
Sambreville,Philippe,Mannelijk,08/04/2019
Zonnebeke,Mariette,Vrouwelijk,08/12/2019
Namen,Chantal,Vrouwelijk,08/13/2019
Bornem,Joseph,Mannelijk,07/19/2019
Gistel,Herman,Mannelijk,08/21/2019
Sint-Pieters-Woluwe,Sacha,Mannelijk,08/06/2019
La Bruyère,Laetitia,Vrouwelijk,07/26/2019
Antwerpen,Aymen,Mannelijk,08/03/2019
Deinze,Luna,Vrouwelijk,07/29/2019
Kalmthout,Lauren,Vrouwelijk,08/08/2019
Aarschot,Jeannine,Vrouwelijk,08/13/2019
Aarlen,Chloé,Vrouwelijk,07/27/2019
Schaarbeek,Sophie,Vrouwelijk,07/26/2019
Roosdaal,Luc,Mannelijk,07/24/2019
Manage,Isabelle,Vrouwelijk,07/27/2019
Eigenbrakel,Christian,Mannelijk,07/22/2019
Grobbendonk,Lea,Vrouwelijk,08/06/2019
Kontich,Stijn,Mannelijk,08/08/2019
Genepiën,Aurélie,Vrouwelijk,07/23/2019
Léglise,Maël,Mannelijk,08/05/2019
Seraing,Ryan,Mannelijk,07/20/2019
Dison,José,Mannelijk,07/31/2019
Kampenhout,Ruben,Mannelijk,07/27/2019
Antwerpen,George,Mannelijk,08/02/2019
Ieper,Ginette,Vrouwelijk,07/29/2019
Zemst,Korneel,Mannelijk,08/31/2019
Lommel,Johan,Mannelijk,08/12/2019
Jette,Didier,Mannelijk,07/26/2019
Saint-Hubert,Anne,Vrouwelijk,08/08/2019
Asse,Annick,Vrouwelijk,07/30/2019
Aarschot,Annick,Vrouwelijk,08/08/2019
Ranst,Filip,Mannelijk,07/22/2019
Mechelen,Marina,Vrouwelijk,08/02/2019
Brussel,Victoria,Vrouwelijk,07/28/2019
Middelkerke,Dave,Mannelijk,08/04/2019
Deinze,Mathias,Mannelijk,08/17/2019
Verviers,Bilal,Mannelijk,08/06/2019
Ottignies-Louvain-la-Neuve,Eva,Vrouwelijk,07/24/2019
Verviers,Patricia,Vrouwelijk,08/11/2019
Luik,Mireille,Vrouwelijk,07/24/2019
Beloeil,Maxime,Mannelijk,08/07/2019
Antwerpen,Lukas,Mannelijk,07/31/2019
Bornem,Arno,Mannelijk,08/07/2019
Luik,Kaur,Vrouwelijk,07/27/2019
Kortrijk,Felix,Mannelijk,08/06/2019
Wommelgem,Maria,Vrouwelijk,07/31/2019
Fleurus,Tiago,Mannelijk,08/04/2019
Moeskroen,Yvonne,Vrouwelijk,08/03/2019
Diest,Luc,Mannelijk,08/12/2019
Merelbeke,Stefaan,Mannelijk,07/31/2019
Schilde,Paulien,Vrouwelijk,07/28/2019
Herstal,Remy,Mannelijk,08/02/2019
Kontich,Marc,Mannelijk,07/21/2019
Leuven,Cindy,Vrouwelijk,08/14/2019
Aalter,Els,Vrouwelijk,07/26/2019
Leuven,Pieter,Mannelijk,07/31/2019
Aartselaar,Leopold,Mannelijk,07/20/2019
Brussel,Frédéric,Mannelijk,07/24/2019
Jemeppe-sur-Sambre,Raphaël,Mannelijk,08/21/2019
Ternat,Yana,Vrouwelijk,08/02/2019
Luik,Mathis,Mannelijk,08/13/2019
Oostende,Rik,Mannelijk,08/06/2019
Sint-Genesius-Rode,Nathalie,Vrouwelijk,08/08/2019
Genk,Abderrahman,Mannelijk,07/27/2019
Graven,François-Xavier,Mannelijk,08/03/2019
Brussel,Martin,Mannelijk,07/30/2019
Doornik,Marine,Vrouwelijk,07/24/2019
Brugelette,Annick,Vrouwelijk,08/03/2019
Antwerpen,Nancy,Vrouwelijk,07/26/2019
Orp-Jauche,Christophe,Mannelijk,08/18/2019
Antwerpen,Cecile,Vrouwelijk,08/05/2019
Kampenhout,Jean,Mannelijk,07/29/2019
Antwerpen,Maria,Vrouwelijk,07/19/2019
Overijse,Jonathan,Mannelijk,07/31/2019
Gent,Razan,Vrouwelijk,07/23/2019
Doornik,Léopold,Mannelijk,07/30/2019
Evergem,Vincent,Mannelijk,08/21/2019
Geel,Geert,Mannelijk,08/01/2019
Elsene,Fatima,Vrouwelijk,08/08/2019
Beersel,Anne,Vrouwelijk,08/07/2019
Zwevegem,Linde,Vrouwelijk,08/16/2019
Diksmuide,Christianne,Vrouwelijk,07/27/2019
Kaprijke,Rudi,Mannelijk,07/27/2019
Namen,Aurélie,Vrouwelijk,07/31/2019
Niel,Rita,Vrouwelijk,08/14/2019
Borgworm,Amélie,Vrouwelijk,07/20/2019
Ravels,Maria,Vrouwelijk,07/22/2019
Eigenbrakel,Fabrizio,Mannelijk,08/19/2019
La Louvière,Daniel,Mannelijk,07/20/2019
Grâce-Hollogne,Giovanna,Vrouwelijk,08/02/2019
Wetteren,Sandra,Vrouwelijk,07/27/2019
Anderlecht,Reda,Mannelijk,08/06/2019
Saint-Nicolas (Luik),Domenico,Mannelijk,07/28/2019
Aubel,Arthur,Mannelijk,08/15/2019
Sint-Niklaas (Sint-Niklaas),Maria,Vrouwelijk,07/30/2019
Bornem,Greet,Vrouwelijk,07/30/2019
Maaseik,Rune,Mannelijk,07/27/2019
