gemeente,naam,geslacht,verwachte datum
La Louvière,Eva,Vrouwelijk,11/02/2019
Oupeye,Henri,Mannelijk,11/11/2019
Zonhoven,Linda,Vrouwelijk,11/03/2019
Doornik,Anne,Vrouwelijk,11/06/2019
Vorst (Brussel-Hoofdstad),Jean-Marie,Mannelijk,10/30/2019
Charleroi,Allison,Vrouwelijk,11/20/2019
Oostende,Albert,Mannelijk,11/03/2019
Antwerpen,Marie-Anne,Vrouwelijk,12/20/2019
Thuin,Eddy,Mannelijk,11/01/2019
Chapelle-lez-Herlaimont,Tania,Vrouwelijk,10/31/2019
Geel,Irène,Vrouwelijk,11/18/2019
Sint-Jans-Molenbeek,Geneviève,Vrouwelijk,11/04/2019
Gembloux,Véronique,Vrouwelijk,11/05/2019
Roeselare,Eric,Mannelijk,11/03/2019
Kuurne,Hans,Mannelijk,11/21/2019
Oudenaarde,Stefanie,Vrouwelijk,11/21/2019
Luik,Catherine,Vrouwelijk,11/07/2019
Bernissart,Véronique,Vrouwelijk,11/01/2019
Brussel,Rosario,Mannelijk,11/06/2019
Gent,Dirk,Mannelijk,11/23/2019
Knokke-Heist,Germaine,Vrouwelijk,11/15/2019
Landen,Esther,Vrouwelijk,11/06/2019
Buggenhout,Rita,Vrouwelijk,10/30/2019
Vilvoorde,Yvonne,Vrouwelijk,11/16/2019
Komen-Waasten,Christine,Vrouwelijk,11/08/2019
Seraing,Pierre,Mannelijk,11/01/2019
Kalmthout,Jozef,Mannelijk,10/30/2019
Lebbeke,Marie,Vrouwelijk,11/09/2019
Walcourt,Alexandra,Vrouwelijk,11/08/2019
Beveren (Sint-Niklaas),Karel,Mannelijk,11/07/2019
Beringen,Johan,Mannelijk,11/04/2019
Beringen,Nursel,Vrouwelijk,11/04/2019
Moeskroen,Marie-Claire,Vrouwelijk,11/06/2019
Heusden-Zolder,Julia,Vrouwelijk,11/15/2019
Lendelede,Stephan,Mannelijk,11/04/2019
Antwerpen,Josephine,Vrouwelijk,11/14/2019
Maldegem,Sophie,Vrouwelijk,11/14/2019
Luik,Francine,Vrouwelijk,11/10/2019
Waasmunster,Jana,Vrouwelijk,11/02/2019
Zwijndrecht,Merel,Vrouwelijk,11/10/2019
Hannuit,Mario,Mannelijk,11/09/2019
Geraardsbergen,Gerard,Mannelijk,11/12/2019
Lier,Kobe,Mannelijk,11/06/2019
Amay,Stéphanie,Vrouwelijk,11/07/2019
Anderlecht,Imrane,Mannelijk,11/14/2019
Ohey,Nicole,Vrouwelijk,11/05/2019
Mechelen,Shauni,Vrouwelijk,11/08/2019
Ecaussinnes,Angélique,Vrouwelijk,11/28/2019
Fléron,Sacha,Mannelijk,11/04/2019
Seraing,Céline,Vrouwelijk,11/13/2019
Leuven,Birgit,Vrouwelijk,11/07/2019
Oostende,Jeroen,Mannelijk,10/30/2019
Oostende,Guido,Mannelijk,10/30/2019
Mettet,Laura,Vrouwelijk,11/14/2019
Anderlues,Dorothée,Vrouwelijk,11/08/2019
Thuin,Yvette,Vrouwelijk,11/29/2019
Vosselaar,Johan,Mannelijk,11/08/2019
Denderleeuw,Julie,Vrouwelijk,11/09/2019
Beersel,Christiane,Vrouwelijk,11/14/2019
Aubel,Nicole,Vrouwelijk,11/12/2019
Laarne,Jan,Mannelijk,10/27/2019
Genepiën,Maria,Vrouwelijk,12/19/2019
Charleroi,Charles,Mannelijk,11/09/2019
Vilvoorde,Anne,Vrouwelijk,11/13/2019
Lobbes,Martine,Vrouwelijk,11/09/2019
Léglise,Daniel,Mannelijk,11/04/2019
Lochristi,Stefaan,Mannelijk,11/05/2019
Schaarbeek,Nour,Vrouwelijk,11/09/2019
Kortrijk,Myriam,Vrouwelijk,11/03/2019
Herstal,Alison,Vrouwelijk,11/13/2019
Gent,Mona,Vrouwelijk,12/27/2019
Overijse,Jeannine,Vrouwelijk,11/04/2019
Sint-Lievens-Houtem,Nathalie,Vrouwelijk,11/08/2019
La Roche-en-Ardenne,Marie-Thérèse,Vrouwelijk,11/03/2019
Les Bons Villers,Jacques,Mannelijk,11/19/2019
Mechelen,Miranda,Vrouwelijk,10/30/2019
Charleroi,Josée,Vrouwelijk,11/06/2019
Moeskroen,Térence,Mannelijk,10/30/2019
Oupeye,Fabienne,Vrouwelijk,11/07/2019
Verviers,Arno,Mannelijk,11/09/2019
Beringen,Lisa,Vrouwelijk,11/06/2019
Holsbeek,Guido,Mannelijk,11/02/2019
Boussu,Jeanine,Vrouwelijk,11/07/2019
Mol,Johan,Mannelijk,11/06/2019
Antwerpen,Chaymae,Vrouwelijk,11/04/2019
Zonnebeke,Jens,Mannelijk,11/07/2019
Thuin,Geoffrey,Mannelijk,11/26/2019
Kapelle-op-den-Bos,Dirk,Mannelijk,11/06/2019
De Haan,Michel,Mannelijk,11/08/2019
Antwerpen,Evelien,Vrouwelijk,11/16/2019
Namen,Nathalie,Vrouwelijk,11/16/2019
Ieper,Briek,Mannelijk,11/11/2019
Antwerpen,Lisa,Vrouwelijk,11/05/2019
Antwerpen,Saïda,Vrouwelijk,10/30/2019
Esneux,Kelly,Vrouwelijk,11/24/2019
Schilde,Louis,Mannelijk,11/05/2019
Gent,Ella,Vrouwelijk,11/05/2019
Wingene,Lowie,Mannelijk,11/05/2019
Gent,Kristina,Vrouwelijk,11/02/2019
Grobbendonk,Maria,Vrouwelijk,11/14/2019
Hulshout,Melania,Vrouwelijk,11/18/2019
Antwerpen,Joseph,Mannelijk,11/13/2019
Sint-Gillis,Evangelos,Mannelijk,11/11/2019
Antwerpen,Hamza,Mannelijk,11/14/2019
Havelange,Emma,Vrouwelijk,11/15/2019
Bièvre,Sonia,Vrouwelijk,11/24/2019
Halle (Halle-Vilvoorde),Ellen,Vrouwelijk,10/27/2019
Schaarbeek,Aysegül,Vrouwelijk,11/14/2019
Antwerpen,Denis,Mannelijk,11/15/2019
Quévy,Katty,Vrouwelijk,11/19/2019
Bergen,Daniel,Mannelijk,11/27/2019
Ichtegem,Carine,Vrouwelijk,10/31/2019
Brasschaat,Dirk,Mannelijk,11/09/2019
Kruisem,Alex,Mannelijk,11/06/2019
Geel,Eric,Mannelijk,11/20/2019
Harelbeke,Eddy,Mannelijk,11/08/2019
Saint-Léger (Virton),Geneviève,Vrouwelijk,10/29/2019
Turnhout,Maria,Vrouwelijk,11/23/2019
Héron,Hervé,Mannelijk,11/11/2019
Brussel,Assya,Vrouwelijk,10/27/2019
Herstal,Elodie,Vrouwelijk,11/06/2019
’s Gravenbrakel,Gérard,Mannelijk,11/17/2019
Knokke-Heist,Christel,Vrouwelijk,11/16/2019
Moeskroen,Katia,Vrouwelijk,11/05/2019
Elsene,Christian,Mannelijk,11/05/2019
Bergen,Théophile,Mannelijk,11/20/2019
Gent,Beau,Vrouwelijk,11/21/2019
Kortrijk,Bruno,Mannelijk,11/06/2019
Oostende,Karel,Mannelijk,11/16/2019
Merchtem,Sami,Mannelijk,11/06/2019
Lendelede,Rita,Vrouwelijk,11/04/2019
Antwerpen,Suzanna,Vrouwelijk,11/13/2019
Rixensart,Victor,Mannelijk,11/09/2019
Flémalle,Francis,Mannelijk,10/28/2019
Gembloux,Nathalie,Vrouwelijk,11/07/2019
Beersel,Kirsten,Vrouwelijk,11/07/2019
De Pinte,Gilles,Mannelijk,11/05/2019
Sint-Joost-ten-Node,Abdelaziz,Mannelijk,11/09/2019
Philippeville,Jacqueline,Vrouwelijk,11/06/2019
Pecq,Franck,Mannelijk,11/08/2019
Hensies,Maxime,Mannelijk,11/08/2019
Koksijde,Marc,Mannelijk,11/22/2019
Brugge,Marie,Vrouwelijk,10/31/2019
De Haan,Dimitri,Mannelijk,11/06/2019
Mechelen,Dennis,Mannelijk,11/04/2019
Gent,Simon,Mannelijk,11/28/2019
Sint-Truiden,Maddy,Vrouwelijk,11/22/2019
Antwerpen,Yamina,Vrouwelijk,11/06/2019
Menen,Marcella,Vrouwelijk,10/30/2019
Landen,Katrien,Vrouwelijk,11/01/2019
Virton,Geoffrey,Mannelijk,11/06/2019
Zottegem,Brigitte,Vrouwelijk,11/16/2019
Herzele,David,Mannelijk,10/29/2019
Lubbeek,Armand,Mannelijk,11/23/2019
Namen,Françoise,Vrouwelijk,10/30/2019
Antwerpen,Dylan,Mannelijk,11/28/2019
Oudsbergen,Maria,Vrouwelijk,10/30/2019
Amay,Léa,Vrouwelijk,11/26/2019
Bekkevoort,Albert,Mannelijk,11/05/2019
Boom,Paul,Mannelijk,10/29/2019
Charleroi,Patricia,Vrouwelijk,11/01/2019
Kapellen (Antwerpen),Mohamed,Mannelijk,11/28/2019
Sint-Pieters-Leeuw,Ilse,Vrouwelijk,11/14/2019
Zonhoven,Stefan,Mannelijk,10/29/2019
Puurs-Sint-Amands,Kathleen,Vrouwelijk,11/28/2019
Ukkel,Alexander,Mannelijk,11/01/2019
Riemst,Lambertus,Mannelijk,11/12/2019
Lier,Alfred,Mannelijk,11/07/2019
Koksijde,Niels,Mannelijk,11/01/2019
Gent,Tomas,Mannelijk,10/29/2019
Balen,Hugo,Mannelijk,11/12/2019
Geraardsbergen,Dany,Mannelijk,11/13/2019
Schaarbeek,Sandra,Vrouwelijk,11/08/2019
Overijse,Jacqueline,Vrouwelijk,11/01/2019
Zedelgem,Joke,Vrouwelijk,11/03/2019
Zinnik,Pauline,Vrouwelijk,11/18/2019
Oostende,Janine,Vrouwelijk,11/04/2019
Brussel,Philippe,Mannelijk,10/27/2019
Antwerpen,Ali,Mannelijk,11/24/2019
Dilbeek,Greta,Vrouwelijk,11/19/2019
Sint-Jans-Molenbeek,Emilio,Mannelijk,10/30/2019
Boechout,Cindy,Vrouwelijk,11/09/2019
Sint-Jans-Molenbeek,Roland,Mannelijk,11/03/2019
Willebroek,Hannah,Vrouwelijk,11/06/2019
Haacht,Bernard,Mannelijk,11/30/2019
Kortessem,Chantal,Vrouwelijk,11/14/2019
Elsene,Anna,Vrouwelijk,10/29/2019
Trooz,Olivier,Mannelijk,11/09/2019
Les Bons Villers,Lola,Vrouwelijk,11/13/2019
Lille,Mathilda,Vrouwelijk,11/13/2019
Hove (Antwerpen),Goedele,Vrouwelijk,11/15/2019
Peer,Gerry,Mannelijk,11/07/2019
Herstal,Esma,Vrouwelijk,11/14/2019
Lievegem,Jarne,Mannelijk,11/13/2019
Brussel,Fatima,Vrouwelijk,11/11/2019
Bernissart,Myriam,Vrouwelijk,11/05/2019
Edingen,Nicole,Vrouwelijk,11/07/2019
Steenokkerzeel,Rita,Vrouwelijk,11/15/2019
Herstal,Mariette,Vrouwelijk,11/05/2019
Temse,Aysel,Vrouwelijk,11/11/2019
Laarne,Tim,Mannelijk,11/12/2019
Ukkel,Sophie,Vrouwelijk,11/03/2019
Verlaine,Benoit,Mannelijk,11/10/2019
Zwijndrecht,Sonja,Vrouwelijk,11/08/2019
Charleroi,Aurélie,Vrouwelijk,11/02/2019
Brussel,Bilal,Mannelijk,11/10/2019
Zandhoven,Erik,Mannelijk,11/05/2019
Maldegem,Marc,Mannelijk,11/02/2019
Luik,Maëlys,Vrouwelijk,11/11/2019
Oudergem,Lucie,Vrouwelijk,11/05/2019
Floreffe,Thomas,Mannelijk,10/27/2019
Torhout,Elien,Vrouwelijk,11/01/2019
Schaarbeek,Emilie,Vrouwelijk,11/07/2019
Bergen,Salvatore,Mannelijk,11/12/2019
Antwerpen,Abdelwahed,Mannelijk,11/01/2019
Antoing,Christian,Mannelijk,11/19/2019
Willebroek,Thomas,Mannelijk,11/08/2019
Aywaille,Eric,Mannelijk,11/15/2019
Grobbendonk,Gustaaf,Mannelijk,11/09/2019
Haaltert,Daisy,Vrouwelijk,11/02/2019
Antwerpen,Muhammed,Mannelijk,10/29/2019
Estaimpuis,Sébastien,Mannelijk,12/14/2019
Rumst,Jean,Mannelijk,11/06/2019
Zemst,Jeannine,Vrouwelijk,11/09/2019
Dilbeek,Angela,Vrouwelijk,11/13/2019
Lebbeke,Kevin,Mannelijk,11/13/2019
Leuven,Mireille,Vrouwelijk,11/30/2019
Huldenberg,Alexander,Mannelijk,11/09/2019
Arendonk,Leen,Vrouwelijk,11/06/2019
Charleroi,Laurence,Vrouwelijk,11/03/2019
Turnhout,Magdalena,Vrouwelijk,11/18/2019
Putte,Anja,Vrouwelijk,10/28/2019
Etterbeek,Lily,Vrouwelijk,10/30/2019
Lommel,Ferdinand,Mannelijk,11/14/2019
Geetbets,Marc,Mannelijk,11/15/2019
Gavere,Leon,Mannelijk,10/29/2019
Maaseik,Hannah,Vrouwelijk,11/05/2019
Liedekerke,Nicole,Vrouwelijk,10/28/2019
Anderlecht,Ali,Mannelijk,11/23/2019
Ukkel,Jean-Paul,Mannelijk,10/28/2019
Ukkel,Philippe,Mannelijk,11/08/2019
Sint-Jans-Molenbeek,André,Mannelijk,11/06/2019
Wetteren,Nils,Mannelijk,11/22/2019
Aalst (Aalst),Gregory,Mannelijk,10/29/2019
Philippeville,Michaël,Mannelijk,11/04/2019
Boortmeerbeek,Lutgarde,Vrouwelijk,11/07/2019
Verviers,Fouzia,Vrouwelijk,12/14/2019
Brecht,Alyssa,Vrouwelijk,11/08/2019
Wingene,Piotr,Mannelijk,11/08/2019
Zoersel,Frieda,Vrouwelijk,11/07/2019
Charleroi,Serge,Mannelijk,11/14/2019
Verviers,Ghislain,Mannelijk,11/11/2019
Elsene,Loris,Mannelijk,11/03/2019
Aalst (Aalst),Geert,Mannelijk,11/10/2019
Anderlecht,Laurence,Vrouwelijk,11/15/2019
Brussel,Elisabeth,Vrouwelijk,11/25/2019
Antwerpen,Anthony,Mannelijk,11/04/2019
Herent,Sarah,Vrouwelijk,11/05/2019
Quaregnon,Marie-José,Vrouwelijk,11/01/2019
Hoeilaart,Catherine,Vrouwelijk,11/26/2019
Antwerpen,Lana,Vrouwelijk,12/11/2019
Ninove,Frederik,Mannelijk,11/08/2019
Leuven,Josse,Mannelijk,10/31/2019
Heusden-Zolder,Gert,Mannelijk,11/08/2019
Sint-Jans-Molenbeek,Alexandru,Mannelijk,11/14/2019
Gent,Amine,Vrouwelijk,11/27/2019
Brecht,Thor,Mannelijk,11/06/2019
Leopoldsburg,Sabrina,Vrouwelijk,11/10/2019
Fontaine-l’Evêque,Nathalie,Vrouwelijk,11/03/2019
Oosterzele,Filip,Mannelijk,11/04/2019
Malmedy,Georges,Mannelijk,11/03/2019
Bertogne,Loïc,Mannelijk,10/27/2019
Wevelgem,Jeannette,Vrouwelijk,11/06/2019
Tervuren,Guillaume,Mannelijk,11/28/2019
Walhain,Didier,Mannelijk,11/12/2019
Kraainem,Jacques,Mannelijk,11/13/2019
Torhout,Jenny,Vrouwelijk,11/17/2019
Herstal,Christelle,Vrouwelijk,11/02/2019
Stekene,Wout,Mannelijk,11/16/2019
Brussel,Joëlle,Vrouwelijk,11/06/2019
Brussel,El,Mannelijk,11/14/2019
Meulebeke,Nico,Mannelijk,11/01/2019
