gemeente,naam,geslacht,verwachte datum
Brugge,Marthe,Vrouwelijk,10/11/2019
Harelbeke,Marie,Vrouwelijk,10/13/2019
Borgworm,Marcel,Mannelijk,10/05/2019
Oupeye,Pietro,Mannelijk,10/15/2019
Kruisem,Carine,Vrouwelijk,10/01/2019
Jette,Michel,Mannelijk,10/02/2019
Mechelen,Nadia,Vrouwelijk,10/01/2019
Antwerpen,Jan,Mannelijk,10/11/2019
Beernem,Joseph,Mannelijk,11/17/2019
Jette,Xavier,Mannelijk,10/07/2019
Maldegem,Emilie,Vrouwelijk,10/03/2019
Kluisbergen,Denise,Vrouwelijk,09/24/2019
Seraing,Jeannine,Vrouwelijk,09/22/2019
Geraardsbergen,Nancy,Vrouwelijk,10/14/2019
Gent,Kurt,Mannelijk,10/12/2019
Oostkamp,Wilfried,Mannelijk,10/19/2019
Herzele,Jana,Vrouwelijk,10/04/2019
Heist-op-den-Berg,Elise,Vrouwelijk,11/18/2019
Charleroi,Nathalie,Vrouwelijk,10/05/2019
Poperinge,Brigitte,Vrouwelijk,10/02/2019
Herzele,Glenn,Mannelijk,09/30/2019
Brugge,Charlotte,Vrouwelijk,10/09/2019
Stabroek,Roger,Mannelijk,10/18/2019
La Louvière,Joffrey,Mannelijk,09/30/2019
Sint-Pieters-Leeuw,Sébastien,Mannelijk,10/03/2019
Seraing,Giuseppe,Mannelijk,10/05/2019
Leopoldsburg,Jürgen,Mannelijk,10/01/2019
Wevelgem,Jacques,Mannelijk,09/23/2019
Brussel,Imane,Vrouwelijk,09/30/2019
Knokke-Heist,Juliette,Vrouwelijk,10/01/2019
Brussel,Nawal,Vrouwelijk,10/15/2019
Schaarbeek,Meryem,Vrouwelijk,10/04/2019
Luik,Monique,Vrouwelijk,10/03/2019
Luik,Aboubacar,Mannelijk,10/05/2019
Dilsen-Stokkem,Dorien,Vrouwelijk,10/09/2019
Diest,Ronny,Mannelijk,11/06/2019
Eghezée,Gaëlle,Vrouwelijk,10/02/2019
Chaumont-Gistoux,Frédéric,Mannelijk,10/01/2019
Gouvy,Lucas,Mannelijk,10/07/2019
Roeselare,Caroline,Vrouwelijk,10/02/2019
Landen,Rose,Vrouwelijk,10/15/2019
Antwerpen,Joanna,Vrouwelijk,09/30/2019
Sint-Lambrechts-Woluwe,Laure,Vrouwelijk,09/26/2019
Herk-de-Stad,Paula,Vrouwelijk,10/12/2019
Boutersem,Jana,Vrouwelijk,09/22/2019
Brasschaat,Maarten,Mannelijk,10/09/2019
Ukkel,Nicole,Vrouwelijk,10/09/2019
Bocholt,Maria,Vrouwelijk,09/29/2019
Charleroi,Claudio,Mannelijk,10/07/2019
Honnelles,Julien,Mannelijk,10/01/2019
Aalst (Aalst),Miel,Mannelijk,10/22/2019
Dilbeek,Jonathan,Mannelijk,10/26/2019
Sankt Vith,Lenny,Mannelijk,10/03/2019
Estaimpuis,Julie,Vrouwelijk,10/06/2019
Wevelgem,Bart,Mannelijk,10/11/2019
Bastenaken,Léa,Vrouwelijk,09/30/2019
Waregem,Inge,Vrouwelijk,09/29/2019
Oudsbergen,Christina,Vrouwelijk,10/01/2019
Sint-Truiden,Agnes,Vrouwelijk,09/30/2019
Tubeke,Thi,Vrouwelijk,10/17/2019
Anderlecht,Ludovic,Mannelijk,10/02/2019
Geraardsbergen,Edouard,Mannelijk,10/05/2019
Antwerpen,Johnny,Mannelijk,10/04/2019
Antwerpen,Philip,Mannelijk,10/09/2019
Beveren (Sint-Niklaas),Jef,Mannelijk,10/13/2019
Bree,Wilhelmus,Mannelijk,09/24/2019
Blankenberge,Alexander,Mannelijk,10/22/2019
Fontaine-l’Evêque,Marie,Vrouwelijk,09/29/2019
Zonhoven,Marie,Vrouwelijk,09/30/2019
Jette,Nassira,Vrouwelijk,09/27/2019
Wanze,Marc,Mannelijk,09/27/2019
Gent,Nataliya,Vrouwelijk,09/29/2019
Antwerpen,Nils,Mannelijk,09/24/2019
Bocholt,Sabine,Vrouwelijk,09/25/2019
Turnhout,Nicole,Vrouwelijk,10/01/2019
Antwerpen,William,Mannelijk,09/29/2019
Brugelette,Alexandre,Mannelijk,09/30/2019
Roeselare,Kristien,Vrouwelijk,10/06/2019
Antwerpen,Yenthe,Vrouwelijk,09/30/2019
Gerpinnes,Anne,Vrouwelijk,10/16/2019
Herselt,Stef,Mannelijk,09/30/2019
Philippeville,Christine,Vrouwelijk,10/14/2019
Grâce-Hollogne,Alexandre,Mannelijk,10/10/2019
Pont-à-Celles,Andrée,Vrouwelijk,10/07/2019
Charleroi,Annie,Vrouwelijk,10/03/2019
Ieper,Ibrahim,Mannelijk,10/04/2019
Büllingen,Leo,Mannelijk,10/26/2019
Ieper,Stephanie,Vrouwelijk,10/01/2019
Zandhoven,Philippe,Mannelijk,10/24/2019
Kortrijk,Michiel,Mannelijk,10/04/2019
Binche,Marie-Christine,Vrouwelijk,10/01/2019
Haaltert,Petra,Vrouwelijk,09/29/2019
Berlare,Marie,Vrouwelijk,10/07/2019
Sambreville,Tiffany,Vrouwelijk,10/09/2019
Eeklo,Franky,Mannelijk,10/17/2019
Antwerpen,Dean,Mannelijk,10/04/2019
Luik,Anne,Vrouwelijk,09/30/2019
Brugge,Frederiek,Mannelijk,09/26/2019
La Roche-en-Ardenne,Céline,Vrouwelijk,10/02/2019
Schaarbeek,Firdaous,Vrouwelijk,10/04/2019
Tongeren,Frédéric,Mannelijk,10/01/2019
Ham-sur-Heure-Nalinnes,Colette,Vrouwelijk,10/05/2019
Lessen,Benoît,Mannelijk,10/07/2019
Beersel,Patrick,Mannelijk,09/22/2019
Moeskroen,Léonie,Vrouwelijk,09/27/2019
Zemst,Sonja,Vrouwelijk,11/09/2019
Gent,Mathieu,Mannelijk,10/01/2019
Hoegaarden,Anne,Vrouwelijk,10/04/2019
Doornik,Florent,Mannelijk,09/25/2019
Genk,Mathijs,Mannelijk,10/07/2019
Verviers,Thérèse,Vrouwelijk,09/24/2019
Aarschot,Kiara,Vrouwelijk,09/28/2019
Dilsen-Stokkem,Marco,Mannelijk,09/28/2019
Scherpenheuvel-Zichem,Senne,Mannelijk,10/02/2019
Maasmechelen,Berat,Mannelijk,10/03/2019
Leuven,Alexander,Mannelijk,10/08/2019
Antwerpen,Arnoud,Mannelijk,11/05/2019
Bergen,Jean-Marc,Mannelijk,09/25/2019
Walcourt,Léna,Vrouwelijk,09/30/2019
Durbuy,Marie-Christine,Vrouwelijk,10/11/2019
Saint-Ghislain,Philippe,Mannelijk,10/12/2019
Charleroi,Philippe,Mannelijk,11/21/2019
Waregem,Pieter,Mannelijk,10/07/2019
Sint-Niklaas (Sint-Niklaas),Carolien,Vrouwelijk,09/23/2019
Brussel,Zofia,Vrouwelijk,09/29/2019
Malle,Manon,Vrouwelijk,09/30/2019
Gent,Francis,Mannelijk,09/26/2019
Gent,Hamza,Mannelijk,10/05/2019
Etterbeek,Gaëtan,Mannelijk,10/08/2019
De Haan,Frank,Mannelijk,10/20/2019
Saint-Ghislain,Marie-Ange,Vrouwelijk,10/03/2019
Bergen,Michel,Mannelijk,10/21/2019
Genk,Yassine,Mannelijk,10/01/2019
Celles (Doornik),Vincent,Mannelijk,10/01/2019
Eigenbrakel,Michel,Mannelijk,10/26/2019
Soumagne,Sébastien,Mannelijk,10/01/2019
Couvin,Christophe,Mannelijk,09/27/2019
Herstal,Tiffany,Vrouwelijk,10/05/2019
Gent,Patricia,Vrouwelijk,10/04/2019
Antwerpen,Liesa,Vrouwelijk,10/17/2019
Dilbeek,Aurélie,Vrouwelijk,10/02/2019
Lochristi,Kristien,Vrouwelijk,10/13/2019
Meerhout,Lea,Vrouwelijk,09/25/2019
Lessen,Thomas,Mannelijk,09/28/2019
Gent,Geoffrey,Mannelijk,09/28/2019
Leuze-en-Hainaut,Justine,Vrouwelijk,10/04/2019
Hoegaarden,Viviane,Vrouwelijk,09/25/2019
Beerse,Tom,Mannelijk,10/01/2019
Denderleeuw,Océane,Vrouwelijk,09/30/2019
Chaumont-Gistoux,Lucas,Mannelijk,09/23/2019
Koksijde,Marie,Vrouwelijk,10/16/2019
Sint-Lambrechts-Woluwe,Simonetta,Vrouwelijk,09/26/2019
Sint-Gillis-Waas,Robert,Mannelijk,10/11/2019
Aalst (Aalst),Ann,Vrouwelijk,10/23/2019
Wijnegem,Louis,Mannelijk,09/26/2019
Tongeren,Joseph,Mannelijk,09/30/2019
Luik,Lucie,Vrouwelijk,10/09/2019
Beloeil,Léa,Vrouwelijk,10/03/2019
De Panne,Pierre,Mannelijk,11/16/2019
Sint-Niklaas (Sint-Niklaas),Christel,Vrouwelijk,09/22/2019
Brakel,Daan,Mannelijk,10/23/2019
Wuustwezel,Patrick,Mannelijk,10/03/2019
Nijvel,Bernard,Mannelijk,10/10/2019
Ottignies-Louvain-la-Neuve,José,Mannelijk,09/29/2019
Antwerpen,Zekiye,Vrouwelijk,10/04/2019
Charleroi,Jacqueline,Vrouwelijk,10/03/2019
Namen,Gabriel,Mannelijk,10/17/2019
Maasmechelen,Joseph,Mannelijk,09/30/2019
Burg-Reuland,Christine,Vrouwelijk,09/25/2019
Erpe-Mere,Joke,Vrouwelijk,09/22/2019
Kruibeke,Sandy,Vrouwelijk,09/29/2019
Zedelgem,Katrien,Vrouwelijk,10/02/2019
Fléron,Sophie,Vrouwelijk,10/14/2019
Luik,Samia,Vrouwelijk,09/27/2019
Quaregnon,Talia,Vrouwelijk,10/07/2019
Liedekerke,Michèle,Vrouwelijk,10/02/2019
Evergem,Timothy,Mannelijk,09/23/2019
Theux,Frédéric,Mannelijk,10/04/2019
Anderlecht,Denise,Vrouwelijk,10/07/2019
Geel,Maria,Vrouwelijk,09/30/2019
Doornik,Marie-France,Vrouwelijk,10/16/2019
Harelbeke,Martin,Mannelijk,10/07/2019
Wezembeek-Oppem,Erik,Mannelijk,10/09/2019
Destelbergen,Filip,Mannelijk,09/26/2019
Aarlen,Pierre,Mannelijk,09/30/2019
Edegem,Philippe,Mannelijk,10/09/2019
Charleroi,Michel,Mannelijk,10/01/2019
Hechtel-Eksel,Nathalie,Vrouwelijk,09/25/2019
Beveren (Sint-Niklaas),André,Mannelijk,10/17/2019
Ottignies-Louvain-la-Neuve,Rodolphe,Mannelijk,10/11/2019
Waterloo,Bernard,Mannelijk,09/28/2019
Denderleeuw,Eric,Mannelijk,10/08/2019
Gent,Michèle,Vrouwelijk,09/28/2019
Diest,Gisèle,Vrouwelijk,09/24/2019
Ieper,Tom,Mannelijk,10/09/2019
Aalst (Aalst),Maria,Vrouwelijk,10/13/2019
Deinze,Katrien,Vrouwelijk,10/08/2019
Oudsbergen,Maria,Vrouwelijk,11/12/2019
Kortrijk,Christine,Vrouwelijk,09/24/2019
Eghezée,Jacques,Mannelijk,10/04/2019
Vosselaar,Marcel,Mannelijk,10/05/2019
Anderlecht,Kadija,Vrouwelijk,10/01/2019
Antwerpen,Sibel,Vrouwelijk,10/03/2019
Izegem,Erik,Mannelijk,09/28/2019
Bergen,Florence,Vrouwelijk,09/23/2019
Anderlecht,Nicoletta,Vrouwelijk,10/02/2019
Etterbeek,Alexander,Mannelijk,10/11/2019
Mechelen,Glenn,Mannelijk,11/02/2019
Deerlijk,Raïs,Vrouwelijk,10/09/2019
Beringen,Karel,Mannelijk,10/07/2019
Sint-Jans-Molenbeek,Soulayman,Mannelijk,09/24/2019
Remicourt,Olivier,Mannelijk,10/01/2019
Zwevegem,Jimmy,Mannelijk,10/02/2019
Sint-Pieters-Woluwe,Michel,Mannelijk,10/05/2019
Sint-Agatha-Berchem,Alan,Mannelijk,10/03/2019
Elsene,Ida,Vrouwelijk,09/25/2019
Jabbeke,Isabelle,Vrouwelijk,11/08/2019
Ranst,Elke,Vrouwelijk,10/05/2019
Sint-Jans-Molenbeek,Marin,Mannelijk,10/09/2019
Nijlen,Peggy,Vrouwelijk,10/22/2019
Antwerpen,Karim,Mannelijk,10/05/2019
Balen,Frans,Mannelijk,10/01/2019
Flémalle,Jessica,Vrouwelijk,09/29/2019
Charleroi,Nadine,Vrouwelijk,10/02/2019
Wetteren,Anna,Vrouwelijk,10/20/2019
Schaarbeek,Alper,Mannelijk,10/03/2019
Temse,Patrick,Mannelijk,10/11/2019
Eigenbrakel,Luc,Mannelijk,10/23/2019
Nazareth,Luc,Mannelijk,11/07/2019
Leuven,Marc,Mannelijk,10/02/2019
Hasselt,Ellen,Vrouwelijk,10/04/2019
Anhée,Josette,Vrouwelijk,10/03/2019
Theux,Martin,Mannelijk,10/22/2019
Brussel,Ibrahim,Mannelijk,10/09/2019
Herentals,Ivo,Mannelijk,09/29/2019
Bergen,Assia,Vrouwelijk,10/11/2019
Herzele,Paul,Mannelijk,09/27/2019
Moeskroen,Fatima,Vrouwelijk,09/30/2019
Brussel,Naci,Mannelijk,09/23/2019
Antwerpen,Marguerite,Vrouwelijk,10/03/2019
Ternat,François,Mannelijk,09/22/2019
Mechelen,Edward,Mannelijk,09/23/2019
Péruwelz,Laura,Vrouwelijk,10/04/2019
Fleurus,Emeline,Vrouwelijk,10/13/2019
Zottegem,Fanny,Vrouwelijk,10/23/2019
Heusden-Zolder,Jeanne,Vrouwelijk,09/30/2019
Bonheiden,Irène,Vrouwelijk,10/22/2019
Jalhay,Delphine,Vrouwelijk,10/03/2019
Seraing,Julien,Mannelijk,09/22/2019
Beauraing,Jean-Claude,Mannelijk,09/29/2019
Wuustwezel,Kristel,Vrouwelijk,10/08/2019
Aalter,Viktor,Mannelijk,10/08/2019
Schoten,Johan,Mannelijk,10/02/2019
Rijkevorsel,Tom,Mannelijk,10/09/2019
Luik,Mohamed,Mannelijk,10/12/2019
Brussel,Christine,Vrouwelijk,10/04/2019
Doornik,Emeline,Vrouwelijk,10/10/2019
Borsbeek,Brigitte,Vrouwelijk,10/06/2019
Ganshoren,Léon,Mannelijk,10/04/2019
Tongeren,Elien,Vrouwelijk,10/08/2019
Seraing,Maurine,Vrouwelijk,10/11/2019
Binche,Renato,Mannelijk,10/10/2019
Charleroi,Steve,Mannelijk,10/24/2019
Doornik,Marie-Pascale,Vrouwelijk,10/04/2019
Neupré,Simone,Vrouwelijk,10/03/2019
Luik,David,Mannelijk,09/28/2019
Bergen,Sébastien,Mannelijk,10/03/2019
Brussel,Mina,Vrouwelijk,10/01/2019
Maarkedal,Inge,Vrouwelijk,10/12/2019
Etalle,Christelle,Vrouwelijk,10/09/2019
Aubange,Leandro,Mannelijk,09/26/2019
Zedelgem,Tess,Vrouwelijk,09/22/2019
Lasne,Virginie,Vrouwelijk,10/01/2019
Geel,Sam,Vrouwelijk,10/11/2019
Galmaarden,Peter,Mannelijk,10/23/2019
Hemiksem,Luc,Mannelijk,10/10/2019
Namen,Nathalie,Vrouwelijk,10/02/2019
Bekkevoort,Tine,Vrouwelijk,10/01/2019
Bergen,Stéphanie,Vrouwelijk,10/06/2019
Lille,Maria,Vrouwelijk,10/02/2019
Duffel,Nadine,Vrouwelijk,09/26/2019
Eigenbrakel,Louise,Vrouwelijk,10/06/2019
Morlanwelz,Giuseppe,Mannelijk,10/06/2019
Antwerpen,Irène,Vrouwelijk,10/13/2019
Pelt,Ellen,Vrouwelijk,10/01/2019
Herstal,André,Mannelijk,09/30/2019
Laakdal,Lewis,Mannelijk,09/30/2019
Landen,Lieve,Vrouwelijk,10/02/2019
Jemeppe-sur-Sambre,Josette,Vrouwelijk,09/29/2019
Bergen,Lilia,Vrouwelijk,10/02/2019
Seraing,Antonia,Vrouwelijk,10/19/2019
Vorst (Brussel-Hoofdstad),Lucie,Vrouwelijk,10/01/2019
Dilbeek,Ikram,Vrouwelijk,10/08/2019
Aat,Jacques,Mannelijk,10/10/2019
Raeren,Lina,Vrouwelijk,10/04/2019
Kortrijk,Paul,Mannelijk,10/11/2019
Luik,Arlette,Vrouwelijk,09/29/2019
Antwerpen,Bob,Mannelijk,09/30/2019
Kasterlee,Greta,Vrouwelijk,09/22/2019
Pont-à-Celles,Raphaël,Mannelijk,10/11/2019
Oostende,René,Mannelijk,10/02/2019
Aalst (Aalst),Jean-Paul,Mannelijk,10/04/2019
Gent,Jacques,Mannelijk,10/07/2019
Dendermonde,Pieter,Mannelijk,10/04/2019
Sint-Pieters-Woluwe,Dominique,Mannelijk,10/06/2019
Lanaken,Johannes,Mannelijk,10/05/2019
Charleroi,Romane,Vrouwelijk,10/15/2019
Ukkel,Soumaya,Vrouwelijk,09/29/2019
Diksmuide,Martha,Vrouwelijk,10/02/2019
Zonnebeke,Laura,Vrouwelijk,10/03/2019
Harelbeke,Maria,Vrouwelijk,09/27/2019
Antwerpen,Natalia,Vrouwelijk,09/30/2019
Estaimpuis,Marcelle,Vrouwelijk,09/30/2019
Frameries,Pascale,Vrouwelijk,10/19/2019
Charleroi,Rosario,Mannelijk,10/04/2019
Antwerpen,Kris,Mannelijk,10/03/2019
Quaregnon,Audrey,Vrouwelijk,10/04/2019
Antwerpen,Wissal,Vrouwelijk,10/08/2019
Luik,Francesco,Mannelijk,09/26/2019
Etterbeek,Ariane,Vrouwelijk,09/29/2019
Machelen (Halle-Vilvoorde),Tamara,Vrouwelijk,10/06/2019
