gemeente,naam,geslacht,verwachte datum
Anderlecht,Marinela,Vrouwelijk,04/06/2019
Zutendaal,Anna,Vrouwelijk,04/04/2019
Merelbeke,Peter,Mannelijk,04/10/2019
Aarschot,Nicole,Vrouwelijk,04/17/2019
Borgworm,André,Mannelijk,04/17/2019
Oostkamp,Inge,Vrouwelijk,04/06/2019
Oudenaarde,Wouter,Mannelijk,04/18/2019
Sint-Laureins,Gerda,Vrouwelijk,04/20/2019
Dendermonde,Ann,Vrouwelijk,04/11/2019
Jemeppe-sur-Sambre,Aurélie,Vrouwelijk,04/11/2019
Harelbeke,Jeannette,Vrouwelijk,04/17/2019
Waregem,Ingrid,Vrouwelijk,04/29/2019
Lo-Reninge,Elise,Vrouwelijk,04/21/2019
Halle (Halle-Vilvoorde),Koen,Mannelijk,04/10/2019
Lichtervelde,Lisa,Vrouwelijk,04/09/2019
Tongeren,Josiane,Vrouwelijk,04/09/2019
Antwerpen,Lynn,Vrouwelijk,04/21/2019
Maasmechelen,Veerle,Vrouwelijk,04/07/2019
Nijlen,Carine,Vrouwelijk,04/03/2019
La Bruyère,Elisa,Vrouwelijk,04/08/2019
La Louvière,Ion,Mannelijk,04/05/2019
Luik,Virginie,Vrouwelijk,04/17/2019
Maasmechelen,Imane,Vrouwelijk,04/02/2019
Tubeke,Kelly,Vrouwelijk,04/10/2019
Leuven,Pawel,Mannelijk,04/15/2019
Bilzen,Godelieve,Vrouwelijk,05/04/2019
Mechelen,Eva,Vrouwelijk,04/13/2019
De Pinte,Julie,Vrouwelijk,04/05/2019
Les Bons Villers,Véronique,Vrouwelijk,05/01/2019
Antwerpen,Augusta,Vrouwelijk,04/14/2019
Waasmunster,Marcel,Mannelijk,04/15/2019
Meulebeke,Katrien,Vrouwelijk,04/04/2019
Kruibeke,Ilse,Vrouwelijk,04/10/2019
Alken,Geert,Mannelijk,05/01/2019
Tervuren,Marie-Claire,Vrouwelijk,04/01/2019
Sint-Niklaas (Sint-Niklaas),Florent,Mannelijk,04/13/2019
Antwerpen,Joost,Mannelijk,04/18/2019
Harelbeke,Kurt,Mannelijk,04/21/2019
Aarlen,Laurent,Mannelijk,04/21/2019
Lommel,Madeleine,Vrouwelijk,04/08/2019
Diepenbeek,Bart,Mannelijk,04/10/2019
Aarlen,Célia,Vrouwelijk,04/09/2019
Frameries,Philippe,Mannelijk,04/14/2019
Beernem,Victor,Mannelijk,04/09/2019
Blegny,Camille,Vrouwelijk,04/07/2019
Borgworm,Frédéric,Mannelijk,04/08/2019
Verlaine,Tom,Mannelijk,04/07/2019
Ieper,Gudrun,Vrouwelijk,04/30/2019
Antwerpen,Sonia,Vrouwelijk,04/09/2019
Antwerpen,Elissa,Vrouwelijk,04/01/2019
Zaventem,Delphine,Vrouwelijk,05/21/2019
Lierneux,Fabienne,Vrouwelijk,04/14/2019
Fernelmont,Isabelle,Vrouwelijk,04/08/2019
Merelbeke,Lieven,Mannelijk,04/14/2019
Pittem,Christine,Vrouwelijk,04/10/2019
Gent,Luna,Vrouwelijk,04/15/2019
Geel,Siska,Vrouwelijk,04/15/2019
Ukkel,Jeanine,Vrouwelijk,05/01/2019
Anderlecht,Farid,Mannelijk,04/21/2019
Sambreville,Claudine,Vrouwelijk,04/17/2019
Bierbeek,Jan,Mannelijk,04/06/2019
Flémalle,Patrick,Mannelijk,04/08/2019
Antwerpen,Mohammed,Mannelijk,04/08/2019
Tremelo,Ruben,Mannelijk,04/07/2019
Binche,Paolo,Mannelijk,04/08/2019
Waregem,Hilda,Vrouwelijk,04/09/2019
Zutendaal,Joseph,Mannelijk,04/12/2019
Sombreffe,Jean-Jacques,Mannelijk,04/05/2019
Hotton,Philippe,Mannelijk,04/04/2019
Libramont-Chevigny,Claire,Vrouwelijk,04/04/2019
Amel,Matthias,Mannelijk,04/20/2019
Herstal,Michèle,Vrouwelijk,04/24/2019
Brugge,Caroline,Vrouwelijk,04/13/2019
Vleteren,Wilfried,Mannelijk,04/07/2019
Kinrooi,Dennis,Mannelijk,04/09/2019
Antwerpen,Bruno,Mannelijk,04/03/2019
Pecq,Sébastien,Mannelijk,04/02/2019
Lanaken,Marie-Josée,Vrouwelijk,04/21/2019
Voeren,Robert,Mannelijk,04/08/2019
Antwerpen,Youssef,Mannelijk,04/13/2019
Péruwelz,Lucas,Mannelijk,05/10/2019
Léglise,Patrick,Mannelijk,04/13/2019
Ranst,Femke,Vrouwelijk,04/04/2019
As,Maria,Vrouwelijk,04/19/2019
Lokeren,Mina,Vrouwelijk,04/10/2019
Antwerpen,Astrid,Vrouwelijk,04/09/2019
Zelzate,Martine,Vrouwelijk,04/03/2019
Pelt,Jacobus,Mannelijk,04/21/2019
Waregem,Denise,Vrouwelijk,04/11/2019
Verviers,Shana,Vrouwelijk,04/11/2019
Incourt,Nathalie,Vrouwelijk,04/12/2019
Halle (Halle-Vilvoorde),Steven,Mannelijk,04/12/2019
Diepenbeek,Eric,Mannelijk,04/15/2019
Neupré,Stéphane,Mannelijk,04/08/2019
Brugge,Sarah,Vrouwelijk,04/16/2019
Lessen,Dany,Mannelijk,04/21/2019
Zwevegem,Justine,Vrouwelijk,04/13/2019
Brugge,Lucas,Mannelijk,04/06/2019
Pittem,Freddy,Mannelijk,04/03/2019
Beveren (Sint-Niklaas),Patrick,Mannelijk,04/20/2019
Menen,Justin,Mannelijk,04/11/2019
Sint-Pieters-Woluwe,Elisabeth,Vrouwelijk,04/08/2019
Eeklo,Carine,Vrouwelijk,04/19/2019
Bergen,Lionel,Mannelijk,04/04/2019
Zottegem,Annelies,Vrouwelijk,04/17/2019
Sint-Pieters-Leeuw,Ghislaine,Vrouwelijk,04/16/2019
Andenne,Marie,Vrouwelijk,04/03/2019
Denderleeuw,Bart,Mannelijk,04/12/2019
Nijlen,Maria,Vrouwelijk,04/15/2019
Luik,Lucas,Mannelijk,05/26/2019
Schaarbeek,Aminata,Vrouwelijk,04/05/2019
Fléron,Clémence,Vrouwelijk,04/15/2019
Rumst,Kurt,Mannelijk,04/07/2019
Rochefort,Julien,Mannelijk,04/10/2019
Gistel,Sandra,Vrouwelijk,04/13/2019
Mechelen,Yannick,Mannelijk,04/18/2019
Ukkel,Patrice,Mannelijk,04/10/2019
Seraing,Jean-Claude,Mannelijk,04/09/2019
Menen,Natacha,Vrouwelijk,04/08/2019
Remicourt,Leslie,Vrouwelijk,04/19/2019
Vaux-sur-Sûre,Maurice,Mannelijk,04/17/2019
Middelkerke,Sonja,Vrouwelijk,04/14/2019
Morlanwelz,Gilbert,Mannelijk,04/09/2019
Aalst (Aalst),Lutgart,Vrouwelijk,04/16/2019
Gent,Simonne,Vrouwelijk,04/12/2019
Incourt,David,Mannelijk,04/11/2019
Bitsingen,Samuel,Mannelijk,04/21/2019
Leuven,Liliane,Vrouwelijk,04/08/2019
Sivry-Rance,Luc,Mannelijk,04/29/2019
Hannuit,Célia,Vrouwelijk,04/14/2019
Waver,Yvan,Mannelijk,04/01/2019
Wortegem-Petegem,Jan,Mannelijk,04/13/2019
Melle,Olga,Vrouwelijk,04/11/2019
Antwerpen,Thomas,Mannelijk,04/13/2019
Tongeren,Joséphine,Vrouwelijk,04/14/2019
Büllingen,Anna,Vrouwelijk,04/01/2019
Viroinval,André,Mannelijk,04/19/2019
Sint-Gillis,Tanguy,Mannelijk,04/14/2019
Sint-Lambrechts-Woluwe,Mélissa,Vrouwelijk,04/26/2019
Flémalle,Giuseppe,Mannelijk,04/14/2019
Eigenbrakel,Raphaël,Mannelijk,04/15/2019
Aalst (Aalst),Leona,Vrouwelijk,04/20/2019
Anderlecht,Bassma,Vrouwelijk,04/12/2019
Kontich,Jan,Mannelijk,04/17/2019
Dendermonde,Desiré,Mannelijk,04/20/2019
Lokeren,André,Mannelijk,04/26/2019
Evergem,Vince,Mannelijk,04/12/2019
Grimbergen,Richard,Mannelijk,04/06/2019
Waregem,Maria,Vrouwelijk,06/04/2019
Brussel,Emily,Vrouwelijk,04/10/2019
Anhée,Claude,Mannelijk,04/10/2019
’s Gravenbrakel,Clarisse,Vrouwelijk,05/16/2019
Lille,Magdalena,Vrouwelijk,04/18/2019
Harelbeke,Stijn,Mannelijk,04/21/2019
Aubange,Vincent,Mannelijk,04/09/2019
Aalst (Aalst),Hugo,Mannelijk,04/04/2019
Koksijde,Christiane,Vrouwelijk,04/11/2019
Brussel,Marina,Vrouwelijk,04/08/2019
Sint-Truiden,Mohammed,Mannelijk,04/21/2019
Charleroi,Laetitia,Vrouwelijk,04/19/2019
Anderlues,Jeannine,Vrouwelijk,04/28/2019
Saint-Nicolas (Luik),Claude,Mannelijk,04/10/2019
Villers-la-Ville,Isabelle,Vrouwelijk,04/12/2019
Duffel,Sven,Mannelijk,04/19/2019
Gent,Wout,Mannelijk,04/20/2019
Sint-Katelijne-Waver,Alfons,Mannelijk,04/13/2019
Kapellen (Antwerpen),Frans,Mannelijk,04/15/2019
Evergem,Filip,Mannelijk,04/21/2019
Genk,Andy,Mannelijk,04/09/2019
Vilvoorde,Nabil,Mannelijk,04/14/2019
Maasmechelen,Maria,Vrouwelijk,04/02/2019
Esneux,Elisabeth,Vrouwelijk,04/08/2019
Hoeselt,Leonard,Mannelijk,04/20/2019
Schaarbeek,Juliana,Vrouwelijk,05/02/2019
Charleroi,Léon,Mannelijk,04/11/2019
Seraing,Axel,Mannelijk,04/10/2019
Chaudfontaine,Zoé,Vrouwelijk,04/16/2019
Sint-Jans-Molenbeek,Corneille,Mannelijk,04/10/2019
Farciennes,Jennifer,Vrouwelijk,04/11/2019
Maldegem,Danny,Mannelijk,04/21/2019
Manage,Nicole,Vrouwelijk,04/24/2019
Luik,Emilia,Vrouwelijk,04/08/2019
Putte,Lennert,Mannelijk,05/02/2019
Diksmuide,Gilbert,Mannelijk,04/06/2019
Temse,Naima,Vrouwelijk,04/21/2019
Harelbeke,Ann,Vrouwelijk,04/03/2019
Ichtegem,Céline,Vrouwelijk,04/17/2019
Ecaussinnes,Isabelle,Vrouwelijk,04/28/2019
Scherpenheuvel-Zichem,Herwig,Mannelijk,04/12/2019
Jette,Patrick,Mannelijk,04/14/2019
Lebbeke,Isabelle,Vrouwelijk,04/13/2019
Châtelet,Anne-Marie,Vrouwelijk,04/15/2019
Tessenderlo,Frank,Mannelijk,04/17/2019
Turnhout,Maria,Vrouwelijk,04/02/2019
Charleroi,Jasmina,Vrouwelijk,04/21/2019
Lanaken,Johny,Mannelijk,04/04/2019
Mechelen,Melissa,Vrouwelijk,04/03/2019
Tubeke,Claude,Mannelijk,04/11/2019
Lede,Robbe,Mannelijk,04/04/2019
Brecht,Kristof,Mannelijk,04/13/2019
Farciennes,Anna,Vrouwelijk,04/11/2019
Schaarbeek,Daniela,Vrouwelijk,05/30/2019
Geraardsbergen,Monique,Vrouwelijk,04/01/2019
Elsene,Paula,Vrouwelijk,04/14/2019
Izegem,Eva,Vrouwelijk,05/02/2019
Antwerpen,Daan,Mannelijk,04/09/2019
Langemark-Poelkapelle,Claudine,Vrouwelijk,05/02/2019
Antwerpen,Frank,Mannelijk,04/06/2019
Lievegem,Firmin,Mannelijk,04/20/2019
Houthalen-Helchteren,Tim,Mannelijk,04/23/2019
Ciney,Viviane,Vrouwelijk,04/25/2019
Charleroi,Michel,Mannelijk,04/17/2019
Beveren (Sint-Niklaas),Veerle,Vrouwelijk,05/01/2019
Schaarbeek,Linda,Vrouwelijk,04/16/2019
Chapelle-lez-Herlaimont,Pascal,Mannelijk,04/17/2019
Jette,Yvette,Vrouwelijk,04/07/2019
Kraainem,Marie,Vrouwelijk,04/09/2019
Harelbeke,Alicia,Vrouwelijk,04/12/2019
Jette,Ruben,Mannelijk,04/18/2019
Lokeren,Anna,Vrouwelijk,04/17/2019
Edegem,Evi,Vrouwelijk,04/07/2019
Sint-Pieters-Woluwe,Léo,Mannelijk,04/09/2019
Brasschaat,Ines,Vrouwelijk,04/18/2019
Affligem,Piet,Mannelijk,04/09/2019
Temse,Johan,Mannelijk,04/15/2019
Boechout,Edith,Vrouwelijk,04/16/2019
Knokke-Heist,Louis,Mannelijk,04/12/2019
Schoten,Pieter,Mannelijk,04/09/2019
Bergen,Enzo,Mannelijk,05/01/2019
Herentals,Tom,Mannelijk,04/20/2019
Roeselare,Monique,Vrouwelijk,04/15/2019
Sint-Truiden,Peter,Mannelijk,04/11/2019
Stavelot,Anne,Vrouwelijk,04/13/2019
Orp-Jauche,Lucie,Vrouwelijk,04/20/2019
Fosses-la-Ville,Carole,Vrouwelijk,04/02/2019
Brussel,Esteban,Mannelijk,04/12/2019
Froidchapelle,Guillaume,Mannelijk,06/04/2019
Bertem,Victor,Mannelijk,04/14/2019
Verviers,Fatima,Vrouwelijk,04/06/2019
Antwerpen,Ahmed,Mannelijk,04/02/2019
Oudergem,Myriam,Vrouwelijk,04/28/2019
Riemst,Claudia,Vrouwelijk,05/09/2019
Jemeppe-sur-Sambre,Josiane,Vrouwelijk,04/20/2019
Vaux-sur-Sûre,Vinciane,Vrouwelijk,04/13/2019
Galmaarden,Michel,Mannelijk,04/11/2019
Vilvoorde,Christiane,Vrouwelijk,04/12/2019
Tielt (Tielt),Rudy,Mannelijk,05/01/2019
Rixensart,Martine,Vrouwelijk,04/09/2019
Vilvoorde,Abdeslam,Mannelijk,04/03/2019
Gooik,Maria,Vrouwelijk,04/08/2019
Charleroi,Franco,Mannelijk,04/16/2019
Sint-Pieters-Woluwe,Dominique,Mannelijk,04/16/2019
Londerzeel,Koenraad,Mannelijk,04/18/2019
Koekelberg,Robert,Mannelijk,04/26/2019
Kortrijk,Marie,Vrouwelijk,04/14/2019
Kampenhout,Ellen,Vrouwelijk,04/20/2019
Oostende,Mieke,Vrouwelijk,04/16/2019
Pelt,Danny,Mannelijk,04/10/2019
Zoersel,Catherine,Vrouwelijk,04/08/2019
Sint-Joost-ten-Node,Christina,Vrouwelijk,04/12/2019
Linkebeek,Guillaume,Mannelijk,04/16/2019
Landen,Marc,Mannelijk,04/27/2019
Temse,Marie,Vrouwelijk,04/15/2019
Seraing,Joshua,Mannelijk,04/12/2019
Doornik,Emma,Vrouwelijk,04/30/2019
Koksijde,Claire,Vrouwelijk,04/14/2019
Waregem,Cindy,Vrouwelijk,04/27/2019
Boechout,Raymond,Mannelijk,04/20/2019
Voeren,Wilhelmus,Mannelijk,04/09/2019
Schaarbeek,Samia,Vrouwelijk,04/13/2019
Heusden-Zolder,Celal,Mannelijk,04/03/2019
Beersel,Robert,Mannelijk,05/04/2019
Leopoldsburg,Tineke,Vrouwelijk,04/12/2019
Koekelare,Wouter,Mannelijk,04/19/2019
Antwerpen,Maarten,Mannelijk,04/16/2019
Halle (Halle-Vilvoorde),Morgane,Vrouwelijk,04/11/2019
Mechelen,Abdellah,Mannelijk,04/21/2019
Charleroi,Sophie,Vrouwelijk,04/09/2019
Schaarbeek,Mohamed,Mannelijk,04/13/2019
Antwerpen,Salima,Vrouwelijk,04/02/2019
Ans,Lisa,Vrouwelijk,04/12/2019
Binche,Lucie,Vrouwelijk,04/14/2019
Kuurne,Luc,Mannelijk,05/18/2019
Antwerpen,Nico,Mannelijk,04/14/2019
Aalst (Aalst),Maria,Vrouwelijk,04/01/2019
Schilde,Eric,Mannelijk,04/20/2019
Kortenberg,Anne,Vrouwelijk,04/17/2019
Harelbeke,Samira,Vrouwelijk,04/12/2019
Ukkel,Pascale,Vrouwelijk,05/04/2019
Moeskroen,Lorenzo,Mannelijk,04/09/2019
Lochristi,Nelly,Vrouwelijk,04/10/2019
Vielsalm,Josiane,Vrouwelijk,04/13/2019
Lint,Ludovicus,Mannelijk,04/07/2019
Antwerpen,Grzegorz,Mannelijk,04/01/2019
Mechelen,Malak,Vrouwelijk,04/01/2019
Hoei,Sébastien,Mannelijk,04/09/2019
Antwerpen,Guy,Mannelijk,04/15/2019
Kruisem,Evi,Vrouwelijk,04/12/2019
Nijlen,Julien,Mannelijk,04/03/2019
Awans,Maud,Vrouwelijk,04/09/2019
Diepenbeek,Marco,Mannelijk,04/06/2019
Mechelen,Yves,Mannelijk,04/11/2019
Gent,Alfred,Mannelijk,04/12/2019
Merchtem,Joseph,Mannelijk,04/26/2019
Aalst (Aalst),Marleen,Vrouwelijk,04/10/2019
Mettet,Charline,Vrouwelijk,04/27/2019
Zele,Maria,Vrouwelijk,04/14/2019
Saint-Ghislain,Françoise,Vrouwelijk,04/11/2019
Schaarbeek,Marylène,Vrouwelijk,04/10/2019
Frameries,Michel,Mannelijk,04/26/2019
Wetteren,Eddy,Mannelijk,04/17/2019
Brasschaat,Lisette,Vrouwelijk,04/13/2019
Hasselt,Karin,Vrouwelijk,04/05/2019
Gent,Thérèse,Vrouwelijk,04/08/2019
Donceel,Clara,Vrouwelijk,04/05/2019
Amay,Fabienne,Vrouwelijk,04/08/2019
Harelbeke,Thijs,Mannelijk,04/19/2019
Brecht,Rudi,Mannelijk,04/09/2019
