gemeente,naam,geslacht,verwachte datum
Tervuren,Michèle,Vrouwelijk,02/16/2019
Charleroi,Francine,Vrouwelijk,02/07/2019
Brugge,Celina,Vrouwelijk,02/20/2019
Sint-Genesius-Rode,Christiaan,Mannelijk,03/28/2019
Riemst,Jarne,Mannelijk,02/19/2019
Doornik,Hubert,Mannelijk,02/26/2019
Poperinge,Renée,Vrouwelijk,02/24/2019
Lasne,Amandine,Vrouwelijk,02/15/2019
Spa,Philippe,Mannelijk,02/18/2019
Sint-Pieters-Leeuw,Eric,Mannelijk,02/17/2019
Oostende,Nathalie,Vrouwelijk,02/15/2019
Pittem,Marc,Mannelijk,02/15/2019
Leuven,Bart,Mannelijk,02/13/2019
Ninove,Maggy,Vrouwelijk,02/19/2019
Antwerpen,Milan,Mannelijk,02/21/2019
Antwerpen,Wiesawa,Vrouwelijk,02/22/2019
Malmedy,Loïc,Mannelijk,02/26/2019
Halle (Halle-Vilvoorde),Jean-Pierre,Mannelijk,02/23/2019
Fleurus,Eliane,Vrouwelijk,02/18/2019
Leuven,Guido,Mannelijk,02/24/2019
Ronse,Aicha,Vrouwelijk,02/25/2019
Linkebeek,Charlotte,Vrouwelijk,02/21/2019
Hannuit,Isabelle,Vrouwelijk,02/25/2019
Dinant,Régis,Mannelijk,02/09/2019
Oudsbergen,Luc,Mannelijk,02/26/2019
Anderlecht,Ikrame,Vrouwelijk,02/17/2019
Luik,Sarah,Vrouwelijk,02/26/2019
Knokke-Heist,Carine,Vrouwelijk,02/15/2019
Turnhout,Liliane,Vrouwelijk,02/22/2019
Leuven,Marleen,Vrouwelijk,02/17/2019
Chaumont-Gistoux,Sylvie,Vrouwelijk,02/13/2019
Brussel,Adama,Vrouwelijk,02/14/2019
Londerzeel,Lena,Vrouwelijk,02/11/2019
Sint-Pieters-Woluwe,Henri,Mannelijk,02/13/2019
Lokeren,William,Mannelijk,02/17/2019
Lummen,Ivan,Mannelijk,04/11/2019
Erpe-Mere,Lisa,Vrouwelijk,02/13/2019
Remicourt,Eric,Mannelijk,02/11/2019
Anderlecht,Anass,Mannelijk,02/16/2019
Leopoldsburg,André,Mannelijk,02/15/2019
Saint-Nicolas (Luik),Khadija,Vrouwelijk,02/24/2019
Turnhout,Mike,Mannelijk,02/18/2019
Zottegem,Bernard,Mannelijk,03/04/2019
Sint-Lambrechts-Woluwe,Anaïs,Vrouwelijk,02/18/2019
Kapellen (Antwerpen),Tom,Mannelijk,02/14/2019
Meulebeke,Jeannette,Vrouwelijk,02/17/2019
Riemst,Kenneth,Mannelijk,02/18/2019
Aalst (Aalst),Etienne,Mannelijk,02/18/2019
Verviers,Francis,Mannelijk,02/13/2019
Verviers,Mariette,Vrouwelijk,02/07/2019
Messancy,Noémie,Vrouwelijk,02/24/2019
Berlaar,Amber,Vrouwelijk,02/16/2019
Malle,Jan,Mannelijk,02/23/2019
Elsene,Vladimir,Mannelijk,02/10/2019
Châtelet,Thalia,Vrouwelijk,03/02/2019
Etalle,Anthony,Mannelijk,02/07/2019
Maasmechelen,Danny,Mannelijk,02/19/2019
Wellin,Valérie,Vrouwelijk,02/22/2019
Peer,Johannes,Mannelijk,02/13/2019
Hechtel-Eksel,Monique,Vrouwelijk,02/24/2019
Vorst (Brussel-Hoofdstad),Laura,Vrouwelijk,03/10/2019
Genk,Nadine,Vrouwelijk,02/21/2019
Sint-Jans-Molenbeek,Hiba,Vrouwelijk,02/09/2019
Lochristi,Rudy,Mannelijk,02/21/2019
Saint-Ghislain,Camille,Vrouwelijk,02/21/2019
Lummen,Nina,Vrouwelijk,02/17/2019
Brugge,Ann,Vrouwelijk,02/21/2019
Flémalle,Fabian,Mannelijk,02/14/2019
Alveringem,Simon,Mannelijk,02/19/2019
Stabroek,Zeno,Mannelijk,02/16/2019
Nijvel,Maxime,Mannelijk,02/22/2019
Overijse,Charlotte,Vrouwelijk,02/17/2019
Sint-Jans-Molenbeek,Otman,Mannelijk,02/24/2019
Celles (Doornik),Yvonne,Vrouwelijk,02/26/2019
Ninove,Yana,Vrouwelijk,02/14/2019
Andenne,Giovanni,Mannelijk,02/17/2019
Tielt (Tielt),Lara,Vrouwelijk,02/17/2019
Namen,Marie-Noëlle,Vrouwelijk,02/13/2019
Vorst (Brussel-Hoofdstad),Joaquim,Mannelijk,02/14/2019
Fontaine-l’Evêque,Nathalie,Vrouwelijk,02/24/2019
Gent,Charlotte,Vrouwelijk,02/16/2019
Brussel,Claudia,Vrouwelijk,02/21/2019
Boom,Abdeslam,Mannelijk,03/01/2019
Aalst (Aalst),Maria,Vrouwelijk,02/14/2019
La Louvière,Dylan,Mannelijk,02/18/2019
Gent,Wim,Mannelijk,02/20/2019
De Haan,Isabelle,Vrouwelijk,03/03/2019
Chaumont-Gistoux,Emeline,Vrouwelijk,02/25/2019
Antwerpen,Mohammad,Mannelijk,03/23/2019
Maaseik,Joseph,Mannelijk,02/23/2019
Vorselaar,Jonas,Mannelijk,03/01/2019
Gent,Federico,Mannelijk,02/07/2019
Evere,Tom,Mannelijk,02/13/2019
Châtelet,Zehra,Vrouwelijk,02/17/2019
Luik,Katalin,Vrouwelijk,02/14/2019
Beernem,Brecht,Mannelijk,02/20/2019
Bilzen,Mathieu,Mannelijk,02/22/2019
Sint-Joost-ten-Node,Levon,Mannelijk,02/25/2019
Charleroi,Isabelle,Vrouwelijk,02/26/2019
Halle (Halle-Vilvoorde),Juliette,Vrouwelijk,02/20/2019
Gent,Lucas,Mannelijk,02/08/2019
Komen-Waasten,Sandrine,Vrouwelijk,02/07/2019
Charleroi,Sabrina,Vrouwelijk,02/08/2019
Honnelles,Christian,Mannelijk,02/23/2019
Brussel,Souad,Vrouwelijk,03/12/2019
Lebbeke,Flore,Vrouwelijk,02/22/2019
Poperinge,Robin,Mannelijk,02/13/2019
Gent,Sandra,Vrouwelijk,03/20/2019
Profondeville,Maurice,Mannelijk,02/09/2019
Brussel,Stefan,Mannelijk,02/15/2019
Binche,Raphaël,Mannelijk,02/13/2019
Herent,Sylvie,Vrouwelijk,02/20/2019
Ottignies-Louvain-la-Neuve,Hassan,Mannelijk,02/19/2019
Anthisnes,Simon,Mannelijk,02/18/2019
Lier,Maxim,Mannelijk,02/20/2019
Zinnik,Emma,Vrouwelijk,02/21/2019
Zinnik,Mathys,Mannelijk,02/22/2019
Menen,Marie,Vrouwelijk,02/17/2019
Antwerpen,Clementina,Vrouwelijk,02/10/2019
Flémalle,Didier,Mannelijk,02/06/2019
Turnhout,Erik,Mannelijk,02/17/2019
Roeselare,Johan,Mannelijk,02/25/2019
Eigenbrakel,Catherine,Vrouwelijk,02/17/2019
Damme,Nikita,Vrouwelijk,02/22/2019
Watermaal-Bosvoorde,Christophe,Mannelijk,02/28/2019
Hoogstraten,Kevin,Mannelijk,02/18/2019
Elsene,Amy,Vrouwelijk,02/23/2019
Luik,Yves,Mannelijk,02/24/2019
Comblain-au-Pont,Paulette,Vrouwelijk,02/10/2019
Kortenberg,Isabella,Vrouwelijk,03/11/2019
Ham-sur-Heure-Nalinnes,Denise,Vrouwelijk,02/19/2019
Anderlecht,Sevda,Vrouwelijk,02/17/2019
Boom,Leo,Mannelijk,02/19/2019
Gent,Saeed,Mannelijk,02/07/2019
Antwerpen,Tom,Mannelijk,03/29/2019
Charleroi,Osvaldo,Mannelijk,04/11/2019
Liedekerke,Jolien,Vrouwelijk,02/15/2019
Arendonk,Lisette,Vrouwelijk,02/13/2019
Beersel,Oscar,Mannelijk,02/26/2019
Ans,Marie,Vrouwelijk,02/22/2019
Knokke-Heist,Enzo,Mannelijk,02/10/2019
Antwerpen,Koen,Mannelijk,02/07/2019
Bouillon,Marie,Vrouwelijk,04/13/2019
Geraardsbergen,Kevin,Mannelijk,02/16/2019
Beloeil,Daniel,Mannelijk,02/14/2019
Oostkamp,Dieter,Mannelijk,02/15/2019
Oudenaarde,Wannes,Mannelijk,02/19/2019
Zinnik,Alain,Mannelijk,02/14/2019
Sint-Jans-Molenbeek,Mohamed,Mannelijk,03/03/2019
Erpe-Mere,Eliane,Vrouwelijk,02/14/2019
Eeklo,Christiane,Vrouwelijk,02/26/2019
Aalst (Aalst),Willem,Mannelijk,02/11/2019
Antoing,François,Mannelijk,02/15/2019
Diest,Mila,Vrouwelijk,02/17/2019
Sint-Laureins,Kevin,Mannelijk,02/06/2019
Mechelen,Gregory,Mannelijk,03/10/2019
Hasselt,Yasmine,Vrouwelijk,02/25/2019
Awans,Thomas,Mannelijk,02/16/2019
Gent,Vincenzo,Mannelijk,02/16/2019
Brakel,Godelieve,Vrouwelijk,02/23/2019
Gent,Marie,Vrouwelijk,02/09/2019
Zandhoven,Paul,Mannelijk,02/21/2019
Anhée,Chantal,Vrouwelijk,02/22/2019
Kortrijk,Florence,Vrouwelijk,02/21/2019
Namen,Robert,Mannelijk,02/16/2019
Antwerpen,Omar,Mannelijk,02/07/2019
Dendermonde,Jos,Mannelijk,02/12/2019
Zottegem,Ria,Vrouwelijk,02/24/2019
Waterloo,Oscar,Mannelijk,02/22/2019
Rijkevorsel,Els,Vrouwelijk,02/13/2019
Aywaille,Noah,Mannelijk,02/14/2019
Peer,Lea,Vrouwelijk,04/12/2019
Houffalize,Daniel,Mannelijk,03/18/2019
Brussel,Lucia,Vrouwelijk,02/25/2019
Wevelgem,Amélie,Vrouwelijk,02/14/2019
Geraardsbergen,Marc,Mannelijk,02/14/2019
Antwerpen,Valerie,Vrouwelijk,02/09/2019
Zottegem,Marleen,Vrouwelijk,02/22/2019
Vorst (Brussel-Hoofdstad),Maria,Vrouwelijk,02/13/2019
Herent,Patrick,Mannelijk,03/02/2019
Genk,Elke,Vrouwelijk,02/08/2019
Drogenbos,Marie,Vrouwelijk,03/06/2019
Verviers,Dominique,Vrouwelijk,02/17/2019
Verviers,Emmanuelle,Vrouwelijk,02/19/2019
Fleurus,Lucien,Mannelijk,02/14/2019
Graven,Etienne,Mannelijk,02/24/2019
Deinze,Francis,Mannelijk,02/16/2019
Herstal,Maurice,Mannelijk,02/08/2019
Namen,Rayan,Mannelijk,04/12/2019
Antwerpen,Yasin,Mannelijk,02/07/2019
Hamont-Achel,Stijn,Mannelijk,02/23/2019
Vilvoorde,Johnny,Mannelijk,04/02/2019
Brugge,Dany,Mannelijk,02/06/2019
Baelen,Véronique,Vrouwelijk,02/08/2019
Antwerpen,Bujar,Mannelijk,02/11/2019
Sint-Truiden,Niels,Mannelijk,02/16/2019
Westerlo,Dries,Mannelijk,02/07/2019
Eupen,Jason,Mannelijk,02/14/2019
Brussel,Joy,Vrouwelijk,02/26/2019
Oostrozebeke,Dimitri,Mannelijk,03/02/2019
Libin,Cindy,Vrouwelijk,02/26/2019
Oudenaarde,Ingrid,Vrouwelijk,03/10/2019
Havelange,Jacqueline,Vrouwelijk,02/14/2019
Zinnik,Francine,Vrouwelijk,03/01/2019
Beveren (Sint-Niklaas),Mira,Vrouwelijk,02/17/2019
Namen,Cécilia,Vrouwelijk,02/09/2019
Antwerpen,Sam,Mannelijk,02/13/2019
Hasselt,Sven,Mannelijk,02/20/2019
Antwerpen,Naima,Vrouwelijk,02/22/2019
Manage,Luciano,Mannelijk,02/28/2019
Amay,Vincent,Mannelijk,03/06/2019
Lasne,François,Mannelijk,02/14/2019
Charleroi,Catherine,Vrouwelijk,02/16/2019
Eghezée,Jean-Luc,Mannelijk,02/21/2019
Brussel,Eduard,Mannelijk,03/06/2019
Geel,Eric,Mannelijk,02/06/2019
La Louvière,Lorenzo,Mannelijk,02/09/2019
Hasselt,Alexandra,Vrouwelijk,02/20/2019
Kortrijk,Marnix,Mannelijk,02/13/2019
Mechelen,Abdelhakim,Mannelijk,02/16/2019
Gent,Roger,Mannelijk,02/14/2019
Durbuy,Christelle,Vrouwelijk,02/10/2019
Chaudfontaine,Maxim,Mannelijk,02/16/2019
Langemark-Poelkapelle,Kris,Mannelijk,02/09/2019
Vorst (Brussel-Hoofdstad),Marvin,Mannelijk,02/16/2019
Ciney,Geoffrey,Mannelijk,02/26/2019
Itter,Estelle,Vrouwelijk,02/10/2019
Maasmechelen,Sander,Mannelijk,02/18/2019
Charleroi,Arlette,Vrouwelijk,02/15/2019
Châtelet,Eric,Mannelijk,02/07/2019
Kortrijk,Antoon,Mannelijk,02/24/2019
Herstal,Danièle,Vrouwelijk,02/15/2019
Chaudfontaine,Dominique,Vrouwelijk,02/11/2019
Genk,Ravza,Vrouwelijk,02/13/2019
Ranst,Elisabeth,Vrouwelijk,02/24/2019
Gent,Katrijn,Vrouwelijk,02/23/2019
Antwerpen,Maria,Vrouwelijk,02/17/2019
Gent,Brigitta,Vrouwelijk,02/22/2019
Antwerpen,Leonard,Mannelijk,04/07/2019
Waterloo,Lina,Vrouwelijk,02/15/2019
Fleurus,Yanis,Mannelijk,03/04/2019
Oostrozebeke,Julie,Vrouwelijk,02/21/2019
Oostkamp,Irma,Vrouwelijk,02/19/2019
Tintigny,Elise,Vrouwelijk,02/11/2019
Zonhoven,Joseph,Mannelijk,02/11/2019
Sint-Lambrechts-Woluwe,Maryam,Vrouwelijk,02/20/2019
Sint-Gillis-Waas,Peter,Mannelijk,02/26/2019
Izegem,Pol,Mannelijk,02/08/2019
Doornik,Lucienne,Vrouwelijk,02/24/2019
Diest,Greta,Vrouwelijk,02/25/2019
Antwerpen,Yusuf,Mannelijk,02/13/2019
Elsene,Emilie,Vrouwelijk,03/07/2019
Brussel,Lisa,Vrouwelijk,03/07/2019
Moorslede,Emma,Vrouwelijk,02/09/2019
Lichtervelde,Jacqueline,Vrouwelijk,02/20/2019
Beringen,Ömer,Mannelijk,02/21/2019
Gembloux,Béatrice,Vrouwelijk,02/18/2019
Aalst (Aalst),Carina,Vrouwelijk,03/04/2019
Herent,Silke,Vrouwelijk,02/28/2019
Quaregnon,Martine,Vrouwelijk,02/21/2019
Colfontaine,Yvette,Vrouwelijk,03/09/2019
Antwerpen,Beatrix,Vrouwelijk,02/19/2019
Charleroi,Daniella,Vrouwelijk,02/16/2019
Morlanwelz,Francine,Vrouwelijk,02/12/2019
Saint-Nicolas (Luik),Sarah,Vrouwelijk,02/17/2019
Pont-à-Celles,Lucien,Mannelijk,02/16/2019
Gesves,Jade,Vrouwelijk,02/19/2019
Ternat,Jeannine,Vrouwelijk,02/21/2019
Luik,Line,Vrouwelijk,02/24/2019
Charleroi,Paulette,Vrouwelijk,02/13/2019
Villers-la-Ville,Isabelle,Vrouwelijk,02/15/2019
Mechelen,Pascale,Vrouwelijk,02/19/2019
Eigenbrakel,Ruben,Mannelijk,02/14/2019
Lievegem,Joke,Vrouwelijk,02/15/2019
Haacht,Ilse,Vrouwelijk,02/07/2019
Ottignies-Louvain-la-Neuve,Paul,Mannelijk,02/19/2019
Leuven,Ella,Vrouwelijk,02/17/2019
Dilbeek,Laurent,Mannelijk,02/17/2019
Gent,Nele,Vrouwelijk,02/25/2019
Blegny,Lucien,Mannelijk,02/12/2019
Zelzate,Ivan,Mannelijk,02/10/2019
Bocholt,Mohamed,Mannelijk,02/08/2019
Deinze,Fleur,Vrouwelijk,02/23/2019
Bornem,Jo,Mannelijk,02/17/2019
Overijse,Bernard,Mannelijk,02/15/2019
Vorst (Brussel-Hoofdstad),Sarah,Vrouwelijk,02/07/2019
Scherpenheuvel-Zichem,Sonja,Vrouwelijk,02/12/2019
Borgloon,Lisette,Vrouwelijk,02/15/2019
Gent,André,Mannelijk,02/16/2019
Sint-Pieters-Woluwe,Nancy,Vrouwelijk,02/15/2019
Gent,Abu,Mannelijk,02/10/2019
Anderlecht,Lea,Vrouwelijk,02/08/2019
Tienen,Véronique,Vrouwelijk,02/17/2019
Courcelles,Audrey,Vrouwelijk,02/20/2019
Hoegaarden,Jeannine,Vrouwelijk,02/15/2019
La Louvière,Thierry,Mannelijk,03/02/2019
Gent,Leona,Vrouwelijk,02/10/2019
Eghezée,Charlotte,Vrouwelijk,02/20/2019
Menen,Nicole,Vrouwelijk,04/02/2019
Kortrijk,Tom,Mannelijk,03/12/2019
Antwerpen,Israel,Mannelijk,02/13/2019
Namen,Adelin,Mannelijk,02/17/2019
Hamme (Dendermonde),Tim,Mannelijk,02/11/2019
Hamme (Dendermonde),Katrien,Vrouwelijk,02/19/2019
Bocholt,Christiane,Vrouwelijk,03/08/2019
Lier,Beatrijs,Vrouwelijk,02/17/2019
Mechelen,Karin,Vrouwelijk,03/07/2019
Kortenaken,Jozef,Mannelijk,02/10/2019
Merelbeke,Marianne,Vrouwelijk,02/16/2019
Ottignies-Louvain-la-Neuve,Marie,Vrouwelijk,02/18/2019
Dendermonde,Tessa,Vrouwelijk,02/14/2019
Sint-Niklaas (Sint-Niklaas),Willy,Mannelijk,02/13/2019
Hamont-Achel,Lotte,Vrouwelijk,02/18/2019
Roeselare,Sven,Mannelijk,02/25/2019
Antwerpen,Sandra,Vrouwelijk,02/11/2019
Awans,Marina,Vrouwelijk,02/26/2019
Graven,Monique,Vrouwelijk,02/17/2019
Pont-à-Celles,Camille,Vrouwelijk,03/11/2019
Ham-sur-Heure-Nalinnes,Jean-François,Mannelijk,02/15/2019
Wevelgem,Eefje,Vrouwelijk,02/06/2019
Blankenberge,Monique,Vrouwelijk,02/09/2019
Zemst,Ellen,Vrouwelijk,02/22/2019
Anzegem,Jean,Mannelijk,02/19/2019
