gemeente,naam,geslacht,verwachte datum
Eigenbrakel,Louis,Mannelijk,04/06/2019
Grimbergen,Finn,Mannelijk,02/11/2019
Wetteren,Arthur,Mannelijk,02/25/2019
Antwerpen,Inge,Vrouwelijk,02/16/2019
Bergen,Luca,Mannelijk,02/12/2019
Lasne,Lara,Vrouwelijk,02/13/2019
Beloeil,Jacques,Mannelijk,03/12/2019
Lille,Godelieva,Vrouwelijk,02/03/2019
Gent,Sercan,Mannelijk,02/19/2019
Poperinge,Stefaan,Mannelijk,02/15/2019
Beauraing,Martin,Mannelijk,03/30/2019
Malmedy,Françoise,Vrouwelijk,02/21/2019
Grimbergen,Brent,Mannelijk,02/13/2019
Essen,Pieter,Mannelijk,02/26/2019
Namen,Rayan,Mannelijk,02/15/2019
Lochristi,Lena,Vrouwelijk,02/16/2019
Geldenaken,Isabelle,Vrouwelijk,02/11/2019
Maasmechelen,François,Mannelijk,02/20/2019
Ciney,Pascale,Vrouwelijk,02/09/2019
Namen,Jean,Mannelijk,02/15/2019
Lommel,Marijke,Vrouwelijk,02/09/2019
Tubeke,Denis,Mannelijk,04/08/2019
Froidchapelle,Gabriel,Mannelijk,02/12/2019
Tubeke,Ryan,Mannelijk,02/23/2019
Mechelen,Louisa,Vrouwelijk,02/09/2019
Zele,Ronny,Mannelijk,02/16/2019
Schaarbeek,Amadou,Mannelijk,02/13/2019
Chaudfontaine,Zoé,Vrouwelijk,02/10/2019
Ninove,Catherine,Vrouwelijk,02/13/2019
Merelbeke,Annick,Vrouwelijk,03/05/2019
Herstal,Khalid,Mannelijk,02/16/2019
Torhout,Roger,Mannelijk,03/23/2019
Pelt,Maria,Vrouwelijk,02/10/2019
Saint-Nicolas (Luik),Alain,Mannelijk,02/21/2019
Buggenhout,Anna,Vrouwelijk,02/19/2019
Gent,Annemie,Vrouwelijk,02/11/2019
Wachtebeke,Hendrik,Mannelijk,02/14/2019
Sint-Jans-Molenbeek,Shaima,Vrouwelijk,02/06/2019
Ham-sur-Heure-Nalinnes,Jeannine,Vrouwelijk,02/14/2019
Courcelles,Chantal,Vrouwelijk,02/19/2019
Liedekerke,Irène,Vrouwelijk,02/06/2019
Sint-Gillis,Igor,Mannelijk,02/09/2019
Ganshoren,Gérard,Mannelijk,02/19/2019
Charleroi,Jérôme,Mannelijk,03/05/2019
Vielsalm,Alain,Mannelijk,02/18/2019
Luik,Marcel,Mannelijk,02/12/2019
Westerlo,Anna,Vrouwelijk,02/12/2019
Doornik,Sylvie,Vrouwelijk,02/21/2019
Deinze,Olivier,Mannelijk,02/15/2019
Pelt,Koen,Mannelijk,02/16/2019
Schaarbeek,Rafet,Mannelijk,02/03/2019
La Louvière,Pietro,Mannelijk,02/09/2019
Brussel,Elona,Vrouwelijk,03/07/2019
Kortrijk,Line,Vrouwelijk,02/19/2019
Zinnik,Jade,Vrouwelijk,02/12/2019
Aalter,Julie,Vrouwelijk,02/13/2019
Brussel,Pierre,Mannelijk,02/16/2019
Sint-Jans-Molenbeek,Ilham,Vrouwelijk,02/21/2019
Sambreville,Jean-Marie,Mannelijk,02/11/2019
Machelen (Halle-Vilvoorde),Roger,Mannelijk,02/18/2019
Etterbeek,Irène,Vrouwelijk,02/21/2019
Dilbeek,Felix,Mannelijk,02/03/2019
Roeselare,Catharina,Vrouwelijk,02/13/2019
Etterbeek,Théo,Mannelijk,02/13/2019
Quaregnon,Isabelle,Vrouwelijk,02/17/2019
Ardooie,Maria,Vrouwelijk,02/06/2019
Brasschaat,Diederik,Mannelijk,02/07/2019
Antwerpen,Francine,Vrouwelijk,02/04/2019
Antwerpen,Anne,Vrouwelijk,02/10/2019
Dison,Jocelyne,Vrouwelijk,02/10/2019
Koksijde,Jeanne,Vrouwelijk,02/21/2019
Musson,Sabine,Vrouwelijk,02/22/2019
Quaregnon,Nassim,Mannelijk,02/10/2019
Doornik,Eléana,Vrouwelijk,02/17/2019
Aat,Francine,Vrouwelijk,02/15/2019
Vilvoorde,Francis,Mannelijk,02/15/2019
Zele,Jessy,Vrouwelijk,02/15/2019
Ganshoren,Paula,Vrouwelijk,02/13/2019
Antwerpen,Sienna,Vrouwelijk,02/25/2019
Sint-Truiden,Maria,Vrouwelijk,02/13/2019
Gent,Gilles,Mannelijk,02/21/2019
Zinnik,Gabrielle,Vrouwelijk,02/27/2019
Lede,Linde,Vrouwelijk,02/22/2019
Aat,Margaux,Vrouwelijk,02/22/2019
Eigenbrakel,Adèle,Vrouwelijk,03/14/2019
Thimister-Clermont,Stéphanie,Vrouwelijk,02/18/2019
Turnhout,Iris,Vrouwelijk,02/20/2019
Hoogstraten,Hilda,Vrouwelijk,02/05/2019
De Panne,Roger,Mannelijk,03/05/2019
Ham-sur-Heure-Nalinnes,Emilie,Vrouwelijk,02/21/2019
Herselt,Iris,Vrouwelijk,02/25/2019
Antwerpen,Els,Vrouwelijk,02/14/2019
Deinze,Quinten,Mannelijk,02/10/2019
Gent,Christiane,Vrouwelijk,02/12/2019
Namen,Françoise,Vrouwelijk,02/03/2019
Mortsel,Gert,Mannelijk,02/28/2019
Saint-Nicolas (Luik),Jeanne,Vrouwelijk,02/17/2019
Antwerpen,Vicky,Vrouwelijk,03/07/2019
Waregem,Sam,Mannelijk,02/06/2019
Temse,Lieve,Vrouwelijk,02/12/2019
Aalst (Aalst),Joseph,Mannelijk,02/19/2019
Alken,Hilde,Vrouwelijk,02/04/2019
Kampenhout,Jessica,Vrouwelijk,02/03/2019
Gooik,Mario,Mannelijk,02/10/2019
Bergen,Etienne,Mannelijk,02/10/2019
Diest,Willy,Mannelijk,02/07/2019
Anderlecht,Ahmed,Mannelijk,02/07/2019
Aat,Jean,Mannelijk,02/28/2019
Charleroi,Pierre-Olivier,Mannelijk,02/08/2019
Heist-op-den-Berg,Philip,Mannelijk,02/08/2019
Meulebeke,Etienne,Mannelijk,02/22/2019
Balen,Lodewijk,Mannelijk,02/12/2019
Brussel,Lara,Vrouwelijk,02/20/2019
Zaventem,Fabienne,Vrouwelijk,02/14/2019
Asse,Viorel,Mannelijk,02/13/2019
Moeskroen,Audrey,Vrouwelijk,02/18/2019
Evergem,Nicole,Vrouwelijk,02/09/2019
Komen-Waasten,Laurie,Vrouwelijk,02/15/2019
Nijlen,Jelle,Mannelijk,02/05/2019
Westerlo,Filip,Mannelijk,03/05/2019
Antwerpen,Nechama,Vrouwelijk,02/19/2019
Vorst (Brussel-Hoofdstad),Sylvie,Vrouwelijk,02/13/2019
Dilsen-Stokkem,Rudi,Mannelijk,02/16/2019
Virton,Hamza,Mannelijk,02/19/2019
Schaarbeek,Loïc,Mannelijk,02/20/2019
Antwerpen,Ann,Vrouwelijk,02/13/2019
Roeselare,Noel,Mannelijk,02/10/2019
Brugge,Georges,Mannelijk,02/15/2019
Beringen,Nadia,Vrouwelijk,03/05/2019
Roeselare,Hendrika,Vrouwelijk,02/11/2019
Ravels,Rudolf,Mannelijk,02/16/2019
Elsene,Stephanie,Vrouwelijk,02/14/2019
Frasnes-lez-Anvaing,Jacky,Mannelijk,02/11/2019
Kasteelbrakel,Tom,Mannelijk,03/21/2019
Kapellen (Antwerpen),Marcel,Mannelijk,02/27/2019
Zele,Elke,Vrouwelijk,02/20/2019
Quaregnon,Amandine,Vrouwelijk,02/12/2019
Hasselt,Walther,Mannelijk,03/08/2019
Roeselare,Britt,Vrouwelijk,02/16/2019
Onhaye,Marie,Vrouwelijk,02/11/2019
Brecht,Inez,Vrouwelijk,02/14/2019
Awans,Chloé,Vrouwelijk,02/06/2019
Voeren,Thomas,Mannelijk,03/19/2019
Tervuren,Jan,Mannelijk,02/13/2019
Moeskroen,Maëlys,Vrouwelijk,02/11/2019
Staden,Hannelore,Vrouwelijk,02/10/2019
Evere,Arnaud,Mannelijk,02/20/2019
Pelt,Lars,Mannelijk,02/08/2019
Brecht,Dorien,Vrouwelijk,02/14/2019
Antwerpen,Katharina,Vrouwelijk,02/21/2019
Anderlecht,Joanna,Vrouwelijk,02/17/2019
Luik,Thomas,Mannelijk,02/15/2019
Saint-Ghislain,Christophe,Mannelijk,02/07/2019
Oudenaarde,Ginette,Vrouwelijk,02/11/2019
Landen,Jean,Mannelijk,02/19/2019
Lokeren,Lennert,Mannelijk,02/04/2019
Antwerpen,Angela,Vrouwelijk,02/12/2019
Tessenderlo,Albert,Mannelijk,02/20/2019
Komen-Waasten,Gilles,Mannelijk,02/07/2019
Beersel,Esther,Vrouwelijk,02/03/2019
Houthalen-Helchteren,Anna,Vrouwelijk,02/14/2019
Mechelen,Halima,Vrouwelijk,02/14/2019
Heusden-Zolder,Luana,Vrouwelijk,02/11/2019
Watermaal-Bosvoorde,Zoé,Vrouwelijk,02/10/2019
Saint-Nicolas (Luik),Laetitia,Vrouwelijk,02/18/2019
Ukkel,Judith,Vrouwelijk,02/02/2019
Neupré,Claudine,Vrouwelijk,02/14/2019
Sint-Jans-Molenbeek,Nathan,Mannelijk,02/06/2019
Maasmechelen,Jeannette,Vrouwelijk,02/22/2019
Charleroi,Françoise,Vrouwelijk,02/23/2019
Brussel,Jean,Mannelijk,02/23/2019
Oudergem,Thierry,Mannelijk,02/12/2019
Limburg,Marc,Mannelijk,03/27/2019
Aalst (Aalst),Celestine,Vrouwelijk,02/16/2019
Hemiksem,Petra,Vrouwelijk,02/18/2019
Lummen,Bruno,Mannelijk,02/10/2019
Veurne,Koen,Mannelijk,03/02/2019
Hannuit,Marie,Vrouwelijk,02/15/2019
Sint-Lambrechts-Woluwe,Farid,Mannelijk,02/06/2019
Roeselare,Kurt,Mannelijk,02/03/2019
Hechtel-Eksel,Arlette,Vrouwelijk,02/14/2019
Bergen,Sven,Mannelijk,03/16/2019
Waasmunster,Anaïs,Vrouwelijk,02/20/2019
Sint-Gillis,Fatima,Vrouwelijk,02/06/2019
Wetteren,Andrea,Vrouwelijk,02/15/2019
Courcelles,Sylvain,Mannelijk,03/06/2019
Sint-Jans-Molenbeek,Smahane,Vrouwelijk,03/06/2019
Mechelen,Margareta,Vrouwelijk,02/21/2019
De Panne,Jeannine,Vrouwelijk,02/20/2019
Waver,Renée,Vrouwelijk,02/05/2019
Elsene,Jaroslaw,Mannelijk,02/02/2019
Doornik,Jordan,Mannelijk,02/14/2019
Luik,Nassim,Mannelijk,02/15/2019
Ciney,Sylvie,Vrouwelijk,02/24/2019
Kruisem,Nicole,Vrouwelijk,02/20/2019
Sambreville,Maëlle,Vrouwelijk,02/06/2019
Tremelo,Annie,Vrouwelijk,02/11/2019
Deerlijk,Marc,Mannelijk,02/09/2019
Welkenraedt,Serge,Mannelijk,02/16/2019
Gent,Joanna,Vrouwelijk,02/15/2019
Antwerpen,Gladys,Vrouwelijk,02/14/2019
Aalst (Aalst),Antoine,Mannelijk,02/02/2019
Lier,Jorn,Mannelijk,02/19/2019
Sint-Agatha-Berchem,Naïma,Vrouwelijk,02/11/2019
Eeklo,Frederik,Mannelijk,02/04/2019
Momignies,Jeannine,Vrouwelijk,02/11/2019
Brussel,Jawad,Mannelijk,02/16/2019
Flémalle,Jules,Mannelijk,02/05/2019
Antwerpen,Maarten,Mannelijk,02/22/2019
Halle (Halle-Vilvoorde),Maxime,Mannelijk,02/11/2019
Leuven,Sofie,Vrouwelijk,02/08/2019
Dilbeek,Erik,Mannelijk,02/14/2019
Sint-Niklaas (Sint-Niklaas),Anna,Vrouwelijk,02/15/2019
Doornik,Luc,Mannelijk,02/16/2019
Moeskroen,Jean-Marie,Mannelijk,02/15/2019
Brussel,Alexis,Mannelijk,02/14/2019
Antwerpen,Anas,Mannelijk,02/10/2019
Sint-Pieters-Woluwe,Jean-Baptiste,Mannelijk,02/16/2019
Wezet,Elodie,Vrouwelijk,02/20/2019
Bernissart,Renée,Vrouwelijk,02/06/2019
Bornem,Flo,Vrouwelijk,02/12/2019
Hasselt,Bert,Mannelijk,02/17/2019
Eigenbrakel,Marie-Thérèse,Vrouwelijk,02/05/2019
Herent,Jean,Mannelijk,02/13/2019
Knokke-Heist,Freddy,Mannelijk,02/28/2019
Malmedy,Rita,Vrouwelijk,02/27/2019
Lubbeek,Anna,Vrouwelijk,02/24/2019
Momignies,Geneviève,Vrouwelijk,02/09/2019
Anderlecht,Laïla,Vrouwelijk,02/10/2019
Ukkel,Luisa,Vrouwelijk,02/10/2019
Oud-Heverlee,Suzanne,Vrouwelijk,02/16/2019
Vilvoorde,Hannelore,Vrouwelijk,02/09/2019
Sprimont,Laurent,Mannelijk,02/14/2019
Elsene,Mohamed,Mannelijk,02/15/2019
Doornik,Monique,Vrouwelijk,02/27/2019
Bilzen,Sophie,Vrouwelijk,03/17/2019
Nieuwpoort,Anita,Vrouwelijk,03/03/2019
Brasschaat,Marcus,Mannelijk,02/21/2019
Lanaken,Philip,Mannelijk,02/22/2019
Berlaar,Sandy,Vrouwelijk,02/18/2019
Oostkamp,Sophie,Vrouwelijk,02/03/2019
Hoogstraten,Jenny,Vrouwelijk,02/21/2019
Anderlecht,Artur,Mannelijk,02/21/2019
Izegem,Kjell,Mannelijk,02/11/2019
Begijnendijk,Stefaan,Mannelijk,02/21/2019
Hannuit,Nathan,Mannelijk,02/13/2019
Anderlecht,Sophie,Vrouwelijk,02/21/2019
Schaarbeek,Sevim,Vrouwelijk,02/09/2019
Kruibeke,Gerda,Vrouwelijk,02/12/2019
Schilde,Nicholas,Mannelijk,02/24/2019
Eghezée,Mathieu,Mannelijk,02/15/2019
Faimes,Colette,Vrouwelijk,02/22/2019
Antwerpen,Ertan,Mannelijk,02/15/2019
Leuven,Gabriela,Vrouwelijk,03/02/2019
Houthulst,Maurice,Mannelijk,03/06/2019
Sint-Gillis,Paul,Mannelijk,02/12/2019
Antwerpen,Ingrid,Vrouwelijk,02/22/2019
Waterloo,Jeanne,Vrouwelijk,02/19/2019
Sint-Pieters-Leeuw,Willy,Mannelijk,02/19/2019
Herstal,Virginie,Vrouwelijk,02/16/2019
Burdinne,Philippe,Mannelijk,02/09/2019
Herzele,Jonathan,Mannelijk,02/14/2019
Borgworm,Julia,Vrouwelijk,02/10/2019
Sint-Joost-ten-Node,El,Mannelijk,03/05/2019
Saint-Nicolas (Luik),Walid,Mannelijk,02/18/2019
Zinnik,Léa,Vrouwelijk,02/11/2019
Stekene,Monique,Vrouwelijk,02/16/2019
Sint-Niklaas (Sint-Niklaas),Marie,Vrouwelijk,03/15/2019
Zulte,Kristof,Mannelijk,02/12/2019
Koksijde,Myriam,Vrouwelijk,02/02/2019
Sint-Truiden,Mario,Mannelijk,03/07/2019
Antwerpen,Greta,Vrouwelijk,02/10/2019
Beersel,Louis,Mannelijk,02/05/2019
Menen,Freddy,Mannelijk,02/21/2019
Houffalize,Marcel,Mannelijk,02/17/2019
Sint-Jans-Molenbeek,Amira,Vrouwelijk,02/06/2019
Harelbeke,Nicole,Vrouwelijk,02/22/2019
Schelle,Daniel,Mannelijk,02/22/2019
Antwerpen,Salah,Mannelijk,02/17/2019
Hélécine,Luc,Mannelijk,02/05/2019
Quévy,Thomas,Mannelijk,02/21/2019
Herzele,Denise,Vrouwelijk,02/06/2019
Kortrijk,Anita,Vrouwelijk,02/21/2019
Binche,Steve,Mannelijk,02/04/2019
Charleroi,Christian,Mannelijk,02/22/2019
Morlanwelz,Claude,Mannelijk,02/06/2019
Merksplas,Pieter,Mannelijk,02/09/2019
Sambreville,Valentin,Mannelijk,02/17/2019
Lebbeke,Stien,Vrouwelijk,02/19/2019
Beerse,Jacobus,Mannelijk,03/01/2019
Ganshoren,Nabila,Vrouwelijk,02/11/2019
Vorst (Brussel-Hoofdstad),Antonina,Vrouwelijk,02/18/2019
Antwerpen,Guido,Mannelijk,02/22/2019
Antwerpen,Yana,Vrouwelijk,02/15/2019
Kontich,Ilyas,Mannelijk,02/10/2019
Brussel,Bryan,Mannelijk,02/13/2019
Stekene,Jean-Pierre,Mannelijk,02/05/2019
Aalst (Aalst),Beatrijs,Vrouwelijk,02/16/2019
Kraainem,Michaël,Mannelijk,02/16/2019
Rixensart,Guy,Mannelijk,02/05/2019
Kasterlee,Patricia,Vrouwelijk,02/16/2019
Charleroi,Gilberte,Vrouwelijk,02/19/2019
Antwerpen,Francis,Mannelijk,02/10/2019
Oostende,Muriel,Vrouwelijk,02/13/2019
La Bruyère,Ingrid,Vrouwelijk,02/22/2019
Philippeville,Marie,Vrouwelijk,02/08/2019
Lebbeke,Bram,Mannelijk,02/27/2019
Luik,Thibault,Mannelijk,02/13/2019
Zwevegem,Freddy,Mannelijk,02/12/2019
Ukkel,Mihaela,Vrouwelijk,02/13/2019
Heusden-Zolder,Filip,Mannelijk,02/17/2019
Anzegem,Willy,Mannelijk,02/09/2019
Lochristi,Matthias,Mannelijk,02/20/2019
Courcelles,Domenico,Mannelijk,02/15/2019
Kortrijk,Frans,Mannelijk,02/14/2019
Kapellen (Antwerpen),Tim,Mannelijk,02/24/2019
La Louvière,Anne-Marie,Vrouwelijk,02/11/2019
La Louvière,Lucien,Mannelijk,02/14/2019
Menen,Tatiana,Vrouwelijk,02/17/2019
