gemeente,naam,geslacht,verwachte datum
Anzegem,Stefanie,Vrouwelijk,07/01/2019
Charleroi,Odette,Vrouwelijk,07/01/2019
Jette,David,Mannelijk,07/03/2019
Antwerpen,Rayan,Mannelijk,06/30/2019
Schaarbeek,Ahmed,Mannelijk,06/29/2019
Machelen (Halle-Vilvoorde),Maria,Vrouwelijk,06/23/2019
Kortrijk,Amin,Mannelijk,07/12/2019
Aywaille,Renée,Vrouwelijk,07/15/2019
Geel,Willy,Mannelijk,07/10/2019
Jalhay,Pierre,Mannelijk,07/20/2019
Turnhout,Robert,Mannelijk,06/29/2019
Brussel,Karim,Mannelijk,07/03/2019
Jemeppe-sur-Sambre,Christine,Vrouwelijk,07/10/2019
Plombières,Loan,Mannelijk,07/14/2019
Anderlecht,Jeanne,Vrouwelijk,07/17/2019
Eigenbrakel,Eddy,Mannelijk,07/16/2019
Bergen,Renaud,Mannelijk,06/28/2019
Brugge,Jimmy,Mannelijk,07/01/2019
Niel,Mathias,Mannelijk,07/06/2019
Ham-sur-Heure-Nalinnes,Michaël,Mannelijk,06/28/2019
Dendermonde,Marie,Vrouwelijk,07/10/2019
Kapelle-op-den-Bos,Etienne,Mannelijk,07/06/2019
Namen,Sabine,Vrouwelijk,06/28/2019
Namen,Laurent,Mannelijk,07/08/2019
Antwerpen,Raquel,Vrouwelijk,06/22/2019
Oudenaarde,Ulrike,Vrouwelijk,07/02/2019
Manage,Séverine,Vrouwelijk,07/25/2019
Charleroi,Christopher,Mannelijk,07/10/2019
Grimbergen,Stefan,Mannelijk,07/06/2019
Borgworm,Marie,Vrouwelijk,06/25/2019
Geel,Tinne,Vrouwelijk,07/03/2019
Gent,Muhammed,Mannelijk,07/02/2019
Ninove,Yvette,Vrouwelijk,06/26/2019
Sprimont,Thierry,Mannelijk,07/08/2019
Antwerpen,Christiane,Vrouwelijk,06/28/2019
Wervik,Brigitte,Vrouwelijk,07/10/2019
Brussel,Christian,Mannelijk,06/25/2019
Montigny-le-Tilleul,Arthur,Mannelijk,07/03/2019
Seraing,Noémie,Vrouwelijk,06/22/2019
Brussel,Jürgen,Mannelijk,07/05/2019
Braives,Cédric,Mannelijk,06/29/2019
Malmedy,Joseph,Mannelijk,07/09/2019
Lubbeek,Diane,Vrouwelijk,07/16/2019
Deinze,Senne,Mannelijk,07/22/2019
Brussel,Samira,Vrouwelijk,07/09/2019
Léglise,Josiane,Vrouwelijk,07/10/2019
Elsene,Johan,Mannelijk,07/05/2019
Diepenbeek,Bart,Mannelijk,07/05/2019
Thuin,Romain,Mannelijk,07/03/2019
Schoten,Kim,Mannelijk,07/03/2019
Zemst,Paul,Mannelijk,07/11/2019
Beringen,Eleonora,Vrouwelijk,06/22/2019
Merchtem,Maurice,Mannelijk,08/01/2019
Balen,Philippe,Mannelijk,06/23/2019
Kasterlee,David,Mannelijk,06/25/2019
Anderlecht,Robert,Mannelijk,07/07/2019
Dilbeek,Peter,Mannelijk,07/06/2019
Oudergem,Kenza,Vrouwelijk,07/09/2019
Antwerpen,Nicole,Vrouwelijk,06/23/2019
Gent,Marleen,Vrouwelijk,06/29/2019
Saint-Georges-sur-Meuse,Eléa,Vrouwelijk,07/24/2019
Orp-Jauche,Noémie,Vrouwelijk,07/08/2019
Gavere,Steffi,Vrouwelijk,06/27/2019
Berlare,Petrus,Mannelijk,06/30/2019
Pont-à-Celles,Théo,Mannelijk,06/30/2019
Aalst (Aalst),Geert,Mannelijk,07/08/2019
Sint-Gillis,Annie,Vrouwelijk,06/30/2019
Beringen,Annelies,Vrouwelijk,06/26/2019
Wervik,Lea,Vrouwelijk,06/21/2019
Oudergem,Alexandre,Mannelijk,06/21/2019
Aiseau-Presles,Nathalie,Vrouwelijk,06/28/2019
Anderlecht,Jean,Mannelijk,06/26/2019
Knokke-Heist,Glenn,Mannelijk,07/02/2019
Schoten,Inge,Vrouwelijk,07/06/2019
Mol,Lisette,Vrouwelijk,07/20/2019
Dalhem,Yves,Mannelijk,07/16/2019
Namen,Zoé,Vrouwelijk,06/28/2019
Roeselare,Jana,Vrouwelijk,06/27/2019
Zonnebeke,Paul,Mannelijk,06/26/2019
Haacht,Lars,Mannelijk,07/02/2019
Tienen,Marina,Vrouwelijk,07/05/2019
Antwerpen,Sem,Mannelijk,07/22/2019
Schaarbeek,Zinab,Vrouwelijk,07/10/2019
Moeskroen,Christine,Vrouwelijk,07/21/2019
Zaventem,Théo,Mannelijk,07/11/2019
Anderlecht,Assia,Vrouwelijk,06/28/2019
Meulebeke,Frank,Mannelijk,07/03/2019
Gent,Kim,Mannelijk,06/25/2019
Brugge,Nico,Mannelijk,07/03/2019
Moeskroen,Dounia,Vrouwelijk,06/25/2019
Keerbergen,Charlotte,Vrouwelijk,06/26/2019
Floreffe,Sabine,Vrouwelijk,07/23/2019
Geraardsbergen,Jens,Mannelijk,07/18/2019
Wielsbeke,Magda,Vrouwelijk,07/22/2019
Bertrix,Monique,Vrouwelijk,07/09/2019
Hoogstraten,Elien,Vrouwelijk,07/10/2019
Welkenraedt,Nathan,Mannelijk,07/08/2019
Zaventem,Laurence,Vrouwelijk,07/02/2019
Charleroi,Simon,Mannelijk,07/06/2019
Herentals,Lydia,Vrouwelijk,06/22/2019
Leuven,Rudi,Mannelijk,07/10/2019
Eghezée,Hugo,Mannelijk,07/11/2019
Antwerpen,Kate,Vrouwelijk,06/28/2019
Aalst (Aalst),Quinten,Mannelijk,06/27/2019
Binche,Monique,Vrouwelijk,07/09/2019
Thimister-Clermont,Chantal,Vrouwelijk,06/22/2019
Westerlo,Mariette,Vrouwelijk,07/19/2019
Vaux-sur-Sûre,Claire,Vrouwelijk,06/23/2019
Kluisbergen,Brigitte,Vrouwelijk,07/01/2019
Knokke-Heist,Marie-Louise,Vrouwelijk,07/02/2019
Gent,Frédéric,Mannelijk,07/20/2019
Wommelgem,Gerrit,Mannelijk,07/04/2019
Antwerpen,Liesbeth,Vrouwelijk,07/01/2019
Gembloux,Franck,Mannelijk,07/14/2019
Dison,Régine,Vrouwelijk,06/30/2019
Damme,Lena,Vrouwelijk,07/16/2019
Antwerpen,Kristof,Mannelijk,07/14/2019
Bergen,Julien,Mannelijk,07/03/2019
Andenne,Renaud,Mannelijk,07/20/2019
Sint-Pieters-Leeuw,Nele,Vrouwelijk,07/05/2019
De Pinte,Caroline,Vrouwelijk,06/24/2019
Begijnendijk,Bart,Mannelijk,07/08/2019
Oudenaarde,Jozef,Mannelijk,07/20/2019
Zemst,Jef,Mannelijk,06/27/2019
Brussel,Bart,Mannelijk,06/24/2019
Lede,Jasper,Mannelijk,07/08/2019
Lanaken,Jean-Pierre,Mannelijk,07/02/2019
Burdinne,Pascal,Mannelijk,06/25/2019
Saint-Ghislain,Jean-François,Mannelijk,07/01/2019
Kortenaken,Laurien,Vrouwelijk,07/02/2019
Gembloux,Anita,Vrouwelijk,06/30/2019
Turnhout,Maggie,Vrouwelijk,06/24/2019
Merchtem,Marina,Vrouwelijk,06/29/2019
Doornik,Louise,Vrouwelijk,07/08/2019
Laarne,Lucie,Vrouwelijk,06/23/2019
Nijlen,Maria,Vrouwelijk,06/29/2019
Eigenbrakel,Aurélie,Vrouwelijk,06/30/2019
Beyne-Heusay,Michel,Mannelijk,07/04/2019
Oudsbergen,Mathieu,Mannelijk,07/08/2019
Waterloo,Patricia,Vrouwelijk,07/14/2019
Herenthout,Willy,Mannelijk,06/26/2019
Beveren (Sint-Niklaas),Ingrid,Vrouwelijk,06/30/2019
Etterbeek,Céline,Vrouwelijk,07/04/2019
Schaarbeek,Imane,Vrouwelijk,06/30/2019
Soumagne,Bruno,Mannelijk,07/01/2019
Stabroek,Lodewijk,Mannelijk,07/02/2019
Olen,Natasja,Vrouwelijk,06/24/2019
Aarlen,Sylviane,Vrouwelijk,07/08/2019
Gent,Nick,Mannelijk,06/28/2019
Tielt (Tielt),Victor,Mannelijk,06/23/2019
Brecht,Maria,Vrouwelijk,06/23/2019
Châtelet,Marie,Vrouwelijk,07/10/2019
Jurbeke,Anne,Vrouwelijk,06/28/2019
La Louvière,Nicole,Vrouwelijk,07/05/2019
Halle (Halle-Vilvoorde),Sacha,Mannelijk,07/01/2019
Malle,Janne,Vrouwelijk,06/29/2019
Lier,Adnan,Mannelijk,07/03/2019
Gent,Asya,Vrouwelijk,07/01/2019
Tubeke,Colette,Vrouwelijk,06/27/2019
Gent,Matthias,Mannelijk,08/24/2019
Antwerpen,Mohamed,Mannelijk,07/05/2019
Gent,Elif,Vrouwelijk,06/29/2019
Kinrooi,Robbe,Mannelijk,07/08/2019
Mortsel,Sonja,Vrouwelijk,07/05/2019
Westerlo,Monique,Vrouwelijk,07/05/2019
Sint-Niklaas (Sint-Niklaas),Annie,Vrouwelijk,06/28/2019
Olen,Kurt,Mannelijk,06/22/2019
Charleroi,Murielle,Vrouwelijk,07/11/2019
Boom,Linda,Vrouwelijk,06/23/2019
Sint-Katelijne-Waver,Tessa,Vrouwelijk,06/28/2019
Anderlecht,Samia,Vrouwelijk,07/04/2019
Antwerpen,Yvonne,Vrouwelijk,07/11/2019
Gedinne,Laurent,Mannelijk,07/07/2019
Sint-Niklaas (Sint-Niklaas),Sofie,Vrouwelijk,06/30/2019
Ledegem,Noël,Mannelijk,07/25/2019
La Louvière,Josiane,Vrouwelijk,06/29/2019
Vilvoorde,Myriam,Vrouwelijk,06/22/2019
Eigenbrakel,Hugo,Mannelijk,06/24/2019
Eigenbrakel,Boris,Mannelijk,06/26/2019
Brasschaat,Anna,Vrouwelijk,06/28/2019
Dendermonde,Annick,Vrouwelijk,06/23/2019
Poperinge,Fleur,Vrouwelijk,07/10/2019
Antwerpen,Michael,Mannelijk,07/05/2019
Herve,Guillaume,Mannelijk,07/14/2019
Antwerpen,Ahmed,Mannelijk,07/07/2019
Mettet,Colette,Vrouwelijk,07/11/2019
Merelbeke,Johan,Mannelijk,07/09/2019
Antwerpen,Yakov,Mannelijk,06/30/2019
Zulte,Patricia,Vrouwelijk,06/24/2019
Anderlecht,Isra,Vrouwelijk,07/08/2019
Oudergem,Fatima,Vrouwelijk,07/03/2019
Willebroek,Lily,Vrouwelijk,06/23/2019
Saint-Ghislain,Michel,Mannelijk,07/06/2019
Houthulst,Delphine,Vrouwelijk,06/29/2019
Theux,Didier,Mannelijk,06/25/2019
Luik,Séléna,Vrouwelijk,06/23/2019
Zandhoven,Gerarda,Vrouwelijk,07/10/2019
Welkenraedt,Louise,Vrouwelijk,07/04/2019
Oostende,Peter,Mannelijk,07/05/2019
Westerlo,Josephina,Vrouwelijk,07/16/2019
Elsene,Axelle,Vrouwelijk,06/30/2019
Mechelen,Carl,Mannelijk,07/19/2019
Hannuit,Chantal,Vrouwelijk,07/04/2019
Antwerpen,Erik,Mannelijk,07/18/2019
Schaarbeek,Aminata,Vrouwelijk,06/30/2019
Pecq,Michel,Mannelijk,06/25/2019
Diksmuide,Marijke,Vrouwelijk,06/21/2019
Oostkamp,Kato,Vrouwelijk,07/05/2019
Antwerpen,Bert,Mannelijk,07/02/2019
Wetteren,Marianne,Vrouwelijk,07/06/2019
Doornik,Anne-Françoise,Vrouwelijk,07/09/2019
Bernissart,Perrine,Vrouwelijk,06/23/2019
Zinnik,Frank,Mannelijk,06/26/2019
Gent,Athina,Vrouwelijk,06/28/2019
Roosdaal,Elisabeth,Vrouwelijk,06/28/2019
Ottignies-Louvain-la-Neuve,Thierry,Mannelijk,07/15/2019
Sint-Jans-Molenbeek,Siham,Vrouwelijk,07/07/2019
Sambreville,Roland,Mannelijk,07/04/2019
Ieper,Frederic,Mannelijk,06/23/2019
De Haan,Guillaume,Mannelijk,07/10/2019
Anderlecht,Adam,Mannelijk,07/02/2019
Diest,Stijn,Mannelijk,07/02/2019
Anzegem,Nicole,Vrouwelijk,07/11/2019
Anzegem,Filip,Mannelijk,07/03/2019
Luik,Sophie,Vrouwelijk,07/04/2019
Erpe-Mere,Linda,Vrouwelijk,07/03/2019
Ham-sur-Heure-Nalinnes,Julien,Mannelijk,07/11/2019
Boussu,Philippe,Mannelijk,07/08/2019
Charleroi,Jonathan,Mannelijk,07/17/2019
Luik,Aimée,Vrouwelijk,06/25/2019
Sint-Pieters-Leeuw,Gaetano,Mannelijk,07/02/2019
Meerhout,Annelies,Vrouwelijk,06/23/2019
De Pinte,Claire,Vrouwelijk,07/06/2019
Châtelet,Françoise,Vrouwelijk,07/08/2019
Gembloux,Bernard,Mannelijk,07/08/2019
Lokeren,André,Mannelijk,06/27/2019
Sint-Niklaas (Sint-Niklaas),Sven,Mannelijk,07/05/2019
Leopoldsburg,Joey,Mannelijk,07/11/2019
Fexhe-le-Haut-Clocher,Claudine,Vrouwelijk,07/21/2019
Duffel,Ilse,Vrouwelijk,07/05/2019
Brussel,Jacques,Mannelijk,06/26/2019
Gavere,Noël,Mannelijk,07/08/2019
Halen,André,Mannelijk,06/29/2019
Begijnendijk,Frans,Mannelijk,06/29/2019
Sint-Niklaas (Sint-Niklaas),Samira,Vrouwelijk,06/23/2019
Gent,Hedwige,Vrouwelijk,07/06/2019
Brugge,Cathy,Vrouwelijk,07/19/2019
Rijkevorsel,Ellen,Vrouwelijk,06/28/2019
Antwerpen,Wim,Mannelijk,07/06/2019
Wingene,Godelieve,Vrouwelijk,07/02/2019
Antwerpen,Geert,Mannelijk,06/27/2019
Lokeren,Benny,Mannelijk,06/29/2019
Chiny,Antoine,Mannelijk,06/29/2019
Nazareth,Yvonne,Vrouwelijk,06/30/2019
Thuin,Adeline,Vrouwelijk,06/24/2019
Elsene,Michaël,Mannelijk,07/06/2019
Assenede,Sabine,Vrouwelijk,07/06/2019
Herselt,Jozef,Mannelijk,07/07/2019
Morlanwelz,Jonathan,Mannelijk,07/01/2019
Ukkel,Paul,Mannelijk,06/29/2019
Gent,Veerle,Vrouwelijk,07/10/2019
Zoutleeuw,Jozef,Mannelijk,06/22/2019
Linter,Germaine,Vrouwelijk,07/06/2019
Sint-Gillis,Gaëtan,Mannelijk,07/04/2019
Evergem,Kyara,Vrouwelijk,06/22/2019
Merchtem,Koen,Mannelijk,07/01/2019
Kampenhout,Patricia,Vrouwelijk,07/03/2019
Awans,Marguerite,Vrouwelijk,07/04/2019
Waterloo,Olivia,Vrouwelijk,07/07/2019
Luik,Laurence,Vrouwelijk,07/01/2019
Gent,Karina,Vrouwelijk,06/22/2019
Tinlot,Luc,Mannelijk,06/29/2019
Grâce-Hollogne,Mohamed,Mannelijk,06/30/2019
Diepenbeek,Johan,Mannelijk,07/03/2019
Zwevegem,Stijn,Mannelijk,06/30/2019
Sint-Jans-Molenbeek,Elisa,Vrouwelijk,07/14/2019
Sint-Lievens-Houtem,Evelien,Vrouwelijk,06/29/2019
Leuven,Paul,Mannelijk,07/10/2019
Péruwelz,Steve,Mannelijk,07/04/2019
Bergen,Etienne,Mannelijk,07/05/2019
Steenokkerzeel,Dirk,Mannelijk,07/01/2019
Lanaken,Melissa,Vrouwelijk,06/21/2019
Beaumont,Nicolas,Mannelijk,07/11/2019
Wetteren,Kathleen,Vrouwelijk,07/06/2019
Schaarbeek,André,Mannelijk,06/29/2019
Sint-Joost-ten-Node,Houria,Vrouwelijk,06/28/2019
Sint-Lambrechts-Woluwe,Bernard,Mannelijk,06/30/2019
Brugge,Arno,Mannelijk,07/08/2019
Soumagne,Pauline,Vrouwelijk,07/01/2019
Pepingen,Arno,Mannelijk,07/01/2019
Hélécine,Freddy,Mannelijk,06/23/2019
Mol,Jo,Mannelijk,07/15/2019
Schaarbeek,Christelle,Vrouwelijk,07/11/2019
Saint-Nicolas (Luik),Giorgio,Mannelijk,06/29/2019
Bocholt,Henricus,Mannelijk,07/10/2019
Braives,Dominique,Mannelijk,06/28/2019
Temse,Laura,Vrouwelijk,07/02/2019
Sint-Gillis,Zoé,Vrouwelijk,07/04/2019
Bonheiden,Dylan,Mannelijk,06/21/2019
Sint-Joost-ten-Node,Abdil,Mannelijk,07/04/2019
Kapelle-op-den-Bos,Frans,Mannelijk,07/06/2019
Heist-op-den-Berg,Erwin,Mannelijk,06/28/2019
Binche,Noé,Mannelijk,08/06/2019
Verviers,Muriel,Vrouwelijk,06/24/2019
Kruisem,Pieter,Mannelijk,07/11/2019
Quiévrain,Pascal,Mannelijk,06/30/2019
Antwerpen,Rafaël,Mannelijk,07/09/2019
Lubbeek,Evelien,Vrouwelijk,07/07/2019
Eigenbrakel,Myriam,Vrouwelijk,07/10/2019
Halle (Halle-Vilvoorde),Christiane,Vrouwelijk,07/10/2019
Opwijk,Rosa,Vrouwelijk,07/10/2019
Andenne,Jean-Marc,Mannelijk,06/28/2019
Namen,Jean,Mannelijk,06/25/2019
Brussel,Jean,Mannelijk,07/16/2019
Eigenbrakel,Jacques,Mannelijk,06/21/2019
Leuven,Henri,Mannelijk,07/09/2019
Brugge,Sven,Mannelijk,07/08/2019
Florenville,Christiane,Vrouwelijk,07/05/2019
Luik,Rania,Vrouwelijk,08/25/2019
Antwerpen,Merieme,Vrouwelijk,06/28/2019
Charleroi,Sandra,Vrouwelijk,06/22/2019
Dour,Robert,Mannelijk,07/14/2019
Oostende,Patrick,Mannelijk,07/09/2019
Oudenburg,Frederic,Mannelijk,07/08/2019
Brussel,Alfred,Mannelijk,07/29/2019
Borgloon,Elisabeth,Vrouwelijk,07/09/2019
