gemeente,naam,geslacht,verwachte datum
Putte,Christiana,Vrouwelijk,05/07/2019
Vaux-sur-Sûre,Eric,Mannelijk,04/22/2019
Izegem,Thierry,Mannelijk,04/28/2019
Tessenderlo,Mohamed,Mannelijk,05/03/2019
Aalst (Aalst),June,Vrouwelijk,04/23/2019
Kluisbergen,Jean,Mannelijk,05/03/2019
Tessenderlo,Heidi,Vrouwelijk,05/11/2019
Honnelles,Yves,Mannelijk,05/01/2019
Tienen,Christina,Vrouwelijk,05/12/2019
Brugge,Georgette,Vrouwelijk,05/05/2019
Beerse,Katrin,Vrouwelijk,05/02/2019
Vorst (Brussel-Hoofdstad),Anas,Mannelijk,05/04/2019
Ukkel,Gilles,Mannelijk,05/01/2019
Luik,Francesco,Mannelijk,04/29/2019
Lier,Stefanie,Vrouwelijk,05/01/2019
Weismes,Albert,Mannelijk,05/04/2019
Esneux,Hélène,Vrouwelijk,05/01/2019
Borgworm,Inès,Vrouwelijk,04/25/2019
Maasmechelen,Bertha,Vrouwelijk,05/16/2019
Eigenbrakel,Noah,Mannelijk,04/28/2019
Saint-Nicolas (Luik),Luisa,Vrouwelijk,05/04/2019
Maldegem,Natasja,Vrouwelijk,06/01/2019
Mechelen,Nand,Mannelijk,05/12/2019
Luik,Mireille,Vrouwelijk,05/12/2019
Colfontaine,Jules,Mannelijk,04/28/2019
Ukkel,Françoise,Vrouwelijk,04/28/2019
Koksijde,Mathieu,Mannelijk,04/28/2019
Lier,Monica,Vrouwelijk,04/26/2019
Aalst (Aalst),Noor,Vrouwelijk,05/10/2019
Lanaken,Lucas,Mannelijk,05/02/2019
Eigenbrakel,Christianne,Vrouwelijk,04/30/2019
Diksmuide,Victor,Mannelijk,04/23/2019
Erpe-Mere,Monique,Vrouwelijk,05/01/2019
Antwerpen,Anouk,Vrouwelijk,05/01/2019
Gent,Kurt,Mannelijk,05/12/2019
Kortrijk,Lieven,Mannelijk,05/02/2019
Aalst (Aalst),Roland,Mannelijk,04/23/2019
Raeren,Ingeborg,Vrouwelijk,04/23/2019
Wanze,Justine,Vrouwelijk,05/07/2019
Turnhout,Hajar,Vrouwelijk,05/13/2019
Koekelberg,Frédérique,Vrouwelijk,04/26/2019
Fontaine-l’Evêque,Caroline,Vrouwelijk,05/02/2019
Brugge,Marc,Mannelijk,05/08/2019
Mechelen,Mohammed,Mannelijk,04/25/2019
Namen,Marcel,Mannelijk,05/09/2019
Overijse,Wim,Mannelijk,05/13/2019
Seraing,Myriam,Vrouwelijk,05/02/2019
Hoeselt,Renée,Vrouwelijk,05/07/2019
Sivry-Rance,Nicole,Vrouwelijk,04/23/2019
Zonhoven,Marc,Mannelijk,04/29/2019
Ingelmunster,Brecht,Mannelijk,05/06/2019
Holsbeek,Leon,Mannelijk,05/10/2019
Schaarbeek,Eric,Mannelijk,04/30/2019
Dilsen-Stokkem,Jolien,Vrouwelijk,04/29/2019
Brasschaat,Viviane,Vrouwelijk,05/01/2019
Herve,Françoise,Vrouwelijk,05/09/2019
Kortenaken,Emilie,Vrouwelijk,05/11/2019
Waregem,James,Mannelijk,04/23/2019
Rebecq,Maxence,Mannelijk,05/03/2019
Charleroi,Louis,Mannelijk,05/08/2019
Maaseik,Anny,Vrouwelijk,04/25/2019
Vorst (Brussel-Hoofdstad),Ayoub,Mannelijk,04/29/2019
Malle,Wim,Mannelijk,05/06/2019
Houyet,Françoise,Vrouwelijk,05/14/2019
Geel,Jan,Mannelijk,05/03/2019
Zoersel,Elsa,Vrouwelijk,05/09/2019
Leuven,Amelia,Vrouwelijk,06/14/2019
Aalst (Aalst),Youssef,Mannelijk,04/28/2019
Moeskroen,Fabienne,Vrouwelijk,05/11/2019
Brugge,Jean,Mannelijk,05/04/2019
Dendermonde,Rita,Vrouwelijk,05/05/2019
Heusden-Zolder,Mariette,Vrouwelijk,05/02/2019
Nandrin,Anna,Vrouwelijk,04/27/2019
Antwerpen,Florida,Vrouwelijk,06/22/2019
Geel,Paul,Mannelijk,05/03/2019
Zaventem,Christine,Vrouwelijk,05/12/2019
Quaregnon,Yvan,Mannelijk,05/03/2019
Honnelles,Michel,Mannelijk,05/03/2019
Ieper,Kathleen,Vrouwelijk,05/02/2019
Hoei,Philippe,Mannelijk,05/05/2019
Saint-Nicolas (Luik),Felice,Mannelijk,04/23/2019
Fontaine-l’Evêque,Jean-Claude,Mannelijk,05/12/2019
Maasmechelen,Sandra,Vrouwelijk,05/04/2019
Schaarbeek,Laure,Vrouwelijk,05/16/2019
Duffel,Karin,Vrouwelijk,05/09/2019
Aalter,Darline,Vrouwelijk,05/06/2019
Colfontaine,Elina,Vrouwelijk,05/01/2019
Sint-Lievens-Houtem,Lotte,Vrouwelijk,04/26/2019
Gavere,Marie,Vrouwelijk,05/03/2019
Antwerpen,Milena,Vrouwelijk,05/03/2019
Zottegem,Tim,Mannelijk,05/06/2019
Elsene,Mariana,Vrouwelijk,05/01/2019
Doornik,Batiste,Mannelijk,05/20/2019
Oudsbergen,Ronald,Mannelijk,04/30/2019
Charleroi,Alexandre,Mannelijk,05/10/2019
Antwerpen,Henri,Mannelijk,05/04/2019
Mechelen,Peter,Mannelijk,05/24/2019
Wetteren,Ria,Vrouwelijk,05/02/2019
Antwerpen,Hava,Vrouwelijk,05/12/2019
Lievegem,Irma,Vrouwelijk,04/30/2019
Crisnée,Pietro,Mannelijk,04/29/2019
Leuven,Ilaria,Vrouwelijk,05/01/2019
Sint-Lievens-Houtem,Claudine,Vrouwelijk,05/26/2019
’s Gravenbrakel,Cécile,Vrouwelijk,04/29/2019
Jette,Zofia,Vrouwelijk,04/30/2019
Wortegem-Petegem,Marc,Mannelijk,04/29/2019
Halle (Halle-Vilvoorde),Georges,Mannelijk,04/30/2019
Tienen,Lorenzo,Mannelijk,05/03/2019
Grâce-Hollogne,Renée,Vrouwelijk,05/23/2019
’s Gravenbrakel,Fiona,Vrouwelijk,05/01/2019
Essen,Christiane,Vrouwelijk,05/02/2019
Kalmthout,Eliane,Vrouwelijk,05/04/2019
Hoogstraten,Claudia,Vrouwelijk,05/03/2019
Luik,Marc,Mannelijk,05/07/2019
Etterbeek,William,Mannelijk,04/29/2019
Brussel,Odette,Vrouwelijk,04/24/2019
Dison,Vanessa,Vrouwelijk,05/02/2019
Maldegem,Conny,Vrouwelijk,04/27/2019
Oud-Turnhout,Godelieve,Vrouwelijk,05/12/2019
Antwerpen,Hilda,Vrouwelijk,05/23/2019
Elsene,Hong,Mannelijk,04/26/2019
Zedelgem,Antoinette,Vrouwelijk,05/19/2019
Antwerpen,Lucy,Vrouwelijk,06/04/2019
Brussel,Keziban,Vrouwelijk,05/22/2019
Berlaar,Ken,Mannelijk,06/13/2019
Izegem,Christof,Mannelijk,05/01/2019
Waregem,Anne,Vrouwelijk,05/08/2019
Horebeke,Jean,Mannelijk,04/29/2019
Tienen,Viviane,Vrouwelijk,05/05/2019
Ranst,Adrienne,Vrouwelijk,05/05/2019
Anderlecht,Joëlle,Vrouwelijk,05/19/2019
Tongeren,Francis,Mannelijk,05/15/2019
Mechelen,Sofie,Vrouwelijk,05/04/2019
Gent,Cindy,Vrouwelijk,05/24/2019
Tongeren,Christel,Vrouwelijk,05/03/2019
Luik,Jean,Mannelijk,05/05/2019
Denderleeuw,Jürgen,Mannelijk,05/12/2019
Sint-Agatha-Berchem,Chloé,Vrouwelijk,05/07/2019
Oostrozebeke,Sven,Mannelijk,04/22/2019
Veurne,Godelieve,Vrouwelijk,06/17/2019
Walcourt,Arnaud,Mannelijk,05/01/2019
Geel,Quinten,Mannelijk,05/04/2019
Saint-Nicolas (Luik),Tiago,Mannelijk,05/12/2019
Mol,Ella,Vrouwelijk,05/04/2019
Bernissart,Jean-Claude,Mannelijk,05/12/2019
Essen,Ernest,Mannelijk,05/03/2019
Remicourt,Olivier,Mannelijk,05/11/2019
Boussu,Nathalie,Vrouwelijk,05/12/2019
Luik,Mike,Mannelijk,05/04/2019
Sankt Vith,Josef,Mannelijk,05/09/2019
Schilde,Jan,Mannelijk,04/27/2019
Ecaussinnes,Tom,Mannelijk,05/06/2019
Welkenraedt,Lisa,Vrouwelijk,04/24/2019
Sint-Niklaas (Sint-Niklaas),Gert,Mannelijk,05/06/2019
Ukkel,Rosa,Vrouwelijk,06/05/2019
Bergen,Noah,Mannelijk,05/15/2019
Brussel,Colette,Vrouwelijk,05/09/2019
Huldenberg,Kristel,Vrouwelijk,04/26/2019
Stekene,Christophe,Mannelijk,05/08/2019
Oudenaarde,Marie-José,Vrouwelijk,05/07/2019
Bredene,Jade,Vrouwelijk,05/08/2019
Zottegem,Leen,Vrouwelijk,05/06/2019
Charleroi,Emmanuelle,Vrouwelijk,05/02/2019
Doornik,Jean,Mannelijk,04/26/2019
Koekelberg,Jacqueline,Vrouwelijk,05/01/2019
Dison,François,Mannelijk,05/06/2019
Lille,Dirk,Mannelijk,05/19/2019
Oudsbergen,Andreas,Mannelijk,04/25/2019
Antwerpen,Roland,Mannelijk,05/02/2019
Ieper,Margot,Vrouwelijk,04/23/2019
Jalhay,Jonathan,Mannelijk,05/07/2019
Antwerpen,Ilhame,Vrouwelijk,04/24/2019
Rixensart,Claudine,Vrouwelijk,04/30/2019
Lier,Charlotte,Vrouwelijk,04/29/2019
Aalst (Aalst),Kelly,Vrouwelijk,04/22/2019
Destelbergen,Marcella,Vrouwelijk,05/01/2019
Ieper,Eddy,Mannelijk,05/03/2019
Moeskroen,Lucie,Vrouwelijk,05/04/2019
Zedelgem,Willem,Mannelijk,04/25/2019
Antwerpen,Jean,Mannelijk,05/02/2019
Antwerpen,Nada,Vrouwelijk,05/18/2019
Bièvre,Vanessa,Vrouwelijk,05/08/2019
Jurbeke,Renée,Vrouwelijk,04/25/2019
Habay,Tiffany,Vrouwelijk,04/28/2019
Staden,Eddy,Mannelijk,05/01/2019
Lessen,Christine,Vrouwelijk,05/07/2019
Châtelet,Emile,Mannelijk,04/27/2019
Zottegem,Nelly,Vrouwelijk,05/06/2019
Antwerpen,Simonne,Vrouwelijk,05/03/2019
Wezet,Jean,Mannelijk,04/28/2019
Waregem,Stephanie,Vrouwelijk,04/26/2019
Staden,Elena,Vrouwelijk,04/24/2019
Eigenbrakel,Laetitia,Vrouwelijk,05/18/2019
Charleroi,Sibel,Vrouwelijk,04/23/2019
Antwerpen,Marcel,Mannelijk,04/29/2019
Sint-Truiden,Romy,Vrouwelijk,05/22/2019
Tenneville,Thibault,Mannelijk,04/28/2019
Sint-Joost-ten-Node,Sofia,Vrouwelijk,05/05/2019
Flémalle,Maxence,Mannelijk,05/02/2019
Vorst (Brussel-Hoofdstad),Ahmed,Mannelijk,05/01/2019
’s Gravenbrakel,Nathan,Mannelijk,05/07/2019
Antwerpen,Laila,Vrouwelijk,05/08/2019
Beringen,Katleen,Vrouwelijk,05/07/2019
Binche,Fabrizio,Mannelijk,05/02/2019
Florennes,Brigitte,Vrouwelijk,04/24/2019
Schaarbeek,Yassine,Mannelijk,05/06/2019
Oostkamp,Dries,Mannelijk,05/03/2019
Charleroi,Corinne,Vrouwelijk,05/12/2019
Sint-Truiden,Irène,Vrouwelijk,04/22/2019
Oudenaarde,Lieselotte,Vrouwelijk,04/29/2019
Gouvy,Chantal,Vrouwelijk,05/07/2019
Oudsbergen,Serge,Mannelijk,05/24/2019
Fernelmont,Nancy,Vrouwelijk,05/08/2019
Aalst (Aalst),Karen,Vrouwelijk,05/04/2019
Wervik,Rudy,Mannelijk,05/12/2019
Brecht,Marie-Louise,Vrouwelijk,04/30/2019
Ham,Tuur,Mannelijk,05/02/2019
Heist-op-den-Berg,Jeroen,Mannelijk,05/10/2019
Nieuwpoort,Simon,Mannelijk,04/22/2019
Frameries,Corentin,Mannelijk,04/25/2019
Sint-Niklaas (Sint-Niklaas),Gwendolina,Vrouwelijk,05/12/2019
Steenokkerzeel,Jeroen,Mannelijk,04/30/2019
Tubeke,Jean-Marie,Mannelijk,05/11/2019
Leuze-en-Hainaut,Victor,Mannelijk,04/22/2019
La Louvière,Virginie,Vrouwelijk,05/03/2019
Puurs-Sint-Amands,Ann,Vrouwelijk,05/01/2019
Sint-Truiden,Huguette,Vrouwelijk,05/03/2019
Antwerpen,Hanad,Mannelijk,04/26/2019
Chaudfontaine,Henriette,Vrouwelijk,05/01/2019
Lokeren,Paul,Mannelijk,04/30/2019
Brussel,Benyounes,Mannelijk,05/10/2019
Diest,Maurice,Mannelijk,05/01/2019
Bekkevoort,Julia,Vrouwelijk,05/03/2019
Geraardsbergen,Noah,Mannelijk,05/01/2019
Sint-Jans-Molenbeek,Besim,Mannelijk,04/30/2019
La Bruyère,Lucile,Vrouwelijk,04/24/2019
Brussel,Mireille,Vrouwelijk,05/04/2019
Leopoldsburg,Vince,Mannelijk,04/26/2019
Sint-Pieters-Leeuw,Stéphane,Mannelijk,05/05/2019
Anderlecht,Hajar,Vrouwelijk,05/17/2019
La Louvière,Maud,Vrouwelijk,05/03/2019
Antwerpen,Raymond,Mannelijk,05/03/2019
Juprelle,Marie,Vrouwelijk,05/06/2019
Beveren (Sint-Niklaas),Vicky,Vrouwelijk,05/05/2019
Bergen,Florent,Mannelijk,05/01/2019
Kasterlee,Lenn,Mannelijk,05/05/2019
Grâce-Hollogne,Domenico,Mannelijk,05/09/2019
Quaregnon,Aurélie,Vrouwelijk,05/06/2019
Gent,Etienne,Mannelijk,04/28/2019
Theux,Françoise,Vrouwelijk,05/08/2019
Wezembeek-Oppem,Godelieve,Vrouwelijk,05/24/2019
Geraardsbergen,Eva,Vrouwelijk,05/11/2019
Olen,Esther,Vrouwelijk,05/03/2019
Gent,Monique,Vrouwelijk,05/02/2019
Pecq,Clara,Vrouwelijk,05/19/2019
Sint-Truiden,Patrick,Mannelijk,05/02/2019
Tongeren,Christophe,Mannelijk,05/05/2019
Geraardsbergen,Arthur,Mannelijk,04/22/2019
Tongeren,Camille,Vrouwelijk,05/06/2019
Antwerpen,Maria,Vrouwelijk,05/06/2019
Luik,Francine,Vrouwelijk,05/12/2019
Fontaine-l’Evêque,Frédéric,Mannelijk,05/17/2019
Esneux,Marie,Vrouwelijk,04/24/2019
Sint-Genesius-Rode,Dominique,Vrouwelijk,04/30/2019
Pelt,Gertruda,Vrouwelijk,04/25/2019
Genk,Dries,Mannelijk,04/30/2019
Brasschaat,Christina,Vrouwelijk,05/02/2019
Wevelgem,Barbara,Vrouwelijk,04/28/2019
Meulebeke,Nathalie,Vrouwelijk,04/29/2019
Charleroi,Nina,Vrouwelijk,05/13/2019
Edingen,Nicolas,Mannelijk,05/02/2019
Aarschot,Joseph,Mannelijk,04/30/2019
Menen,Maaike,Vrouwelijk,05/10/2019
Mechelen,Julien,Mannelijk,05/05/2019
Ukkel,Jean-François,Mannelijk,05/04/2019
Saint-Ghislain,Achille,Mannelijk,05/06/2019
La Louvière,Thiago,Mannelijk,04/26/2019
Antwerpen,Hugo,Mannelijk,04/30/2019
Charleroi,Amélia,Vrouwelijk,05/07/2019
Antwerpen,Julie,Vrouwelijk,05/14/2019
Steenokkerzeel,Annick,Vrouwelijk,04/25/2019
Aalter,Inge,Vrouwelijk,04/29/2019
Fleurus,Antonella,Vrouwelijk,05/05/2019
Leuven,Louis,Mannelijk,05/03/2019
Charleroi,Samia,Vrouwelijk,04/30/2019
Charleroi,Rocco,Mannelijk,05/01/2019
Gent,Ilse,Vrouwelijk,05/03/2019
Eigenbrakel,Céline,Vrouwelijk,05/12/2019
’s Gravenbrakel,Michel,Mannelijk,05/17/2019
Aat,Aline,Vrouwelijk,05/10/2019
Bilzen,Ferre,Mannelijk,04/26/2019
Aalter,Mariette,Vrouwelijk,05/04/2019
Blegny,Jean,Mannelijk,05/03/2019
Anderlecht,Hussein,Mannelijk,05/15/2019
Bergen,Kahina,Vrouwelijk,04/30/2019
Oostende,Luana,Vrouwelijk,05/02/2019
Raeren,Paula,Vrouwelijk,04/24/2019
Antwerpen,Patrick,Mannelijk,05/05/2019
Berlaar,Bart,Mannelijk,05/21/2019
Fontaine-l’Evêque,Claude,Mannelijk,05/03/2019
Verviers,Michaël,Mannelijk,04/30/2019
Wemmel,Léopold,Mannelijk,05/26/2019
Merchtem,Rita,Vrouwelijk,05/04/2019
Turnhout,Kristine,Vrouwelijk,04/30/2019
Doornik,Catherine,Vrouwelijk,05/09/2019
Grâce-Hollogne,Marcel,Mannelijk,05/03/2019
Sint-Truiden,Marleen,Vrouwelijk,06/23/2019
Zinnik,Jean,Mannelijk,05/12/2019
Antwerpen,Emma,Vrouwelijk,04/26/2019
Doornik,Mary,Vrouwelijk,04/30/2019
Evere,Youssef,Mannelijk,05/01/2019
Houyet,Olivier,Mannelijk,04/22/2019
Kasteelbrakel,Fabian,Mannelijk,04/29/2019
Borgworm,Joseph,Mannelijk,05/01/2019
Gavere,Luc,Mannelijk,05/11/2019
Gent,Thomas,Mannelijk,05/19/2019
Charleroi,Ricardo,Mannelijk,04/30/2019
Deinze,Leen,Vrouwelijk,05/08/2019
Dalhem,Marie-Thérèse,Vrouwelijk,05/05/2019
Lier,Leon,Mannelijk,04/22/2019
Overijse,Gregory,Mannelijk,05/03/2019
Oudsbergen,Myriam,Vrouwelijk,05/06/2019
Esneux,Jessica,Vrouwelijk,05/12/2019
Dilsen-Stokkem,Maria,Vrouwelijk,04/27/2019
Gent,Maxim,Mannelijk,05/04/2019
Komen-Waasten,Claudine,Vrouwelijk,05/02/2019
Châtelet,Anne,Vrouwelijk,04/28/2019
Nijvel,Xavier,Mannelijk,05/12/2019
Leuven,Joachim,Mannelijk,04/29/2019
Koksijde,Lukas,Mannelijk,04/30/2019
