gemeente,naam,geslacht,verwachte datum
Boom,Katrin,Vrouwelijk,04/07/2019
Anderlecht,Sirine,Vrouwelijk,04/18/2019
Antwerpen,Farid,Mannelijk,04/19/2019
Kruisem,Arthur,Mannelijk,04/02/2019
Bergen,Jerry,Mannelijk,04/04/2019
Herstal,Tom,Mannelijk,04/02/2019
Dinant,Alex,Mannelijk,04/11/2019
Gent,Melis,Vrouwelijk,04/05/2019
Anderlecht,Germaine,Vrouwelijk,05/03/2019
Dison,Antonio,Mannelijk,04/14/2019
Beringen,Dominique,Mannelijk,04/17/2019
Elsene,François,Mannelijk,04/20/2019
Antwerpen,Christiana,Vrouwelijk,04/14/2019
Le Roeulx,Marie-Louise,Vrouwelijk,04/12/2019
Hamme (Dendermonde),Jessica,Vrouwelijk,04/01/2019
Sint-Jans-Molenbeek,Sabrina,Vrouwelijk,04/09/2019
Antwerpen,Saida,Vrouwelijk,04/12/2019
Schaarbeek,Diego,Mannelijk,04/13/2019
Dilbeek,Urbain,Mannelijk,04/10/2019
Grimbergen,Mounir,Mannelijk,04/11/2019
Oostkamp,Axelle,Vrouwelijk,04/09/2019
Antwerpen,Fatih,Mannelijk,04/13/2019
Lasne,Frédéric,Mannelijk,04/11/2019
Antwerpen,Osman,Mannelijk,04/12/2019
Sint-Niklaas (Sint-Niklaas),Olivier,Mannelijk,04/18/2019
Menen,Ethan,Mannelijk,04/18/2019
Komen-Waasten,Luc,Mannelijk,04/15/2019
Luik,Etienne,Mannelijk,04/05/2019
Luik,Joseph,Mannelijk,04/06/2019
Messancy,Daniel,Mannelijk,04/05/2019
Zemst,Sterre,Vrouwelijk,04/26/2019
Gent,Davina,Vrouwelijk,04/13/2019
La Louvière,Alissia,Vrouwelijk,04/11/2019
Hemiksem,Chloë,Vrouwelijk,05/04/2019
Brugge,Brian,Mannelijk,04/06/2019
Zottegem,Daniël,Mannelijk,04/03/2019
Ichtegem,Magda,Vrouwelijk,04/10/2019
Boechout,Diane,Vrouwelijk,04/05/2019
Ternat,Imke,Vrouwelijk,04/03/2019
Temse,Yana,Vrouwelijk,04/18/2019
Beauraing,Philippe,Mannelijk,04/29/2019
Ieper,Sven,Mannelijk,04/06/2019
Pepinster,Isabelle,Vrouwelijk,04/11/2019
Lokeren,Erik,Mannelijk,04/12/2019
Dendermonde,Mats,Mannelijk,04/17/2019
Gent,Pierre,Mannelijk,04/26/2019
Oostkamp,Dominiek,Mannelijk,04/20/2019
Oupeye,Laurent,Mannelijk,05/13/2019
Bitsingen,Brigitte,Vrouwelijk,04/16/2019
Léglise,Maxime,Mannelijk,04/12/2019
Wevelgem,Kimberly,Vrouwelijk,04/01/2019
Scherpenheuvel-Zichem,Anke,Vrouwelijk,04/15/2019
Menen,Bart,Mannelijk,04/16/2019
Ternat,Céline,Vrouwelijk,04/06/2019
Sint-Truiden,Daniël,Mannelijk,04/08/2019
Kuurne,Carlos,Mannelijk,04/14/2019
Diepenbeek,Jean,Mannelijk,04/01/2019
Liedekerke,Frans,Mannelijk,04/19/2019
Ninove,Milan,Mannelijk,04/09/2019
Balen,Diana,Vrouwelijk,04/06/2019
Gavere,Sabine,Vrouwelijk,05/19/2019
Ukkel,Claudine,Vrouwelijk,04/20/2019
Oudenburg,Natacha,Vrouwelijk,04/03/2019
Retie,Raf,Mannelijk,04/17/2019
Veurne,Robin,Mannelijk,04/13/2019
Kruibeke,Albert,Mannelijk,04/13/2019
Oudenaarde,Peter,Mannelijk,04/19/2019
Brussel,Louis,Mannelijk,04/16/2019
Lokeren,Theophiel,Mannelijk,04/16/2019
Deinze,Elke,Vrouwelijk,04/09/2019
Eigenbrakel,Thierry,Mannelijk,04/12/2019
Wommelgem,Margot,Vrouwelijk,03/31/2019
Antoing,Philippe,Mannelijk,04/18/2019
Landen,Helena,Vrouwelijk,04/15/2019
Genk,Sara,Vrouwelijk,04/06/2019
Stoumont,Joseph,Mannelijk,04/19/2019
Willebroek,Isabelle,Vrouwelijk,05/25/2019
Lier,Tijl,Mannelijk,04/10/2019
Aarlen,Nathalie,Vrouwelijk,03/31/2019
Deerlijk,Sylvie,Vrouwelijk,04/11/2019
Blankenberge,Willy,Mannelijk,04/20/2019
Borgworm,Eric,Mannelijk,04/13/2019
Elsene,Miriam,Vrouwelijk,04/12/2019
Terhulpen,Willy,Mannelijk,05/29/2019
Schaarbeek,Marc,Mannelijk,05/10/2019
Sint-Truiden,Chantal,Vrouwelijk,04/17/2019
Ninove,Jessica,Vrouwelijk,05/24/2019
Bergen,Julia,Vrouwelijk,04/12/2019
Nandrin,Christine,Vrouwelijk,04/08/2019
Châtelet,Christine,Vrouwelijk,04/18/2019
Sint-Pieters-Leeuw,Viviane,Vrouwelijk,04/18/2019
Gent,Yves,Mannelijk,04/08/2019
Doornik,Thomas,Mannelijk,04/07/2019
Koekelare,Bart,Mannelijk,04/03/2019
Namen,René,Mannelijk,04/18/2019
Lanaken,Marco,Mannelijk,04/11/2019
Edegem,Iman,Vrouwelijk,04/09/2019
Grimbergen,Joris,Mannelijk,04/09/2019
Zottegem,Christa,Vrouwelijk,04/04/2019
Tielt (Tielt),Stefanie,Vrouwelijk,04/21/2019
Schaarbeek,Anissa,Vrouwelijk,05/28/2019
Rotselaar,Daniël,Mannelijk,04/06/2019
Charleroi,Louca,Mannelijk,04/08/2019
Antwerpen,Jeroen,Mannelijk,04/17/2019
Herselt,Louis,Mannelijk,04/09/2019
Oudsbergen,Lotte,Vrouwelijk,04/10/2019
Etterbeek,Caroline,Vrouwelijk,05/04/2019
Gent,Jonathan,Mannelijk,04/09/2019
Hannuit,Philippine,Vrouwelijk,04/08/2019
Temse,Maria,Vrouwelijk,04/07/2019
Kortrijk,Andre,Mannelijk,04/01/2019
Welkenraedt,Mathilde,Vrouwelijk,04/19/2019
Sint-Agatha-Berchem,Lena,Vrouwelijk,04/13/2019
Nazareth,Veronique,Vrouwelijk,04/20/2019
Hove (Antwerpen),Hanna,Vrouwelijk,04/13/2019
Gent,Erlend,Mannelijk,04/14/2019
Antwerpen,Sulaiman,Mannelijk,04/16/2019
Frameries,Carmelo,Mannelijk,04/10/2019
Kortenaken,Anke,Vrouwelijk,04/20/2019
Lier,Jozef,Mannelijk,04/12/2019
Sint-Niklaas (Sint-Niklaas),Johan,Mannelijk,04/06/2019
Ganshoren,Luna,Vrouwelijk,04/15/2019
Brussel,Margaux,Vrouwelijk,04/05/2019
Sint-Niklaas (Sint-Niklaas),Dieter,Mannelijk,04/19/2019
Sint-Niklaas (Sint-Niklaas),Warre,Mannelijk,04/23/2019
Doornik,Carole,Vrouwelijk,05/03/2019
Verviers,Siham,Vrouwelijk,04/08/2019
Léglise,Frédérique,Vrouwelijk,04/19/2019
Nijvel,Joël,Mannelijk,04/15/2019
Schaarbeek,Aicha,Vrouwelijk,04/16/2019
’s Gravenbrakel,Daniel,Mannelijk,04/15/2019
Kruisem,Sarah,Vrouwelijk,04/26/2019
Sprimont,Muriel,Vrouwelijk,04/10/2019
Ieper,Josephine,Vrouwelijk,04/08/2019
Esneux,Alain,Mannelijk,04/15/2019
Boechout,Elias,Mannelijk,04/07/2019
Graven,Emeline,Vrouwelijk,05/09/2019
Putte,Bart,Mannelijk,04/07/2019
Sint-Truiden,Thibeau,Mannelijk,04/13/2019
Graven,François,Mannelijk,04/07/2019
Turnhout,Ann,Vrouwelijk,04/27/2019
Jette,Jacky,Mannelijk,04/02/2019
Wuustwezel,Hans,Mannelijk,04/10/2019
Gent,Noor,Vrouwelijk,04/14/2019
Maasmechelen,Nicola,Mannelijk,04/16/2019
Namen,Jean,Mannelijk,04/11/2019
Harelbeke,Pascal,Mannelijk,04/10/2019
Engis,Jeanne,Vrouwelijk,04/18/2019
Antwerpen,Tamerlan,Mannelijk,04/07/2019
Koksijde,Hanne,Vrouwelijk,04/09/2019
Mechelen,Tobias,Mannelijk,04/11/2019
Brasschaat,Dennis,Mannelijk,04/10/2019
Kasterlee,Jozef,Mannelijk,04/10/2019
Antwerpen,Nathalie,Vrouwelijk,04/17/2019
Jemeppe-sur-Sambre,Jacques,Mannelijk,04/04/2019
Lievegem,Annie,Vrouwelijk,04/05/2019
Koekelberg,Nisrine,Vrouwelijk,04/13/2019
Bonheiden,Sonja,Vrouwelijk,04/07/2019
Koksijde,Mathias,Mannelijk,04/24/2019
Nijlen,Caroline,Vrouwelijk,04/10/2019
Couvin,Clémence,Vrouwelijk,04/20/2019
Charleroi,Emma,Vrouwelijk,05/22/2019
Luik,Geoffrey,Mannelijk,04/06/2019
Pelt,Bryan,Mannelijk,04/19/2019
La Louvière,Nadine,Vrouwelijk,04/14/2019
Bilzen,Jozef,Mannelijk,04/17/2019
Brecht,Pascale,Vrouwelijk,04/02/2019
Brussel,Nathalie,Vrouwelijk,04/10/2019
Antwerpen,Joanna,Vrouwelijk,04/19/2019
Luik,Saeed,Mannelijk,04/12/2019
Ukkel,Christine,Vrouwelijk,05/04/2019
Anderlecht,Jean-Pol,Mannelijk,04/17/2019
Antwerpen,Kristoffel,Mannelijk,04/17/2019
Sint-Gillis,Anne,Vrouwelijk,05/03/2019
Waterloo,Guy,Mannelijk,05/02/2019
Hamois,Sophie,Vrouwelijk,04/08/2019
Itter,Dominique,Mannelijk,04/07/2019
Herselt,Kevin,Mannelijk,04/06/2019
Bree,Pieter,Mannelijk,05/23/2019
Aalst (Aalst),Adam,Mannelijk,04/03/2019
Stekene,Betty,Vrouwelijk,04/03/2019
Laakdal,Gerarda,Vrouwelijk,03/31/2019
Heuvelland,Marie,Vrouwelijk,04/17/2019
Oudsbergen,Tine,Vrouwelijk,04/09/2019
Halle (Halle-Vilvoorde),Johan,Mannelijk,04/07/2019
Amay,David,Mannelijk,04/27/2019
Hasselt,Ellen,Vrouwelijk,04/14/2019
Villers-la-Ville,Céline,Vrouwelijk,04/19/2019
Tongeren,Lisette,Vrouwelijk,04/07/2019
Evergem,Jan,Mannelijk,03/31/2019
Oudenaarde,Patricia,Vrouwelijk,04/20/2019
Linter,Ruben,Mannelijk,04/08/2019
Wortegem-Petegem,Dirk,Mannelijk,04/14/2019
Doornik,Marc,Mannelijk,05/28/2019
Elsene,Damien,Mannelijk,04/04/2019
Anderlecht,Ayoub,Mannelijk,05/04/2019
Brussel,Marina,Vrouwelijk,04/07/2019
Dendermonde,Anita,Vrouwelijk,04/15/2019
Luik,Rui,Mannelijk,04/09/2019
Genk,Veerle,Vrouwelijk,04/22/2019
Kontich,Franciscus,Mannelijk,04/11/2019
Namen,François,Mannelijk,04/12/2019
Ninove,Johnny,Mannelijk,04/04/2019
Diest,Christiane,Vrouwelijk,04/13/2019
Beveren (Sint-Niklaas),Andréa,Vrouwelijk,04/09/2019
Anderlecht,Jimmy,Mannelijk,04/10/2019
Bredene,Tommy,Mannelijk,04/25/2019
Herve,Laura,Vrouwelijk,04/15/2019
Saint-Nicolas (Luik),Kevin,Mannelijk,04/12/2019
Liedekerke,Nadia,Vrouwelijk,04/16/2019
Brussel,Yago,Mannelijk,04/20/2019
Aiseau-Presles,Lorenzo,Mannelijk,05/01/2019
Dilbeek,Guillaume,Mannelijk,04/15/2019
De Haan,Wim,Mannelijk,04/14/2019
Kortenberg,Yolande,Vrouwelijk,04/09/2019
Diest,Nora,Vrouwelijk,04/16/2019
Sint-Gillis,Yasmine,Vrouwelijk,04/08/2019
Menen,Jennifer,Vrouwelijk,04/27/2019
Quiévrain,Jean,Mannelijk,04/03/2019
Leuven,Sien,Vrouwelijk,03/31/2019
Ukkel,Johanna,Vrouwelijk,04/04/2019
La Louvière,Nicolas,Mannelijk,04/23/2019
Namen,Megane,Vrouwelijk,04/08/2019
Brussel,Maissa,Vrouwelijk,04/15/2019
Sint-Jans-Molenbeek,Aurore,Vrouwelijk,04/24/2019
Flémalle,Serge,Mannelijk,04/19/2019
Kapellen (Antwerpen),Sabine,Vrouwelijk,05/10/2019
Pepinster,Jérôme,Mannelijk,04/20/2019
Aat,Pierre,Mannelijk,05/27/2019
Namen,Yasmina,Vrouwelijk,04/04/2019
Sprimont,Florian,Mannelijk,04/16/2019
Herstal,Francesco,Mannelijk,04/07/2019
Zottegem,Linda,Vrouwelijk,04/10/2019
Luik,Mohamed,Mannelijk,04/18/2019
Hechtel-Eksel,Marcel,Mannelijk,04/19/2019
Saint-Nicolas (Luik),Gabriella,Vrouwelijk,04/14/2019
Beersel,Ahmed,Mannelijk,04/10/2019
Beveren (Sint-Niklaas),Xander,Mannelijk,04/09/2019
Sprimont,Maxence,Mannelijk,04/07/2019
Wanze,David,Mannelijk,04/07/2019
Waregem,Olivier,Mannelijk,04/09/2019
Verviers,Vincent,Mannelijk,04/15/2019
Burdinne,Pierre,Mannelijk,05/01/2019
Veurne,Jimmy,Mannelijk,04/24/2019
Mortsel,Nadine,Vrouwelijk,04/13/2019
Beerse,Elza,Vrouwelijk,04/10/2019
Vorst (Brussel-Hoofdstad),Romain,Mannelijk,04/08/2019
Anzegem,Martine,Vrouwelijk,04/20/2019
Wommelgem,Marc,Mannelijk,04/17/2019
Schaarbeek,Abdul,Mannelijk,04/10/2019
Oudergem,Julien,Mannelijk,04/15/2019
Herstal,Giulia,Vrouwelijk,04/08/2019
Haaltert,Jochen,Mannelijk,04/24/2019
Ham,Eveline,Vrouwelijk,03/31/2019
Vilvoorde,Loubna,Vrouwelijk,04/03/2019
Laakdal,Francine,Vrouwelijk,04/21/2019
Bertem,Pierre,Mannelijk,05/24/2019
Beerse,Michelle,Vrouwelijk,04/12/2019
Ukkel,Beata,Vrouwelijk,04/12/2019
Lede,Anna,Vrouwelijk,04/03/2019
Geldenaken,Nathalie,Vrouwelijk,04/06/2019
Torhout,Emma,Vrouwelijk,04/16/2019
Ottignies-Louvain-la-Neuve,Geneviève,Vrouwelijk,04/13/2019
Evergem,Yvan,Mannelijk,04/17/2019
Héron,Céline,Vrouwelijk,04/07/2019
Arendonk,Jennifer,Vrouwelijk,04/14/2019
Ganshoren,Chantal,Vrouwelijk,04/12/2019
Bilzen,Ghislaine,Vrouwelijk,04/21/2019
Halle (Halle-Vilvoorde),Nicole,Vrouwelijk,04/17/2019
Destelbergen,Robby,Mannelijk,04/04/2019
Beveren (Sint-Niklaas),Marcel,Mannelijk,04/01/2019
Antwerpen,Freddy,Mannelijk,04/09/2019
Hamont-Achel,Kelly,Vrouwelijk,05/02/2019
Putte,Rita,Vrouwelijk,03/31/2019
Diksmuide,Francine,Vrouwelijk,04/20/2019
Oud-Heverlee,Arlette,Vrouwelijk,04/17/2019
Messancy,Hugo,Mannelijk,04/27/2019
Wemmel,Jamila,Vrouwelijk,04/02/2019
Sint-Jans-Molenbeek,Jamila,Vrouwelijk,04/12/2019
Scherpenheuvel-Zichem,Monique,Vrouwelijk,04/18/2019
Niel,Jurgen,Mannelijk,04/14/2019
Charleroi,Benoit,Mannelijk,04/29/2019
Lebbeke,Betty,Vrouwelijk,04/07/2019
Antwerpen,Patricia,Vrouwelijk,04/11/2019
Zedelgem,Hans,Mannelijk,04/16/2019
Zulte,Eric,Mannelijk,04/09/2019
Profondeville,Alain,Mannelijk,04/19/2019
Jabbeke,Chantal,Vrouwelijk,04/21/2019
Weismes,Chantal,Vrouwelijk,06/02/2019
Fleurus,Cathy,Vrouwelijk,04/11/2019
Lier,Tomasz,Mannelijk,04/11/2019
Genk,Ali,Mannelijk,04/12/2019
Beersel,Audrey,Vrouwelijk,04/13/2019
Kruisem,Kristof,Mannelijk,04/04/2019
Soumagne,Manon,Vrouwelijk,04/10/2019
Evergem,Hilde,Vrouwelijk,04/11/2019
Beringen,Arife,Vrouwelijk,03/31/2019
Frameries,Marie,Vrouwelijk,04/13/2019
Antwerpen,Hazal,Vrouwelijk,04/14/2019
Evergem,Wesley,Mannelijk,04/23/2019
Knokke-Heist,Stijn,Mannelijk,04/07/2019
La Louvière,Matteo,Mannelijk,04/14/2019
Roeselare,Ann-Sophie,Vrouwelijk,04/30/2019
Borsbeek,Sandra,Vrouwelijk,05/22/2019
Villers-la-Ville,Alexandre,Mannelijk,04/30/2019
Heist-op-den-Berg,Maria,Vrouwelijk,04/07/2019
La Bruyère,Pascale,Vrouwelijk,04/07/2019
Hamme (Dendermonde),Brigitte,Vrouwelijk,04/02/2019
Zedelgem,Hannah,Vrouwelijk,04/20/2019
Bitsingen,Alain,Mannelijk,04/14/2019
Nazareth,Jan,Mannelijk,04/20/2019
Charleroi,Marcel,Mannelijk,04/11/2019
Kuurne,Nico,Mannelijk,04/12/2019
Bitsingen,Dominique,Mannelijk,04/03/2019
Moeskroen,Ludivine,Vrouwelijk,04/28/2019
Tessenderlo,Johan,Mannelijk,04/03/2019
Luik,Louis,Mannelijk,04/04/2019
Brugge,Jan,Mannelijk,05/22/2019
Gent,Radka,Vrouwelijk,04/04/2019
Chastre,Olivier,Mannelijk,04/08/2019
Vilvoorde,Dylan,Mannelijk,04/27/2019
