gemeente,naam,geslacht,verwachte datum
Jurbeke,Jeanine,Vrouwelijk,06/04/2019
Zele,Thierry,Mannelijk,05/21/2019
Leuven,Kaat,Vrouwelijk,05/30/2019
Putte,Charlotte,Vrouwelijk,06/07/2019
Lummen,Lisa,Vrouwelijk,05/31/2019
Ganshoren,Imane,Vrouwelijk,06/05/2019
Doornik,Chantal,Vrouwelijk,05/21/2019
Wervik,Edgard,Mannelijk,05/31/2019
Waregem,Mia,Vrouwelijk,05/31/2019
Zonnebeke,Ronny,Mannelijk,06/06/2019
Schilde,Ingrid,Vrouwelijk,05/27/2019
Binche,Paulette,Vrouwelijk,06/02/2019
Charleroi,Mehmet,Mannelijk,06/06/2019
Hamois,Emmanuel,Mannelijk,06/02/2019
Hoeilaart,Marina,Vrouwelijk,05/30/2019
Namen,Dominique,Vrouwelijk,05/25/2019
Saint-Hubert,Victor,Mannelijk,05/25/2019
Zinnik,Sylvie,Vrouwelijk,06/07/2019
Knokke-Heist,Petra,Vrouwelijk,05/25/2019
Oudsbergen,Ghislaine,Vrouwelijk,05/20/2019
Antwerpen,Daniëlla,Vrouwelijk,06/04/2019
Deinze,Jos,Mannelijk,05/27/2019
Zulte,Julien,Mannelijk,06/21/2019
Brussel,Soumaya,Vrouwelijk,06/05/2019
Putte,Maria,Vrouwelijk,05/21/2019
Jette,Kévin,Mannelijk,05/27/2019
Lennik,Louis,Mannelijk,05/22/2019
Chapelle-lez-Herlaimont,Vinciane,Vrouwelijk,06/01/2019
Aalst (Aalst),Arno,Mannelijk,06/19/2019
Malmedy,Monique,Vrouwelijk,05/21/2019
Malmedy,Alain,Mannelijk,05/30/2019
Hoei,Vanessa,Vrouwelijk,05/24/2019
Genk,Silvana,Vrouwelijk,06/08/2019
Beveren (Sint-Niklaas),Linda,Vrouwelijk,05/27/2019
Florennes,Nathalie,Vrouwelijk,06/18/2019
Namen,Jean-Pierre,Mannelijk,06/03/2019
Charleroi,Yassine,Mannelijk,06/02/2019
Aartselaar,Ludovicus,Mannelijk,06/03/2019
Luik,Bernardo,Mannelijk,05/25/2019
Binche,Victoria,Vrouwelijk,05/30/2019
Antwerpen,Henri,Mannelijk,05/29/2019
Mettet,Olivier,Mannelijk,05/30/2019
Hamme (Dendermonde),Jan,Mannelijk,05/29/2019
Overijse,Emiel,Mannelijk,05/29/2019
Hooglede,Nick,Mannelijk,06/07/2019
Aalst (Aalst),Ferdinand,Mannelijk,05/31/2019
Amay,Nadine,Vrouwelijk,06/18/2019
Geel,Anja,Vrouwelijk,06/11/2019
Zemst,Siebe,Mannelijk,05/30/2019
Brussel,Sarah,Vrouwelijk,06/06/2019
Mechelen,Hans,Mannelijk,05/28/2019
Charleroi,Céline,Vrouwelijk,05/29/2019
Watermaal-Bosvoorde,Marion,Vrouwelijk,06/02/2019
Wanze,Sylvie,Vrouwelijk,05/27/2019
Herentals,Marleen,Vrouwelijk,05/26/2019
Sint-Genesius-Rode,Julie,Vrouwelijk,05/28/2019
Zulte,Wim,Mannelijk,05/31/2019
Borgworm,Mathieu,Mannelijk,05/26/2019
Aubel,Edouard,Mannelijk,05/26/2019
Kortrijk,Sarah,Vrouwelijk,05/18/2019
Gent,Lieven,Mannelijk,06/19/2019
Schaarbeek,Saâd,Mannelijk,06/06/2019
Kortrijk,Shane,Mannelijk,06/05/2019
Gent,Brian,Mannelijk,06/01/2019
Zonhoven,Danny,Mannelijk,05/27/2019
Assenede,Linda,Vrouwelijk,05/27/2019
Galmaarden,Evi,Vrouwelijk,06/18/2019
Riemst,Hubertus,Mannelijk,05/18/2019
Houthalen-Helchteren,William,Mannelijk,06/20/2019
Beerse,Jens,Mannelijk,06/06/2019
Izegem,Linda,Vrouwelijk,05/29/2019
Flémalle,Madeleine,Vrouwelijk,05/31/2019
Grâce-Hollogne,David,Mannelijk,05/26/2019
Brugge,Sandra,Vrouwelijk,05/26/2019
Ieper,Claudine,Vrouwelijk,05/19/2019
Messancy,Sylvie,Vrouwelijk,05/19/2019
Herstal,Bryan,Mannelijk,05/31/2019
Waregem,Willem,Mannelijk,06/06/2019
Gent,Cassandra,Vrouwelijk,05/27/2019
Anderlecht,Johnny,Mannelijk,06/07/2019
Brussel,Abdellah,Mannelijk,06/08/2019
Antwerpen,Nico,Mannelijk,06/02/2019
Brussel,Jean-François,Mannelijk,05/27/2019
Frasnes-lez-Anvaing,Thomas,Mannelijk,06/05/2019
Kalmthout,Gert,Mannelijk,06/01/2019
Genk,Soufiane,Mannelijk,06/02/2019
Oosterzele,Cecile,Vrouwelijk,05/28/2019
Herent,Annelies,Vrouwelijk,05/29/2019
Neufchâteau (Neufchâteau),Simon,Mannelijk,06/04/2019
Veurne,Carine,Vrouwelijk,06/09/2019
Sambreville,Miguel,Mannelijk,06/09/2019
Mettet,Morgane,Vrouwelijk,06/02/2019
Kampenhout,Sabrina,Vrouwelijk,06/03/2019
Galmaarden,Nathalie,Vrouwelijk,06/03/2019
Leuven,Davy,Mannelijk,05/21/2019
Oud-Turnhout,Godeliva,Vrouwelijk,05/21/2019
Antwerpen,Saâdia,Vrouwelijk,07/22/2019
Gesves,Achille,Mannelijk,05/22/2019
Sint-Jans-Molenbeek,Ferdaous,Vrouwelijk,06/08/2019
Leopoldsburg,Inge,Vrouwelijk,05/22/2019
Sint-Jans-Molenbeek,Dania,Vrouwelijk,06/01/2019
Antwerpen,Annitta,Vrouwelijk,06/10/2019
Hove (Antwerpen),Kobe,Mannelijk,06/21/2019
Anderlecht,Chaima,Vrouwelijk,05/20/2019
Bonheiden,An,Vrouwelijk,05/25/2019
Sint-Truiden,Kurt,Mannelijk,06/12/2019
Ganshoren,Thierry,Mannelijk,05/30/2019
Kasterlee,Ludovica,Vrouwelijk,06/06/2019
Chimay,Théo,Mannelijk,05/29/2019
Waregem,Delphine,Vrouwelijk,05/27/2019
Knokke-Heist,Frans,Mannelijk,05/31/2019
Ieper,Heidi,Vrouwelijk,05/21/2019
Staden,Thomas,Mannelijk,06/06/2019
Fosses-la-Ville,Pol,Mannelijk,05/29/2019
Hamont-Achel,Rayan,Mannelijk,05/30/2019
Sint-Niklaas (Sint-Niklaas),Emma,Vrouwelijk,06/13/2019
Laarne,Juliette,Vrouwelijk,06/05/2019
Zinnik,Isabelle,Vrouwelijk,05/30/2019
Luik,Yanis,Mannelijk,05/31/2019
Ham-sur-Heure-Nalinnes,Sabine,Vrouwelijk,05/18/2019
Schaarbeek,Céline,Vrouwelijk,05/31/2019
Verviers,Marc,Mannelijk,06/07/2019
Vosselaar,Renatus,Mannelijk,05/30/2019
Antwerpen,Imane,Vrouwelijk,05/20/2019
Fosses-la-Ville,Madeleine,Vrouwelijk,06/04/2019
Brussel,Mohamed,Mannelijk,05/29/2019
Edegem,Alexis,Mannelijk,06/02/2019
Saint-Ghislain,Ingrid,Vrouwelijk,06/01/2019
Kortrijk,Liliane,Vrouwelijk,05/31/2019
Antwerpen,Nore,Vrouwelijk,05/23/2019
Hastière,Nicole,Vrouwelijk,06/06/2019
Lo-Reninge,Eddy,Mannelijk,05/31/2019
Antwerpen,Ethan,Mannelijk,05/26/2019
Amay,Mariette,Vrouwelijk,05/26/2019
Zottegem,Cedric,Mannelijk,06/03/2019
Tubeke,Morgane,Vrouwelijk,05/20/2019
Sombreffe,Morgane,Vrouwelijk,05/28/2019
Mechelen,Louise,Vrouwelijk,05/26/2019
Waver,Joël,Mannelijk,06/23/2019
Retie,Mies,Vrouwelijk,05/31/2019
Beersel,Godelieve,Vrouwelijk,06/06/2019
Nijlen,Steven,Mannelijk,06/12/2019
Antwerpen,Eduard,Mannelijk,05/31/2019
Sint-Niklaas (Sint-Niklaas),Ines,Vrouwelijk,06/05/2019
Oostende,Yvonne,Vrouwelijk,05/31/2019
Flémalle,Charline,Vrouwelijk,05/27/2019
Brussel,Ana,Vrouwelijk,05/23/2019
Maasmechelen,Irem,Vrouwelijk,06/04/2019
Zinnik,Francis,Mannelijk,07/11/2019
Fontaine-l’Evêque,Christophe,Mannelijk,05/28/2019
Hasselt,Hendrik,Mannelijk,06/05/2019
Tinlot,Marie,Vrouwelijk,05/26/2019
Nandrin,Claude,Mannelijk,05/30/2019
Etterbeek,David,Mannelijk,05/31/2019
Waregem,Pascal,Mannelijk,05/30/2019
Eigenbrakel,Stéphan,Mannelijk,05/19/2019
Grâce-Hollogne,Sacha,Mannelijk,05/25/2019
Binche,Gabriel,Mannelijk,05/31/2019
Wezembeek-Oppem,Françoise,Vrouwelijk,05/28/2019
Eigenbrakel,Sami,Mannelijk,06/05/2019
Antwerpen,Francine,Vrouwelijk,06/03/2019
Etterbeek,Eleonora,Vrouwelijk,06/02/2019
Brakel,Bram,Mannelijk,05/31/2019
Wingene,Franky,Mannelijk,05/22/2019
Luik,Yves,Mannelijk,05/30/2019
Ottignies-Louvain-la-Neuve,Rita,Vrouwelijk,05/31/2019
Leuven,Fatma,Vrouwelijk,06/05/2019
Anderlecht,Olivier,Mannelijk,06/10/2019
Halen,Liam,Mannelijk,06/07/2019
Walhain,Benoit,Mannelijk,05/19/2019
Antwerpen,Jan,Mannelijk,05/29/2019
Le Roeulx,Kelly,Vrouwelijk,06/07/2019
Antwerpen,Josephine,Vrouwelijk,05/22/2019
Kapellen (Antwerpen),Godelieve,Vrouwelijk,06/04/2019
Doornik,Maxence,Mannelijk,06/16/2019
Charleroi,Laurie,Vrouwelijk,05/30/2019
Chastre,Gérard,Mannelijk,05/27/2019
Lendelede,Pieter-Jan,Mannelijk,05/24/2019
Zwalm,Catherine,Vrouwelijk,07/21/2019
Charleroi,Katia,Vrouwelijk,05/31/2019
Denderleeuw,Ruben,Mannelijk,05/31/2019
Ronse,Cécile,Vrouwelijk,05/27/2019
Lummen,Seppe,Mannelijk,05/30/2019
Meise,Vincent,Mannelijk,05/27/2019
Lede,Femke,Vrouwelijk,05/26/2019
Antwerpen,Hans,Mannelijk,05/31/2019
Villers-la-Ville,Jean,Mannelijk,06/10/2019
Antwerpen,Daniel,Mannelijk,06/11/2019
Jalhay,Benoît,Mannelijk,06/10/2019
Stoumont,Nathalie,Vrouwelijk,05/28/2019
Herent,Maria,Vrouwelijk,07/23/2019
Kortrijk,Henriette,Vrouwelijk,05/25/2019
Chaudfontaine,Vincent,Mannelijk,05/30/2019
Anderlecht,Israa,Vrouwelijk,05/18/2019
Schaarbeek,Hamza,Mannelijk,06/14/2019
Tielt-Winge,Rik,Mannelijk,05/30/2019
Beersel,Anne,Vrouwelijk,07/07/2019
Les Bons Villers,Pierre,Mannelijk,05/27/2019
Gent,Anna,Vrouwelijk,06/19/2019
Gent,Daan,Mannelijk,05/25/2019
Rotselaar,Pieter,Mannelijk,06/18/2019
Antwerpen,Yusuf,Mannelijk,06/01/2019
Dilbeek,Amélie,Vrouwelijk,05/29/2019
Heusden-Zolder,Daan,Mannelijk,05/28/2019
Kortrijk,Arnold,Mannelijk,05/30/2019
Welkenraedt,Marie,Vrouwelijk,05/29/2019
Ukkel,Aïcha,Vrouwelijk,05/21/2019
Aubange,Elisa,Vrouwelijk,05/30/2019
Doornik,Charlotte,Vrouwelijk,06/07/2019
Frameries,Mélanie,Vrouwelijk,05/29/2019
Binche,Arnaud,Mannelijk,06/09/2019
Leopoldsburg,Julia,Vrouwelijk,06/07/2019
Lens,Jean,Mannelijk,06/13/2019
Ieper,Dylan,Mannelijk,05/28/2019
Schilde,Sofie,Vrouwelijk,06/11/2019
Charleroi,Yves,Mannelijk,06/03/2019
Antwerpen,Marc,Mannelijk,05/26/2019
Stekene,Martine,Vrouwelijk,05/28/2019
Sint-Niklaas (Sint-Niklaas),An,Vrouwelijk,06/01/2019
Turnhout,Wilfried,Mannelijk,05/23/2019
Kortenberg,Pauline,Vrouwelijk,06/07/2019
Mol,Jef,Mannelijk,05/26/2019
Antwerpen,Bernard,Mannelijk,06/04/2019
Gembloux,Aude,Vrouwelijk,06/02/2019
Evere,Adam,Mannelijk,06/07/2019
Gent,Arnold,Mannelijk,05/31/2019
Leuven,Sven,Mannelijk,06/02/2019
Turnhout,Marian,Mannelijk,05/30/2019
Namen,Monique,Vrouwelijk,06/07/2019
Anderlecht,Abdel,Mannelijk,06/04/2019
Waterloo,Laurie,Vrouwelijk,05/19/2019
Sint-Lievens-Houtem,Kelly,Vrouwelijk,05/30/2019
Kontich,Christine,Vrouwelijk,05/29/2019
Genk,Fatma,Vrouwelijk,05/31/2019
Soumagne,Yvette,Vrouwelijk,05/26/2019
Hooglede,Karen,Vrouwelijk,05/26/2019
Ichtegem,Patrick,Mannelijk,05/22/2019
Antwerpen,Yulia,Vrouwelijk,05/28/2019
Hamme (Dendermonde),Freddy,Mannelijk,05/26/2019
Beersel,Arlette,Vrouwelijk,05/20/2019
Waregem,Mireille,Vrouwelijk,06/02/2019
Sint-Agatha-Berchem,Fadma,Vrouwelijk,05/28/2019
Sint-Gillis,Fatima,Vrouwelijk,06/02/2019
Boom,Seppe,Mannelijk,06/01/2019
Tubeke,Fernand,Mannelijk,05/23/2019
Sint-Truiden,Joseph,Mannelijk,06/01/2019
Ledegem,Krist,Mannelijk,05/25/2019
Koekelberg,Adam,Mannelijk,05/22/2019
Hamois,Françoise,Vrouwelijk,05/28/2019
Sint-Truiden,Vanessa,Vrouwelijk,05/21/2019
Gent,Erna,Vrouwelijk,06/02/2019
Brussel,Ionut,Mannelijk,06/08/2019
Villers-la-Ville,André,Mannelijk,05/28/2019
Verviers,Josette,Vrouwelijk,05/22/2019
Buggenhout,Marleen,Vrouwelijk,06/07/2019
Tielt (Tielt),Stefanie,Vrouwelijk,06/07/2019
Schilde,Gianni,Mannelijk,05/31/2019
Namen,Bernard,Mannelijk,05/21/2019
Ukkel,Johannes,Mannelijk,05/22/2019
Schaarbeek,Tania,Vrouwelijk,05/30/2019
Estaimpuis,Anaïs,Vrouwelijk,05/26/2019
Waregem,Karel,Mannelijk,07/19/2019
Sint-Truiden,Sandra,Vrouwelijk,06/14/2019
Overijse,Liliane,Vrouwelijk,05/28/2019
Anderlecht,Eddy,Mannelijk,05/23/2019
Ohey,Laurence,Vrouwelijk,05/25/2019
Hasselt,Kurt,Mannelijk,06/06/2019
Dendermonde,Kathleen,Vrouwelijk,06/05/2019
Antwerpen,Stephanie,Vrouwelijk,05/31/2019
Saint-Nicolas (Luik),Jean,Mannelijk,05/18/2019
Hasselt,Rita,Vrouwelijk,05/20/2019
Zwevegem,Pascale,Vrouwelijk,05/28/2019
Roeselare,Johan,Mannelijk,06/09/2019
Temse,Hilde,Vrouwelijk,05/21/2019
Moeskroen,Johan,Mannelijk,05/25/2019
Sint-Niklaas (Sint-Niklaas),Annie,Vrouwelijk,05/26/2019
Antwerpen,Jo,Vrouwelijk,05/21/2019
Kontich,Dirk,Mannelijk,06/01/2019
Jabbeke,Kurt,Mannelijk,05/27/2019
Schoten,Walter,Mannelijk,05/29/2019
Waregem,Iman,Vrouwelijk,06/06/2019
Koekelare,Ingrid,Vrouwelijk,05/27/2019
Luik,Alain,Mannelijk,05/27/2019
Ledegem,Gerard,Mannelijk,05/31/2019
Doornik,Christian,Mannelijk,05/20/2019
Sint-Gillis,Nicolas,Mannelijk,06/09/2019
Luik,Candice,Vrouwelijk,05/29/2019
Luik,Merlin,Mannelijk,05/31/2019
Deinze,Fien,Vrouwelijk,05/18/2019
Incourt,Isabelle,Vrouwelijk,05/19/2019
Moeskroen,Zahra,Vrouwelijk,05/25/2019
Kortemark,Kris,Mannelijk,06/01/2019
Geldenaken,Valérie,Vrouwelijk,05/25/2019
Houthalen-Helchteren,Lambert,Mannelijk,06/04/2019
Brugge,Eduardo,Mannelijk,06/14/2019
Etterbeek,Mariam,Vrouwelijk,06/07/2019
Dinant,Céline,Vrouwelijk,06/06/2019
Antwerpen,Oskar,Mannelijk,05/30/2019
Hamme (Dendermonde),Christof,Mannelijk,05/24/2019
Asse,Marie,Vrouwelijk,05/26/2019
Anderlecht,Joséphine,Vrouwelijk,05/30/2019
Dendermonde,Els,Vrouwelijk,05/22/2019
Doornik,Sylvain,Mannelijk,05/20/2019
Turnhout,Carlo,Mannelijk,06/19/2019
Aat,Michel,Mannelijk,06/11/2019
Turnhout,Leopoldus,Mannelijk,06/04/2019
Andenne,Bernard,Mannelijk,05/30/2019
Knokke-Heist,Guido,Mannelijk,05/26/2019
Bilzen,Daan,Mannelijk,05/27/2019
Messancy,Marvin,Mannelijk,05/31/2019
Kraainem,Fernando,Mannelijk,06/01/2019
Scherpenheuvel-Zichem,Roger,Mannelijk,06/07/2019
Buggenhout,Lotte,Vrouwelijk,05/19/2019
Lanaken,Bob,Mannelijk,05/27/2019
