gemeente,naam,geslacht,verwachte datum
Doornik,Jean-Marie,Mannelijk,02/25/2019
Dilsen-Stokkem,Fatima,Vrouwelijk,02/28/2019
Bergen,Hajar,Vrouwelijk,02/23/2019
Sint-Niklaas (Sint-Niklaas),Lennert,Mannelijk,03/10/2019
Overijse,Andrée,Vrouwelijk,03/16/2019
Rumes,Michel,Mannelijk,03/02/2019
Sint-Katelijne-Waver,Rita,Vrouwelijk,02/22/2019
Antwerpen,Naoual,Vrouwelijk,02/25/2019
Poperinge,Filip,Mannelijk,02/26/2019
Brecht,Kevin,Mannelijk,04/03/2019
Olen,Gerda,Vrouwelijk,03/05/2019
Gooik,Jan,Mannelijk,02/19/2019
Péruwelz,Marie-Anne,Vrouwelijk,02/21/2019
Oudsbergen,Joannes,Mannelijk,03/02/2019
Etterbeek,Philippe,Mannelijk,02/21/2019
Watermaal-Bosvoorde,John,Mannelijk,03/09/2019
Brussel,Aïcha,Vrouwelijk,02/23/2019
Antwerpen,Sila,Vrouwelijk,03/01/2019
Waterloo,Francisco,Mannelijk,03/13/2019
Charleroi,Maxime,Mannelijk,02/17/2019
Sint-Jans-Molenbeek,Zeynep,Vrouwelijk,02/20/2019
Gent,Dorian,Mannelijk,02/14/2019
Ciney,Stéphanie,Vrouwelijk,02/22/2019
La Louvière,Eden,Mannelijk,02/21/2019
Herstal,Manon,Vrouwelijk,03/11/2019
Antwerpen,Nikola,Mannelijk,02/15/2019
Villers-Le-Bouillet,Fanny,Vrouwelijk,03/12/2019
Sint-Jans-Molenbeek,Jeanne,Vrouwelijk,03/06/2019
Doornik,Martin,Mannelijk,02/12/2019
Kontich,Peter,Mannelijk,02/21/2019
Boom,Dean,Mannelijk,03/01/2019
Gerpinnes,Christine,Vrouwelijk,03/04/2019
Bergen,Jonathan,Mannelijk,03/02/2019
Seraing,Nicole,Vrouwelijk,03/02/2019
Deinze,Ivonna,Vrouwelijk,02/18/2019
Schaarbeek,Walid,Mannelijk,03/01/2019
Denderleeuw,Niels,Mannelijk,03/03/2019
Brussel,Dilara,Vrouwelijk,02/27/2019
Herstal,Samuel,Mannelijk,02/14/2019
Nijvel,Etienne,Mannelijk,02/13/2019
Sint-Gillis-Waas,Theophiel,Mannelijk,02/24/2019
Holsbeek,Liliane,Vrouwelijk,03/03/2019
Dendermonde,Jesse,Mannelijk,02/25/2019
Amay,Clara,Vrouwelijk,03/01/2019
Heusden-Zolder,Jean-Pierre,Mannelijk,03/01/2019
Verviers,Henri,Mannelijk,02/13/2019
Lier,Luc,Mannelijk,03/04/2019
Ninove,Sylvie,Vrouwelijk,02/24/2019
Eeklo,Kenzo,Mannelijk,03/03/2019
Peer,Joren,Mannelijk,02/22/2019
Grâce-Hollogne,Nathalie,Vrouwelijk,02/18/2019
Blegny,Camille,Vrouwelijk,02/14/2019
Herentals,Rosette,Vrouwelijk,02/28/2019
Brugge,Stijn,Mannelijk,02/14/2019
Brasschaat,Caroline,Vrouwelijk,03/02/2019
Merchtem,Alex,Mannelijk,02/27/2019
Rochefort,Josette,Vrouwelijk,03/14/2019
Tubeke,Antonio,Mannelijk,02/13/2019
La Louvière,Domenico,Mannelijk,03/03/2019
Antwerpen,Daniëlle,Vrouwelijk,02/23/2019
Brecht,Nancy,Vrouwelijk,03/01/2019
Ciney,Olivier,Mannelijk,03/03/2019
Lokeren,Eddy,Mannelijk,02/19/2019
Rijkevorsel,Marc,Mannelijk,02/27/2019
Hoogstraten,Amber,Vrouwelijk,02/22/2019
Temse,Daan,Mannelijk,03/04/2019
Mechelen,Jozef,Mannelijk,04/14/2019
Wingene,Monique,Vrouwelijk,02/19/2019
Schilde,Fabienne,Vrouwelijk,03/03/2019
Luik,Dieudonné,Mannelijk,02/26/2019
Diksmuide,Jari,Mannelijk,02/14/2019
Schaarbeek,Leïla,Vrouwelijk,03/02/2019
Jabbeke,Pauline,Vrouwelijk,03/06/2019
Elsene,Patrick,Mannelijk,03/01/2019
Damme,Tuur,Mannelijk,02/19/2019
Doornik,Marie-Christine,Vrouwelijk,02/12/2019
Antwerpen,Dries,Mannelijk,02/17/2019
Gouvy,Jean-Luc,Mannelijk,02/26/2019
La Louvière,Romane,Vrouwelijk,02/15/2019
Wevelgem,Martin,Mannelijk,03/03/2019
Leuven,Nicolas,Mannelijk,03/01/2019
Seraing,Frédéric,Mannelijk,03/05/2019
Courcelles,Corentin,Mannelijk,02/22/2019
Steenokkerzeel,Thomas,Mannelijk,02/22/2019
Geldenaken,Jean-Michel,Mannelijk,02/18/2019
Komen-Waasten,Elia,Vrouwelijk,03/07/2019
Cerfontaine,Chantal,Vrouwelijk,02/27/2019
Antwerpen,Irène,Vrouwelijk,03/13/2019
Trooz,Natacha,Vrouwelijk,02/20/2019
Charleroi,M'Bark,Mannelijk,03/02/2019
Ukkel,Chantal,Vrouwelijk,02/12/2019
Brakel,Rita,Vrouwelijk,02/20/2019
Herstal,Canan,Vrouwelijk,02/22/2019
Lille,Linde,Vrouwelijk,02/19/2019
Scherpenheuvel-Zichem,Patrick,Mannelijk,02/18/2019
Luik,Kathy,Vrouwelijk,02/25/2019
Awans,Michaël,Mannelijk,02/19/2019
Kortenberg,Jozef,Mannelijk,02/13/2019
Evere,Patricia,Vrouwelijk,02/27/2019
Brussel,Ahlam,Vrouwelijk,03/03/2019
Luik,Laura,Vrouwelijk,02/21/2019
Manage,Albert,Mannelijk,03/01/2019
Gent,Milen,Mannelijk,02/16/2019
Alveringem,Veerle,Vrouwelijk,03/10/2019
Anderlecht,Nour,Vrouwelijk,02/23/2019
Bocholt,Victor,Mannelijk,02/22/2019
Nandrin,Thierry,Mannelijk,02/21/2019
Theux,Julie,Vrouwelijk,03/11/2019
Vorst (Brussel-Hoofdstad),Boris,Mannelijk,02/17/2019
Zemst,Christa,Vrouwelijk,03/04/2019
Ganshoren,Mohammed,Mannelijk,02/15/2019
Geraardsbergen,Katrien,Vrouwelijk,03/10/2019
Meulebeke,Warre,Mannelijk,02/22/2019
Stabroek,Jozef,Mannelijk,03/02/2019
Tubeke,Stefano,Mannelijk,03/03/2019
Wervik,Lars,Mannelijk,03/08/2019
Hooglede,Lize,Vrouwelijk,02/25/2019
Ottignies-Louvain-la-Neuve,Camille,Vrouwelijk,03/09/2019
Halle (Halle-Vilvoorde),Nils,Mannelijk,02/20/2019
Aalter,Johan,Mannelijk,02/24/2019
Bergen,Axel,Mannelijk,02/26/2019
Tienen,Patricia,Vrouwelijk,02/25/2019
Antwerpen,Ronald,Mannelijk,02/26/2019
Zemst,Christiane,Vrouwelijk,02/25/2019
Rotselaar,Maurice,Mannelijk,02/22/2019
Schoten,Maurice,Mannelijk,02/23/2019
Kasteelbrakel,André,Mannelijk,02/19/2019
Le Roeulx,Louis,Mannelijk,02/25/2019
Herselt,Arne,Mannelijk,03/03/2019
Beveren (Sint-Niklaas),Carla,Vrouwelijk,02/16/2019
Antwerpen,Viktor,Mannelijk,02/26/2019
Kuurne,Léon,Mannelijk,02/25/2019
Namen,Alice,Vrouwelijk,02/17/2019
Nijlen,Brent,Mannelijk,02/21/2019
Genepiën,Yves,Mannelijk,03/01/2019
Boutersem,Jean,Mannelijk,02/26/2019
Antwerpen,Kiara,Vrouwelijk,02/20/2019
Retie,Maria,Vrouwelijk,02/28/2019
Luik,Dalia,Vrouwelijk,02/18/2019
Bergen,Emelyne,Vrouwelijk,02/27/2019
Evere,Othman,Mannelijk,03/02/2019
Knokke-Heist,Anna,Vrouwelijk,03/01/2019
Elzele,Virginie,Vrouwelijk,02/14/2019
Hechtel-Eksel,Marleen,Vrouwelijk,03/18/2019
Zwevegem,Rosa,Vrouwelijk,02/13/2019
Zaventem,Rita,Vrouwelijk,02/28/2019
Beveren (Sint-Niklaas),Peter,Mannelijk,03/02/2019
La Bruyère,Guy,Mannelijk,02/15/2019
Brussel,Maher,Mannelijk,03/01/2019
Lint,Kathleen,Vrouwelijk,02/26/2019
Maldegem,Yves,Mannelijk,02/21/2019
Maldegem,Marianne,Vrouwelijk,02/26/2019
Evergem,Jeffrey,Mannelijk,02/16/2019
Berlare,Lena,Vrouwelijk,02/13/2019
Estaimpuis,Annie,Vrouwelijk,02/15/2019
Verviers,Anne,Vrouwelijk,02/18/2019
Ukkel,Virginie,Vrouwelijk,02/27/2019
Lanaken,Robin,Mannelijk,02/26/2019
Wichelen,Koenraad,Mannelijk,03/14/2019
Brussel,Younes,Mannelijk,02/26/2019
Lasne,Laurent,Mannelijk,02/28/2019
Borgworm,Georges,Mannelijk,02/24/2019
Mechelen,Frederick,Mannelijk,02/26/2019
Sint-Lambrechts-Woluwe,François,Mannelijk,03/17/2019
Beloeil,Catherine,Vrouwelijk,02/23/2019
Roeselare,Anaïs,Vrouwelijk,02/14/2019
Antwerpen,Magdalena,Vrouwelijk,02/21/2019
Bergen,Grégory,Mannelijk,02/17/2019
Ninove,Suzanne,Vrouwelijk,02/24/2019
Doornik,Dylan,Mannelijk,03/22/2019
Halle (Halle-Vilvoorde),Vincent,Mannelijk,03/02/2019
Evere,Micheline,Vrouwelijk,02/19/2019
Lommel,Patrick,Mannelijk,04/14/2019
Morlanwelz,Karim,Mannelijk,02/22/2019
Pittem,Steven,Mannelijk,02/27/2019
Wezet,Ali,Mannelijk,02/20/2019
Antwerpen,Fatme,Vrouwelijk,02/17/2019
Gent,Aiden,Mannelijk,02/14/2019
Zoersel,Julien,Mannelijk,02/22/2019
Brugge,Ashley,Vrouwelijk,02/23/2019
Hasselt,David,Mannelijk,03/07/2019
Ukkel,Van,Mannelijk,02/19/2019
Aalst (Aalst),Marie-Jeanne,Vrouwelijk,02/21/2019
Onhaye,Valentine,Vrouwelijk,02/13/2019
Farciennes,Mario,Mannelijk,02/23/2019
Evergem,Jarno,Mannelijk,02/18/2019
Edegem,Nele,Vrouwelijk,02/21/2019
Sprimont,Jean,Mannelijk,02/22/2019
Wanze,Cindy,Vrouwelijk,02/25/2019
Chiny,Manuel,Mannelijk,03/03/2019
La Louvière,Thomas,Mannelijk,02/15/2019
Charleroi,Zineb,Vrouwelijk,03/02/2019
Waregem,Greta,Vrouwelijk,03/11/2019
La Louvière,Josiane,Vrouwelijk,02/17/2019
Gent,Freddy,Mannelijk,02/28/2019
Ferrières,Marianne,Vrouwelijk,02/27/2019
Niel,Fien,Vrouwelijk,02/22/2019
Kasteelbrakel,Romain,Mannelijk,02/25/2019
Hastière,Christine,Vrouwelijk,02/13/2019
Middelkerke,Daniel,Mannelijk,03/16/2019
Eghezée,Sylvain,Mannelijk,03/03/2019
Chastre,Pierre,Mannelijk,02/20/2019
Antwerpen,Frieda,Vrouwelijk,03/03/2019
Avelgem,Rita,Vrouwelijk,02/25/2019
Sint-Lambrechts-Woluwe,Francine,Vrouwelijk,03/02/2019
Houthalen-Helchteren,Robin,Mannelijk,02/19/2019
Scherpenheuvel-Zichem,Jordy,Mannelijk,02/17/2019
Aalter,Monique,Vrouwelijk,02/23/2019
Etterbeek,Mouna,Vrouwelijk,02/14/2019
Antwerpen,Juliette,Vrouwelijk,02/16/2019
Antwerpen,Elise,Vrouwelijk,02/16/2019
Fosses-la-Ville,Valentin,Mannelijk,02/19/2019
Antwerpen,Stanisawa,Vrouwelijk,02/20/2019
Beringen,Dimitri,Mannelijk,02/12/2019
De Pinte,Tuur,Mannelijk,02/19/2019
Hannuit,Geneviève,Vrouwelijk,02/12/2019
Sint-Gillis-Waas,Joost,Mannelijk,03/07/2019
Mortsel,Danny,Mannelijk,02/26/2019
Jette,Rachida,Vrouwelijk,03/01/2019
Theux,Delphine,Vrouwelijk,03/01/2019
Watermaal-Bosvoorde,Emilia,Vrouwelijk,03/01/2019
Lommel,Elien,Vrouwelijk,02/23/2019
Sint-Jans-Molenbeek,Arlette,Vrouwelijk,02/25/2019
Bergen,Yves,Mannelijk,03/03/2019
Zemst,Wim,Mannelijk,02/26/2019
Châtelet,Cécile,Vrouwelijk,02/14/2019
Schaarbeek,Victoria,Vrouwelijk,02/20/2019
Gent,Maria,Vrouwelijk,03/03/2019
Beveren (Sint-Niklaas),Saskia,Vrouwelijk,02/15/2019
Evere,Naima,Vrouwelijk,02/16/2019
Boussu,Françoise,Vrouwelijk,03/07/2019
Zemst,Robin,Mannelijk,03/01/2019
Brussel,Christophe,Mannelijk,02/26/2019
Namen,Arnaud,Mannelijk,03/15/2019
Pepinster,Pascal,Mannelijk,02/18/2019
Manage,Johann,Mannelijk,03/03/2019
Komen-Waasten,Vincent,Mannelijk,02/13/2019
Jette,Virginie,Vrouwelijk,03/03/2019
Hoegaarden,Hilde,Vrouwelijk,03/05/2019
Luik,Michaël,Mannelijk,02/25/2019
Asse,Elza,Vrouwelijk,02/19/2019
Gent,Marlène,Vrouwelijk,03/06/2019
Antwerpen,Renée,Vrouwelijk,02/19/2019
Eigenbrakel,Lucien,Mannelijk,02/16/2019
Charleroi,Matteo,Mannelijk,02/14/2019
Genk,Marc,Mannelijk,02/15/2019
Sint-Niklaas (Sint-Niklaas),Janne,Vrouwelijk,02/20/2019
Grimbergen,Dominique,Vrouwelijk,02/17/2019
Charleroi,Christine,Vrouwelijk,03/04/2019
Manage,Luciano,Mannelijk,02/26/2019
Sint-Joost-ten-Node,Adam,Mannelijk,02/18/2019
Mechelen,Jolijn,Vrouwelijk,02/18/2019
Virton,Nicole,Vrouwelijk,03/03/2019
Deinze,Patrick,Mannelijk,02/21/2019
Quévy,Victoria,Vrouwelijk,02/20/2019
Genk,Gülüzar,Vrouwelijk,02/13/2019
Tongeren,Raymond,Mannelijk,03/08/2019
Brussel,Fayçal,Mannelijk,02/27/2019
Aarlen,Owen,Mannelijk,02/23/2019
Waterloo,Nathalie,Vrouwelijk,02/24/2019
Eigenbrakel,Nathan,Mannelijk,03/14/2019
Ternat,Armand,Mannelijk,02/19/2019
Oudenaarde,Jeanne,Vrouwelijk,02/20/2019
Sint-Niklaas (Sint-Niklaas),Timmy,Mannelijk,03/01/2019
Erpe-Mere,Greta,Vrouwelijk,02/21/2019
Raeren,Céline,Vrouwelijk,03/01/2019
Luik,Diane,Vrouwelijk,03/01/2019
Luik,Anneliese,Vrouwelijk,03/16/2019
Moeskroen,Linda,Vrouwelijk,02/22/2019
Frameries,Bernard,Mannelijk,02/16/2019
Geel,Peter,Mannelijk,02/21/2019
Kruibeke,Monique,Vrouwelijk,02/24/2019
Trooz,Pascal,Mannelijk,02/12/2019
Borgworm,Christian,Mannelijk,02/22/2019
Schilde,Ines,Vrouwelijk,02/24/2019
Andenne,Hugo,Mannelijk,02/18/2019
Schaarbeek,Nabila,Vrouwelijk,02/23/2019
Fleurus,Grazia,Vrouwelijk,02/15/2019
Herselt,Lena,Vrouwelijk,03/02/2019
Herent,Marleen,Vrouwelijk,02/14/2019
Zwevegem,Annabel,Vrouwelijk,02/19/2019
Maaseik,Christel,Vrouwelijk,02/17/2019
Zemst,Emiel,Mannelijk,02/24/2019
Brussel,Yassine,Mannelijk,02/28/2019
Ans,Viviane,Vrouwelijk,02/15/2019
Gent,Georgette,Vrouwelijk,03/04/2019
Haaltert,Jozef,Mannelijk,02/15/2019
Wervik,Ronny,Mannelijk,02/23/2019
Namen,Georgette,Vrouwelijk,02/12/2019
Zutendaal,Dirk,Mannelijk,02/21/2019
Waregem,Maria,Vrouwelijk,02/12/2019
Aat,Samuel,Mannelijk,03/18/2019
Leuven,Sarah,Vrouwelijk,02/28/2019
Antwerpen,Willem,Mannelijk,02/16/2019
Koekelare,Rosa,Vrouwelijk,02/14/2019
Antwerpen,Joseph,Mannelijk,02/20/2019
Stavelot,Eric,Mannelijk,03/08/2019
Beveren (Sint-Niklaas),Chantal,Vrouwelijk,03/02/2019
Anderlecht,Martine,Vrouwelijk,02/22/2019
Grimbergen,Jonathan,Mannelijk,02/25/2019
Beveren (Sint-Niklaas),Els,Vrouwelijk,02/22/2019
Andenne,Jérome,Mannelijk,02/22/2019
Tervuren,Laura,Vrouwelijk,03/17/2019
Antwerpen,Gianni,Mannelijk,02/23/2019
Maldegem,Lutgarde,Vrouwelijk,02/16/2019
Chaudfontaine,Georgette,Vrouwelijk,03/04/2019
Beloeil,Bernard,Mannelijk,02/27/2019
Graven,Elsa,Vrouwelijk,03/02/2019
Balen,Luna,Vrouwelijk,02/23/2019
Gent,Liesbet,Vrouwelijk,02/24/2019
Evergem,Lisa,Vrouwelijk,02/16/2019
Geel,Sophie,Vrouwelijk,02/23/2019
Namen,Roger,Mannelijk,02/24/2019
Glabbeek,Andreas,Mannelijk,02/27/2019
Buggenhout,Andy,Mannelijk,02/12/2019
Zinnik,Thomas,Mannelijk,02/23/2019
Donceel,Céline,Vrouwelijk,03/03/2019
Brugelette,Fabienne,Vrouwelijk,03/02/2019
Brussel,Oussama,Mannelijk,02/19/2019
