gemeente,naam,geslacht,verwachte datum
Malle,Jan,Mannelijk,02/15/2019
Doornik,Rudy,Mannelijk,02/27/2019
Leuven,Frieda,Vrouwelijk,02/19/2019
Bergen,Audrey,Vrouwelijk,02/16/2019
Maasmechelen,Melisa,Vrouwelijk,03/03/2019
Bree,Julie,Vrouwelijk,03/01/2019
Amay,Oscar,Mannelijk,02/20/2019
Charleroi,Claude,Mannelijk,02/21/2019
Tienen,Matthias,Mannelijk,02/26/2019
Wemmel,Joseph,Mannelijk,03/02/2019
Ferrières,Roger,Mannelijk,03/05/2019
Châtelet,Nicole,Vrouwelijk,02/23/2019
Lille,Jelle,Mannelijk,02/18/2019
Borgworm,Cyril,Mannelijk,04/13/2019
Beloeil,Justine,Vrouwelijk,02/26/2019
Schaarbeek,Thomas,Mannelijk,03/15/2019
Harelbeke,Frans,Mannelijk,02/25/2019
Brugge,Stefan,Mannelijk,02/27/2019
Luik,Roger,Mannelijk,02/15/2019
Brugelette,Isabelle,Vrouwelijk,02/22/2019
Anderlecht,Luqman,Mannelijk,03/08/2019
Kapellen (Antwerpen),Freddy,Mannelijk,02/23/2019
Sint-Pieters-Woluwe,Guy,Mannelijk,03/03/2019
Kasterlee,Sam,Vrouwelijk,02/26/2019
Menen,Louise,Vrouwelijk,03/19/2019
Gent,Tom,Mannelijk,02/20/2019
Affligem,Anne-Marie,Vrouwelijk,03/17/2019
Kampenhout,Agnes,Vrouwelijk,03/01/2019
Borsbeek,Nancy,Vrouwelijk,02/16/2019
Waregem,Isabel,Vrouwelijk,03/02/2019
Schaarbeek,Pawel,Mannelijk,02/16/2019
Edingen,Maxime,Mannelijk,02/18/2019
Antwerpen,Frank,Mannelijk,02/20/2019
Leuze-en-Hainaut,Nelly,Vrouwelijk,02/18/2019
Luik,Rosa,Vrouwelijk,02/24/2019
Antwerpen,Angelina,Vrouwelijk,03/01/2019
Geetbets,Jozef,Mannelijk,02/20/2019
Berlaar,Emma,Vrouwelijk,03/02/2019
Charleroi,Emma,Vrouwelijk,02/22/2019
Ingelmunster,Silke,Vrouwelijk,03/10/2019
Schilde,Martine,Vrouwelijk,02/21/2019
Chapelle-lez-Herlaimont,Jessica,Vrouwelijk,03/31/2019
Celles (Doornik),Jérémy,Mannelijk,03/19/2019
Nijvel,Anne,Vrouwelijk,02/24/2019
Verviers,Damien,Mannelijk,02/18/2019
Antwerpen,Ahmed,Mannelijk,03/01/2019
Boutersem,Tom,Mannelijk,02/16/2019
Mol,Jeroen,Mannelijk,02/13/2019
Verviers,Aurélie,Vrouwelijk,02/19/2019
Grobbendonk,Emiel,Mannelijk,02/26/2019
Sint-Lambrechts-Woluwe,Roselyne,Vrouwelijk,02/23/2019
Zandhoven,Kato,Vrouwelijk,02/22/2019
Kasterlee,Franciscus,Mannelijk,03/05/2019
Stekene,Rita,Vrouwelijk,03/16/2019
Mechelen,Koenraad,Mannelijk,02/15/2019
Izegem,Raymonda,Vrouwelijk,02/21/2019
Anderlues,Sylvie,Vrouwelijk,03/17/2019
Melle,Germain,Mannelijk,03/01/2019
Zonhoven,Maria,Vrouwelijk,02/21/2019
Zottegem,Bram,Mannelijk,02/18/2019
Kortrijk,Daniel,Mannelijk,03/03/2019
Sint-Genesius-Rode,André,Mannelijk,03/13/2019
Lochristi,Marie,Vrouwelijk,02/19/2019
Pelt,Gerard,Mannelijk,03/03/2019
Niel,Zoë,Vrouwelijk,02/21/2019
Wezet,Luciano,Mannelijk,02/15/2019
Attert,Sandra,Vrouwelijk,02/22/2019
Elsene,Susana,Vrouwelijk,02/18/2019
Anderlecht,Hanan,Vrouwelijk,03/06/2019
Zoutleeuw,Maria,Vrouwelijk,04/17/2019
Wetteren,Nand,Mannelijk,02/15/2019
Beveren (Sint-Niklaas),Lisa,Vrouwelijk,02/28/2019
Olen,Johan,Mannelijk,02/26/2019
Gent,Annie,Vrouwelijk,02/18/2019
Tielt (Tielt),Gino,Mannelijk,03/09/2019
Heuvelland,Wendy,Vrouwelijk,02/27/2019
Charleroi,Antoine,Mannelijk,02/21/2019
Neupré,Pierre,Mannelijk,03/05/2019
Roeselare,Eddy,Mannelijk,02/23/2019
Boom,Diane,Vrouwelijk,02/25/2019
Somme-Leuze,Aaron,Mannelijk,03/03/2019
Genk,Camille,Mannelijk,03/02/2019
Halen,Jonathan,Mannelijk,02/17/2019
Blankenberge,Filip,Mannelijk,02/20/2019
Bornem,Lisa,Vrouwelijk,02/22/2019
Les Bons Villers,Vanessa,Vrouwelijk,02/23/2019
Lommel,Johan,Mannelijk,03/02/2019
Lokeren,Assia,Vrouwelijk,02/21/2019
Brasschaat,Liliane,Vrouwelijk,02/24/2019
Aarschot,Helena,Vrouwelijk,02/27/2019
Awans,Christian,Mannelijk,02/13/2019
Colfontaine,Mélissa,Vrouwelijk,02/18/2019
Vorst (Brussel-Hoofdstad),Leszek,Mannelijk,02/23/2019
Bornem,Jonathan,Mannelijk,02/23/2019
Evere,Maria,Vrouwelijk,02/22/2019
Ecaussinnes,Marc,Mannelijk,02/20/2019
Gent,Lotte,Vrouwelijk,02/24/2019
Gent,Kenny,Mannelijk,02/18/2019
Anderlecht,Mohammad,Mannelijk,02/18/2019
Landen,Ann,Vrouwelijk,02/14/2019
Wijnegem,Jan,Mannelijk,02/25/2019
Waregem,Siebe,Mannelijk,02/15/2019
Luik,Daniel,Mannelijk,03/15/2019
Kinrooi,Patrick,Mannelijk,02/20/2019
Aalst (Aalst),Lucie,Vrouwelijk,02/21/2019
Luik,Evelyne,Vrouwelijk,02/14/2019
Kraainem,François,Mannelijk,02/24/2019
Manage,Pierre,Mannelijk,02/26/2019
Geraardsbergen,Werner,Mannelijk,02/23/2019
Sint-Lambrechts-Woluwe,Jacques,Mannelijk,02/24/2019
Putte,Anne-Marie,Vrouwelijk,02/27/2019
Elzele,Bernadette,Vrouwelijk,02/23/2019
Etterbeek,William,Mannelijk,02/26/2019
Vorst (Brussel-Hoofdstad),Miguel,Mannelijk,03/04/2019
Erpe-Mere,Nelly,Vrouwelijk,02/23/2019
Sint-Gillis,Jean,Mannelijk,03/19/2019
Essen,Jozef,Mannelijk,02/13/2019
Aubange,Inês,Vrouwelijk,02/18/2019
Oudsbergen,Marie,Vrouwelijk,02/27/2019
Antwerpen,Marc,Mannelijk,02/28/2019
Walcourt,Thibaut,Mannelijk,02/17/2019
Luik,Nikos,Mannelijk,02/13/2019
Heusden-Zolder,Deborah,Vrouwelijk,04/16/2019
Gent,Christina,Vrouwelijk,02/27/2019
Roosdaal,Jill,Vrouwelijk,02/24/2019
Scherpenheuvel-Zichem,Maria,Vrouwelijk,02/24/2019
Rotselaar,Joke,Vrouwelijk,02/16/2019
Lierde,Xander,Mannelijk,03/02/2019
Paliseul,Christiane,Vrouwelijk,02/20/2019
Châtelet,Thierry,Mannelijk,02/24/2019
Herent,Lynn,Vrouwelijk,02/21/2019
Fontaine-l’Evêque,Isabelle,Vrouwelijk,02/27/2019
Eigenbrakel,Christelle,Vrouwelijk,02/18/2019
Sint-Truiden,Stefaan,Mannelijk,02/23/2019
Rumst,Luc,Mannelijk,02/13/2019
Luik,Hugo,Mannelijk,02/24/2019
Lommel,Karine,Vrouwelijk,03/02/2019
Anderlecht,Marco,Mannelijk,03/01/2019
Geel,Lidy,Vrouwelijk,02/27/2019
Schaarbeek,Irem,Vrouwelijk,02/27/2019
Vilvoorde,Daria,Vrouwelijk,02/26/2019
Moeskroen,Annie,Vrouwelijk,02/23/2019
Aalst (Aalst),Fabienne,Vrouwelijk,02/14/2019
Oostkamp,Amber,Vrouwelijk,03/01/2019
Elsene,Ilaria,Vrouwelijk,02/27/2019
Hoeilaart,Dennis,Mannelijk,02/15/2019
Halle (Halle-Vilvoorde),Lea,Vrouwelijk,02/26/2019
Doornik,Christophe,Mannelijk,03/02/2019
Geel,Liliana,Vrouwelijk,02/20/2019
Oostende,Jean,Mannelijk,02/27/2019
Roeselare,Carine,Vrouwelijk,02/28/2019
Tubeke,Benjamin,Mannelijk,02/25/2019
Leuven,Chantal,Vrouwelijk,03/14/2019
Antwerpen,Vanessa,Vrouwelijk,02/28/2019
Eeklo,Koen,Mannelijk,02/26/2019
Fosses-la-Ville,Rita,Vrouwelijk,02/20/2019
Wemmel,Daniel,Mannelijk,02/21/2019
Doornik,Jean,Mannelijk,02/23/2019
Pelt,Mark,Mannelijk,02/16/2019
Brussel,Willy,Mannelijk,03/01/2019
Spa,Chloé,Vrouwelijk,02/23/2019
Ieper,Guillaume,Mannelijk,03/06/2019
Stekene,Anna,Vrouwelijk,02/24/2019
Kortrijk,Cynthia,Vrouwelijk,02/24/2019
Elsene,Vanessa,Vrouwelijk,03/05/2019
Zwevegem,Brecht,Mannelijk,02/26/2019
Lubbeek,Maria,Vrouwelijk,03/17/2019
Rijkevorsel,Willem,Mannelijk,03/02/2019
Beveren (Sint-Niklaas),Georgette,Vrouwelijk,02/24/2019
Frameries,Lionel,Mannelijk,03/03/2019
Luik,Myriam,Vrouwelijk,02/22/2019
Thuin,Eliane,Vrouwelijk,02/17/2019
Kortenberg,David,Mannelijk,02/16/2019
Wetteren,Sylvie,Vrouwelijk,03/06/2019
Eigenbrakel,Dominique,Vrouwelijk,02/13/2019
Luik,Elodie,Vrouwelijk,03/05/2019
Gent,Ludwig,Mannelijk,02/24/2019
Opwijk,Hedwig,Mannelijk,03/11/2019
Kampenhout,Gregory,Mannelijk,03/03/2019
Beerse,Vincent,Mannelijk,02/21/2019
Gent,Thorben,Mannelijk,02/21/2019
Aiseau-Presles,Muriel,Vrouwelijk,02/23/2019
Court-Saint-Etienne,Hugo,Mannelijk,03/02/2019
Antoing,Christophe,Mannelijk,03/04/2019
Bocholt,Lucie,Vrouwelijk,03/10/2019
Knokke-Heist,Charles,Mannelijk,02/28/2019
Rumes,Dany,Mannelijk,03/08/2019
Seraing,Gustave,Mannelijk,03/19/2019
Herselt,Stan,Mannelijk,03/01/2019
Halle (Halle-Vilvoorde),Daria,Vrouwelijk,04/14/2019
Anderlecht,Antonia,Vrouwelijk,02/20/2019
Oostkamp,Herman,Mannelijk,03/03/2019
Edegem,Ilse,Vrouwelijk,02/16/2019
Beloeil,Stéphanie,Vrouwelijk,02/22/2019
Zinnik,Rose,Vrouwelijk,02/25/2019
Estaimpuis,Antoine,Mannelijk,02/22/2019
Sint-Gillis,Danielle,Vrouwelijk,03/02/2019
Waregem,Diana,Vrouwelijk,02/22/2019
Denderleeuw,Béatrice,Vrouwelijk,02/24/2019
Lens,Camille,Vrouwelijk,02/20/2019
Aarschot,Guido,Mannelijk,02/20/2019
Wezet,Hatice,Vrouwelijk,02/23/2019
Frasnes-lez-Anvaing,Angélique,Vrouwelijk,03/15/2019
Maasmechelen,Marino,Mannelijk,02/26/2019
Antwerpen,Fredy,Mannelijk,02/18/2019
Tongeren,Dominique,Vrouwelijk,02/24/2019
Temse,Bayram,Mannelijk,03/11/2019
Profondeville,Louise,Vrouwelijk,02/16/2019
Graven,Philippe,Mannelijk,02/20/2019
Vleteren,Sofie,Vrouwelijk,02/26/2019
Hove (Antwerpen),Emilie,Vrouwelijk,02/18/2019
Gembloux,Anne,Vrouwelijk,03/11/2019
Londerzeel,Julie,Vrouwelijk,02/21/2019
Deinze,Pablo,Mannelijk,02/26/2019
Eupen,Hildegard,Vrouwelijk,02/25/2019
Beernem,Ivan,Mannelijk,02/26/2019
Beyne-Heusay,Roberto,Mannelijk,02/22/2019
Aartselaar,Anna,Vrouwelijk,02/27/2019
Bilzen,Maria,Vrouwelijk,02/22/2019
Dour,Jean-Pierre,Mannelijk,02/16/2019
Oudergem,Frédéric,Mannelijk,02/14/2019
Tremelo,Maria,Vrouwelijk,02/17/2019
Floreffe,Roger,Mannelijk,02/20/2019
Bertrix,Jacques,Mannelijk,02/26/2019
Brussel,Ousmane,Mannelijk,02/14/2019
La Louvière,Savannah,Vrouwelijk,03/18/2019
Haaltert,Katrien,Vrouwelijk,02/22/2019
Oudergem,Marc,Mannelijk,02/24/2019
Beveren (Sint-Niklaas),John,Mannelijk,02/16/2019
Binche,Alice,Vrouwelijk,02/23/2019
Brunehaut,Laurie,Vrouwelijk,02/26/2019
Lievegem,Hubert,Mannelijk,03/05/2019
Kruibeke,Elke,Vrouwelijk,03/12/2019
Lier,Kurt,Mannelijk,03/12/2019
Sint-Pieters-Leeuw,Linda,Vrouwelijk,02/26/2019
Verviers,Laila,Vrouwelijk,03/17/2019
Lichtervelde,Jeanne,Vrouwelijk,03/01/2019
Koksijde,Flora,Vrouwelijk,02/21/2019
Antwerpen,Abdelkader,Mannelijk,03/09/2019
Floreffe,Thierry,Mannelijk,02/25/2019
Brugge,Patricia,Vrouwelijk,02/14/2019
Gembloux,Didier,Mannelijk,02/25/2019
Châtelet,Serge,Mannelijk,02/25/2019
Aarlen,Baptiste,Mannelijk,02/20/2019
Verviers,Margaux,Vrouwelijk,03/01/2019
Sint-Truiden,Mathis,Mannelijk,03/08/2019
Geel,Tom,Mannelijk,03/03/2019
Brussel,Philippe,Mannelijk,02/20/2019
Aalst (Aalst),Saartje,Vrouwelijk,02/23/2019
Gent,Monika,Vrouwelijk,03/02/2019
Nijvel,Eric,Mannelijk,02/19/2019
Deinze,Christophe,Mannelijk,02/24/2019
Westerlo,Aloysius,Mannelijk,02/26/2019
Theux,Pierre,Mannelijk,04/02/2019
Gent,Klara,Vrouwelijk,03/02/2019
Leuven,Jozef,Mannelijk,03/01/2019
Gent,Jonathan,Mannelijk,02/25/2019
Zandhoven,Lander,Mannelijk,02/26/2019
Nijvel,Monique,Vrouwelijk,02/17/2019
Schaarbeek,Hafida,Vrouwelijk,02/22/2019
Brussel,Thi,Vrouwelijk,02/21/2019
Châtelet,Angela,Vrouwelijk,03/03/2019
Durbuy,Emilien,Mannelijk,02/22/2019
Tessenderlo,Marleen,Vrouwelijk,02/22/2019
Trooz,Marie,Vrouwelijk,03/01/2019
Knokke-Heist,Jean-Pierre,Mannelijk,02/23/2019
Schaarbeek,Elif,Vrouwelijk,02/22/2019
Mettet,Kelly,Vrouwelijk,03/01/2019
Bergen,Yvette,Vrouwelijk,02/17/2019
Boussu,Stéphane,Mannelijk,02/26/2019
Frasnes-lez-Anvaing,Daniel,Mannelijk,03/25/2019
Vorst (Brussel-Hoofdstad),Youssef,Mannelijk,03/04/2019
Frameries,Jeanne,Vrouwelijk,02/14/2019
Maasmechelen,Karen,Vrouwelijk,02/24/2019
Florennes,Ludovic,Mannelijk,02/25/2019
Tessenderlo,Jozef,Mannelijk,02/23/2019
Antwerpen,Tania,Vrouwelijk,02/24/2019
Antwerpen,Alice,Vrouwelijk,02/25/2019
Oostkamp,Jacqueline,Vrouwelijk,02/21/2019
Moeskroen,Julien,Mannelijk,03/12/2019
Ukkel,Stéphan,Mannelijk,03/17/2019
Aarlen,Marie,Vrouwelijk,02/17/2019
Kortrijk,Gregory,Mannelijk,02/23/2019
Gent,Sevinch,Vrouwelijk,03/01/2019
Lubbeek,Lydia,Vrouwelijk,02/26/2019
Genk,Stephan,Mannelijk,03/05/2019
Herentals,Jan,Mannelijk,02/20/2019
Aat,Cédric,Mannelijk,02/18/2019
Gent,Mathieu,Mannelijk,03/18/2019
Dinant,Virginie,Vrouwelijk,02/25/2019
Bergen,Flore,Vrouwelijk,02/25/2019
Luik,Marc,Mannelijk,02/26/2019
Bevekom,Frank,Mannelijk,02/15/2019
Kortenberg,Christiane,Vrouwelijk,03/27/2019
Ternat,Dirk,Mannelijk,02/13/2019
Lokeren,Godelieve,Vrouwelijk,02/21/2019
Brugge,Arnaud,Mannelijk,02/15/2019
Antwerpen,Eli,Mannelijk,02/23/2019
Fernelmont,Michaël,Mannelijk,02/25/2019
Ravels,Leo,Mannelijk,02/24/2019
Wichelen,Cedric,Mannelijk,02/21/2019
Villers-la-Ville,Corentin,Mannelijk,02/23/2019
Antwerpen,Morad,Mannelijk,02/14/2019
Hastière,Geoffrey,Mannelijk,03/05/2019
Ichtegem,Nick,Mannelijk,03/19/2019
Ecaussinnes,Margaux,Vrouwelijk,02/26/2019
Neufchâteau (Neufchâteau),Béatrice,Vrouwelijk,02/16/2019
Neupré,Alexandre,Mannelijk,03/03/2019
Berlare,Nancy,Vrouwelijk,02/20/2019
Wetteren,Roland,Mannelijk,02/24/2019
Wuustwezel,Georges,Mannelijk,03/06/2019
Bastenaken,Isabelle,Vrouwelijk,03/05/2019
Dour,Daniel,Mannelijk,02/25/2019
Namen,Marie,Vrouwelijk,03/05/2019
