gemeente,naam,geslacht,verwachte datum
Harelbeke,Olivia,Vrouwelijk,12/21/2019
Péruwelz,Noah,Mannelijk,12/24/2019
Gedinne,Julie,Vrouwelijk,12/04/2019
Ans,Joseph,Mannelijk,12/13/2019
Gent,Filip,Mannelijk,12/12/2019
Houthalen-Helchteren,Jan,Mannelijk,01/02/2020
Elsene,Maëva,Vrouwelijk,12/08/2019
Jette,Sandrine,Vrouwelijk,12/23/2019
Sint-Niklaas (Sint-Niklaas),Wouter,Mannelijk,12/12/2019
Brugge,Jens,Mannelijk,12/19/2019
Herve,Eric,Mannelijk,12/17/2019
Roeselare,Anja,Vrouwelijk,12/19/2019
Edingen,Josette,Vrouwelijk,12/01/2019
Chaudfontaine,Jessica,Vrouwelijk,12/05/2019
Ottignies-Louvain-la-Neuve,Aurélie,Vrouwelijk,01/14/2020
Boussu,Olivier,Mannelijk,12/30/2019
Grâce-Hollogne,Laura,Vrouwelijk,12/21/2019
Tienen,Nicole,Vrouwelijk,12/21/2019
Beloeil,Julien,Mannelijk,12/17/2019
Zwevegem,Anna,Vrouwelijk,12/05/2019
Affligem,Jasper,Mannelijk,01/04/2020
Sint-Niklaas (Sint-Niklaas),Henri,Mannelijk,12/09/2019
Antwerpen,Joshua,Mannelijk,12/15/2019
Edegem,Max,Mannelijk,12/18/2019
Gent,Noëlla,Vrouwelijk,12/14/2019
Elsene,Ioannis,Mannelijk,12/08/2019
Honnelles,Francine,Vrouwelijk,12/11/2019
Langemark-Poelkapelle,Simonne,Vrouwelijk,12/04/2019
Brussel,Arda,Mannelijk,12/10/2019
Gent,Martin,Mannelijk,12/29/2019
Nijlen,Marjan,Vrouwelijk,12/20/2019
Tongeren,Marie,Vrouwelijk,12/12/2019
Herstal,Maryse,Vrouwelijk,12/21/2019
Ieper,Magda,Vrouwelijk,12/03/2019
Pecq,Olivier,Mannelijk,12/03/2019
Malle,Arne,Mannelijk,12/12/2019
Westerlo,Lisa,Vrouwelijk,12/17/2019
Zoutleeuw,Aline,Vrouwelijk,12/17/2019
Wemmel,Raphaël,Mannelijk,12/08/2019
Antwerpen,Zeynep,Vrouwelijk,12/08/2019
Vorst (Brussel-Hoofdstad),Elie,Mannelijk,12/06/2019
Gent,Monia,Vrouwelijk,12/04/2019
Bergen,Léon,Mannelijk,12/08/2019
Sint-Lambrechts-Woluwe,Jacqueline,Vrouwelijk,12/20/2019
Charleroi,Nathan,Mannelijk,12/09/2019
Aarlen,Simone,Vrouwelijk,12/19/2019
Ciney,Kathleen,Vrouwelijk,01/03/2020
Genk,Mattia,Mannelijk,12/16/2019
Sint-Lambrechts-Woluwe,Gabrielle,Vrouwelijk,12/15/2019
Zoutleeuw,Daan,Mannelijk,12/14/2019
Saint-Georges-sur-Meuse,Vincent,Mannelijk,12/06/2019
Walhain,Elisabeth,Vrouwelijk,12/03/2019
Hechtel-Eksel,Kimberley,Vrouwelijk,12/17/2019
Brussel,Lionel,Mannelijk,12/21/2019
Eigenbrakel,Maria,Vrouwelijk,12/21/2019
Bernissart,Murielle,Vrouwelijk,12/10/2019
Brugge,Cécile,Vrouwelijk,12/09/2019
Sint-Lambrechts-Woluwe,Aurélie,Vrouwelijk,12/09/2019
Hoogstraten,Stijn,Mannelijk,12/19/2019
Gent,Odette,Vrouwelijk,12/14/2019
Gent,Marjan,Vrouwelijk,12/02/2019
Melle,Elias,Mannelijk,12/12/2019
Merelbeke,Hubert,Mannelijk,12/14/2019
Elsene,Benjamin,Mannelijk,12/11/2019
Waterloo,André,Mannelijk,12/06/2019
Itter,Marcel,Mannelijk,12/09/2019
Kraainem,Louis,Mannelijk,12/26/2019
Maldegem,Mike,Mannelijk,12/11/2019
Lanaken,Patricia,Vrouwelijk,12/04/2019
Zonhoven,Hubertus,Mannelijk,12/07/2019
Engis,Mike,Mannelijk,12/18/2019
Bergen,Florent,Mannelijk,12/12/2019
Doornik,Kathleen,Vrouwelijk,12/16/2019
Maasmechelen,Assunta,Vrouwelijk,12/26/2019
Schaarbeek,Funda,Vrouwelijk,12/21/2019
Merchtem,Fran,Vrouwelijk,01/02/2020
Herent,Christine,Vrouwelijk,12/09/2019
Antwerpen,Milo,Mannelijk,12/14/2019
Oudergem,Karim,Mannelijk,12/15/2019
Galmaarden,Johan,Mannelijk,12/01/2019
Watermaal-Bosvoorde,Denis,Mannelijk,12/10/2019
Antwerpen,Najat,Vrouwelijk,12/08/2019
Antwerpen,Nele,Vrouwelijk,01/21/2020
Maldegem,Peter,Mannelijk,01/30/2020
Aubel,Anaïs,Vrouwelijk,12/05/2019
Turnhout,Willy,Mannelijk,12/19/2019
Antwerpen,Ismael,Mannelijk,12/09/2019
Kortrijk,Sabah,Vrouwelijk,12/02/2019
Hasselt,Hilde,Vrouwelijk,12/10/2019
Jemeppe-sur-Sambre,Kelly,Vrouwelijk,12/09/2019
Geel,Susy,Vrouwelijk,12/18/2019
Mortsel,Ali,Mannelijk,12/20/2019
Brugge,Eddy,Mannelijk,12/06/2019
Diksmuide,Carla,Vrouwelijk,12/04/2019
Bertrix,Jules,Mannelijk,12/19/2019
Antwerpen,Stéphane,Mannelijk,12/08/2019
Gent,Anna,Vrouwelijk,12/20/2019
Gent,Iryna,Vrouwelijk,01/01/2020
Willebroek,Brent,Mannelijk,01/04/2020
Mortsel,Ferre,Mannelijk,12/17/2019
Mechelen,Soraya,Vrouwelijk,12/17/2019
Scherpenheuvel-Zichem,Ivo,Mannelijk,12/13/2019
Kuurne,Dieter,Mannelijk,12/21/2019
Wanze,Joseph,Mannelijk,12/13/2019
Gent,Nino,Mannelijk,12/08/2019
Herent,Steven,Mannelijk,12/05/2019
Gent,Meryem,Vrouwelijk,01/05/2020
Antwerpen,Veronique,Vrouwelijk,12/29/2019
Lier,Peter,Mannelijk,12/11/2019
Tongeren,Willy,Mannelijk,01/19/2020
Elsene,Laura,Vrouwelijk,12/09/2019
Wijnegem,Ken,Mannelijk,12/09/2019
Tielt-Winge,Luc,Mannelijk,12/02/2019
Leuven,Herlinde,Vrouwelijk,12/03/2019
Verviers,Erika,Vrouwelijk,12/27/2019
Sint-Joost-ten-Node,Ahmed,Mannelijk,12/25/2019
Antwerpen,Claire,Vrouwelijk,12/17/2019
Heuvelland,Guillaume,Mannelijk,12/08/2019
Villers-la-Ville,Jérôme,Mannelijk,12/19/2019
Amay,Philippe,Mannelijk,12/13/2019
La Louvière,Sacha,Mannelijk,12/04/2019
Oudenburg,Noël,Mannelijk,12/09/2019
Sint-Pieters-Woluwe,Maëlle,Vrouwelijk,12/11/2019
Evere,Bruno,Mannelijk,12/11/2019
Ieper,Julien,Mannelijk,12/28/2019
Ans,Pietro,Mannelijk,12/13/2019
Luik,Christiane,Vrouwelijk,12/10/2019
Putte,Jozef,Mannelijk,12/15/2019
Nandrin,Alexandra,Vrouwelijk,12/11/2019
Roeselare,Ann-Sophie,Vrouwelijk,12/02/2019
Antwerpen,Stefan,Mannelijk,12/14/2019
Lubbeek,Joren,Mannelijk,12/14/2019
Lokeren,Suzanna,Vrouwelijk,12/11/2019
Antwerpen,Mark,Mannelijk,12/18/2019
Beringen,Gery,Mannelijk,12/20/2019
Aalst (Aalst),Rene,Mannelijk,12/07/2019
Lanaken,Didier,Mannelijk,12/28/2019
Luik,Romeo,Mannelijk,12/10/2019
Machelen (Halle-Vilvoorde),Sandra,Vrouwelijk,12/11/2019
Duffel,Michael,Mannelijk,12/08/2019
Bütgenbach,Ursula,Vrouwelijk,12/17/2019
Zinnik,Lucie,Vrouwelijk,01/17/2020
Chapelle-lez-Herlaimont,Maxence,Mannelijk,12/09/2019
Ganshoren,Daniel,Mannelijk,12/10/2019
Boussu,Arcangela,Vrouwelijk,12/12/2019
Harelbeke,Ivan,Mannelijk,12/10/2019
Chimay,Yves,Mannelijk,12/17/2019
Brugge,Jeffrey,Mannelijk,01/02/2020
Bilzen,Davy,Mannelijk,12/07/2019
Retie,Maria,Vrouwelijk,12/16/2019
Charleroi,Manon,Vrouwelijk,12/21/2019
La Bruyère,Eva,Vrouwelijk,12/29/2019
Oudenaarde,Rudy,Mannelijk,12/20/2019
Bergen,Michaël,Mannelijk,12/25/2019
Gent,Michaël,Mannelijk,12/08/2019
Zandhoven,Evy,Vrouwelijk,12/10/2019
Waregem,Lars,Mannelijk,01/02/2020
Doornik,Pascal,Mannelijk,12/06/2019
Leuven,Nina,Vrouwelijk,12/21/2019
Heuvelland,Miel,Mannelijk,12/13/2019
Genk,Filomena,Vrouwelijk,01/04/2020
Gent,Olivier,Mannelijk,01/04/2020
Kortemark,Norbert,Mannelijk,12/25/2019
Zwevegem,Tibo,Mannelijk,12/17/2019
Moeskroen,Nolan,Mannelijk,12/05/2019
Doornik,Gabrielle,Vrouwelijk,12/12/2019
Grimbergen,Imelda,Vrouwelijk,12/20/2019
Leuven,Dania,Vrouwelijk,12/09/2019
Laakdal,Rosalia,Vrouwelijk,01/13/2020
Luik,Anca,Vrouwelijk,12/11/2019
Ledegem,Eline,Vrouwelijk,12/09/2019
Antwerpen,Martine,Vrouwelijk,12/14/2019
Kruisem,Werner,Mannelijk,01/03/2020
Sint-Agatha-Berchem,Ibrahim,Mannelijk,12/11/2019
Landen,Jens,Mannelijk,12/16/2019
Chaudfontaine,Stéphanie,Vrouwelijk,12/18/2019
Remicourt,Sarah,Vrouwelijk,12/08/2019
Kelmis,Danielle,Vrouwelijk,12/11/2019
Brugge,Mario,Mannelijk,12/06/2019
Gavere,Daan,Mannelijk,12/16/2019
Edegem,Dirk,Mannelijk,01/03/2020
Rebecq,Benoit,Mannelijk,12/03/2019
Mechelen,Hamza,Mannelijk,12/09/2019
Ninove,David,Mannelijk,12/19/2019
Bilzen,Claudia,Vrouwelijk,12/07/2019
Luik,Nancy,Vrouwelijk,12/13/2019
Moeskroen,Marie-Noëlle,Vrouwelijk,12/20/2019
Luik,Jean,Mannelijk,01/03/2020
Etterbeek,Lamia,Vrouwelijk,12/11/2019
Antwerpen,Keziban,Vrouwelijk,12/16/2019
Schaarbeek,Nicolas,Mannelijk,12/15/2019
Gistel,Bart,Mannelijk,12/26/2019
Maaseik,Marie,Vrouwelijk,12/09/2019
Sint-Martens-Latem,Freddy,Mannelijk,01/03/2020
Boussu,Sylvie,Vrouwelijk,12/16/2019
Sombreffe,Géraldine,Vrouwelijk,12/09/2019
Scherpenheuvel-Zichem,Christiane,Vrouwelijk,01/01/2020
Oud-Turnhout,Michel,Mannelijk,12/05/2019
Zinnik,Elodie,Vrouwelijk,12/12/2019
Yvoir,Françoise,Vrouwelijk,12/16/2019
Ukkel,Michela,Vrouwelijk,12/15/2019
Aarlen,Charlotte,Vrouwelijk,12/09/2019
Ninove,André,Mannelijk,12/08/2019
Turnhout,Denis,Mannelijk,12/09/2019
Anderlecht,Cristinel,Mannelijk,12/09/2019
Blankenberge,Chloë,Vrouwelijk,12/03/2019
Aalst (Aalst),Jeanine,Vrouwelijk,12/10/2019
Colfontaine,Ariane,Vrouwelijk,12/18/2019
Moeskroen,Dimitri,Mannelijk,01/01/2020
Gent,Gökkiz,Vrouwelijk,12/06/2019
Turnhout,Bart,Mannelijk,12/09/2019
Berlare,Kristine,Vrouwelijk,12/14/2019
Aat,Jean-Louis,Mannelijk,12/10/2019
Diest,Manon,Vrouwelijk,12/11/2019
Putte,Ella,Vrouwelijk,12/26/2019
Tielt-Winge,Stefaan,Mannelijk,12/10/2019
Anderlecht,Samia,Vrouwelijk,12/16/2019
Gent,Kristof,Mannelijk,01/26/2020
Bergen,Andy,Mannelijk,12/25/2019
Schilde,Helga,Vrouwelijk,12/03/2019
Kampenhout,Björn,Mannelijk,12/27/2019
Brugge,Céline,Vrouwelijk,12/11/2019
Waregem,Joran,Mannelijk,12/14/2019
Antwerpen,Ayad,Mannelijk,12/02/2019
Antwerpen,Bianca,Vrouwelijk,12/08/2019
Mol,Jens,Mannelijk,12/21/2019
Wetteren,Paul,Mannelijk,12/29/2019
Dilbeek,Krzysztof,Mannelijk,12/10/2019
Hoeselt,Jean,Mannelijk,12/28/2019
Roeselare,Jacqueline,Vrouwelijk,12/09/2019
Sint-Joost-ten-Node,Sabah,Vrouwelijk,12/17/2019
Keerbergen,Karen,Vrouwelijk,12/21/2019
Lommel,Rita,Vrouwelijk,12/01/2019
Zonnebeke,Matteo,Mannelijk,12/05/2019
Koekelberg,Mostapha,Mannelijk,12/03/2019
Rijkevorsel,Raf,Mannelijk,12/27/2019
Nieuwpoort,Alain,Mannelijk,12/09/2019
Pecq,Geoffrey,Mannelijk,12/08/2019
Fosses-la-Ville,Philippe,Mannelijk,12/12/2019
Meulebeke,José,Mannelijk,12/15/2019
Schaarbeek,Mariame,Vrouwelijk,12/18/2019
Kalmthout,Filip,Mannelijk,12/18/2019
Doornik,Bénédicte,Vrouwelijk,12/06/2019
Gerpinnes,Arthur,Mannelijk,12/09/2019
Gerpinnes,Olivier,Mannelijk,12/06/2019
Perwijs (Nijvel),Sophie,Vrouwelijk,12/03/2019
Bonheiden,Elise,Vrouwelijk,12/09/2019
Koekelberg,Philippe,Mannelijk,12/30/2019
Verviers,Marie-Louise,Vrouwelijk,12/11/2019
Zele,Felix,Mannelijk,12/04/2019
Lens,Anaïs,Vrouwelijk,12/10/2019
Sint-Niklaas (Sint-Niklaas),Kris,Mannelijk,12/21/2019
Fontaine-l’Evêque,Laura,Vrouwelijk,12/04/2019
Gent,Gilles,Mannelijk,12/18/2019
Juprelle,Brigitte,Vrouwelijk,12/21/2019
Haacht,Jeannine,Vrouwelijk,01/08/2020
Edegem,Marleen,Vrouwelijk,12/17/2019
Verlaine,Marie,Vrouwelijk,12/04/2019
Lijsem,Christian,Mannelijk,01/31/2020
Schilde,Julien,Mannelijk,12/08/2019
Edegem,Josephine,Vrouwelijk,12/09/2019
Boom,Andy,Mannelijk,12/19/2019
Sint-Pieters-Leeuw,Roger,Mannelijk,12/13/2019
Wanze,Estelle,Vrouwelijk,12/08/2019
Lanaken,Anna,Vrouwelijk,12/20/2019
Sint-Gillis,Hajar,Vrouwelijk,12/11/2019
Aat,Jean,Mannelijk,12/23/2019
Schaarbeek,Zineb,Vrouwelijk,12/21/2019
Luik,Marvin,Mannelijk,12/21/2019
Heist-op-den-Berg,Louise,Vrouwelijk,12/27/2019
Leuze-en-Hainaut,Eric,Mannelijk,12/08/2019
La Louvière,Helena,Vrouwelijk,12/20/2019
Kapelle-op-den-Bos,Anne,Vrouwelijk,12/03/2019
Chastre,Georges,Mannelijk,12/15/2019
Deinze,Rosita,Vrouwelijk,12/14/2019
Charleroi,Camille,Vrouwelijk,12/29/2019
Dalhem,Julia,Vrouwelijk,12/19/2019
Waregem,Nathalie,Vrouwelijk,12/21/2019
Oudenaarde,Elie,Mannelijk,12/31/2019
Wuustwezel,Cindy,Vrouwelijk,12/03/2019
Bitsingen,René,Mannelijk,12/08/2019
Kruisem,Luc,Mannelijk,12/12/2019
Lochristi,Noor,Vrouwelijk,12/14/2019
Brussel,Arnold,Mannelijk,12/19/2019
Chaudfontaine,Raymond,Mannelijk,12/14/2019
Antwerpen,Burim,Mannelijk,12/12/2019
Namen,Aïcha,Vrouwelijk,12/17/2019
Moeskroen,Albert,Mannelijk,12/19/2019
Leuven,Alain,Mannelijk,12/10/2019
Sint-Niklaas (Sint-Niklaas),Lynn,Vrouwelijk,12/09/2019
Verviers,Madison,Vrouwelijk,12/21/2019
Kortenberg,Marine,Vrouwelijk,12/19/2019
Lint,Jonas,Mannelijk,12/28/2019
Herne,Christian,Mannelijk,12/05/2019
