gemeente,naam,geslacht,verwachte datum
Brakel,Brian,Mannelijk,04/18/2019
Brasschaat,Ruben,Mannelijk,04/28/2019
Marche-en-Famenne,Chloé,Vrouwelijk,04/26/2019
Beersel,Hans,Mannelijk,04/18/2019
Zottegem,Lieze,Vrouwelijk,05/01/2019
Gent,Isabelle,Vrouwelijk,04/21/2019
Gent,Vincent,Mannelijk,04/27/2019
Kaprijke,Nancy,Vrouwelijk,04/20/2019
Brussel,Mohamed,Mannelijk,04/15/2019
Roeselare,Monika,Vrouwelijk,05/08/2019
Vorst (Brussel-Hoofdstad),Farid,Mannelijk,06/06/2019
La Louvière,Chantal,Vrouwelijk,05/05/2019
Antwerpen,Oliver,Mannelijk,05/11/2019
La Bruyère,Emilie,Vrouwelijk,05/09/2019
Laarne,Ben,Mannelijk,04/16/2019
Antwerpen,Ward,Mannelijk,04/17/2019
Wezet,Aurélie,Vrouwelijk,04/27/2019
Neupré,Vincenzo,Mannelijk,04/21/2019
Sint-Gillis-Waas,Rita,Vrouwelijk,04/18/2019
Oudergem,Zélie,Vrouwelijk,04/17/2019
Rixensart,Béatrice,Vrouwelijk,04/08/2019
Deinze,Eva,Vrouwelijk,04/16/2019
Charleroi,Océane,Vrouwelijk,04/10/2019
Pelt,Marie,Vrouwelijk,04/21/2019
Bocholt,Stan,Mannelijk,05/02/2019
Meulebeke,Lindsey,Vrouwelijk,04/08/2019
Doornik,Cédric,Mannelijk,05/08/2019
Brussel,Pierre,Mannelijk,04/14/2019
Gent,Fernand,Mannelijk,04/20/2019
Vorst (Brussel-Hoofdstad),Piotr,Mannelijk,04/18/2019
Leuze-en-Hainaut,Nelly,Vrouwelijk,04/25/2019
Oudergem,Florence,Vrouwelijk,04/16/2019
Tongeren,Johan,Mannelijk,05/09/2019
Kontich,Léon,Mannelijk,04/19/2019
Duffel,Els,Vrouwelijk,04/15/2019
Antwerpen,Margot,Vrouwelijk,05/01/2019
Zedelgem,Kristof,Mannelijk,04/08/2019
Aalst (Aalst),Rudi,Mannelijk,04/30/2019
Brasschaat,Eddy,Mannelijk,05/06/2019
Etterbeek,Jordan,Mannelijk,04/15/2019
Brecht,Lutgarde,Vrouwelijk,04/24/2019
Gent,Brigitte,Vrouwelijk,04/23/2019
La Louvière,Grégory,Mannelijk,04/26/2019
Lier,Gianni,Mannelijk,04/22/2019
Alken,Christa,Vrouwelijk,04/19/2019
Lier,Jeroen,Mannelijk,04/27/2019
Yvoir,Pierre,Mannelijk,04/12/2019
Landen,Joseph,Mannelijk,04/09/2019
Seraing,Johnny,Mannelijk,04/18/2019
Koekelberg,Anaïs,Vrouwelijk,05/09/2019
Sombreffe,Guillaume,Mannelijk,04/13/2019
Luik,Morgane,Vrouwelijk,04/21/2019
Vaux-sur-Sûre,Aurélie,Vrouwelijk,04/17/2019
Sint-Lambrechts-Woluwe,Ilyes,Mannelijk,04/21/2019
Sint-Truiden,Steven,Mannelijk,04/11/2019
Erpe-Mere,Griet,Vrouwelijk,04/24/2019
Zwijndrecht,Tessa,Vrouwelijk,04/19/2019
Rotselaar,Lander,Mannelijk,04/09/2019
Zwijndrecht,Anne,Vrouwelijk,05/10/2019
Bocholt,Diane,Vrouwelijk,04/30/2019
Ingelmunster,Marc,Mannelijk,04/28/2019
Evergem,Sarah,Vrouwelijk,04/19/2019
Elsene,Ayman,Mannelijk,04/15/2019
Aarschot,Dean,Mannelijk,04/17/2019
Antwerpen,Afnan,Vrouwelijk,05/09/2019
Edingen,Maude,Vrouwelijk,04/12/2019
Aat,Yvette,Vrouwelijk,04/27/2019
Schaarbeek,Canan,Vrouwelijk,04/18/2019
Tielt (Tielt),Gilbert,Mannelijk,04/16/2019
Oostende,Anthony,Mannelijk,04/28/2019
Hasselt,Helga,Vrouwelijk,04/24/2019
Welkenraedt,Pierre,Mannelijk,05/02/2019
Eghezée,Michaël,Mannelijk,04/26/2019
Merelbeke,Amber,Vrouwelijk,04/21/2019
Bitsingen,Sébastien,Mannelijk,04/21/2019
Genk,Jordy,Mannelijk,04/15/2019
Peer,Karin,Vrouwelijk,04/26/2019
Quiévrain,Yves,Mannelijk,04/19/2019
Brussel,Jan,Mannelijk,04/22/2019
Antwerpen,Alfons,Mannelijk,04/25/2019
Pepinster,Isabelle,Vrouwelijk,04/18/2019
Waver,Anna,Vrouwelijk,04/25/2019
Eghezée,Arthur,Mannelijk,04/27/2019
Beveren (Sint-Niklaas),Christine,Vrouwelijk,04/09/2019
Binche,Michel,Mannelijk,04/21/2019
Deinze,Wilfried,Mannelijk,04/11/2019
Machelen (Halle-Vilvoorde),Andrée,Vrouwelijk,04/10/2019
De Panne,Annie,Vrouwelijk,04/21/2019
Zwijndrecht,Cecilia,Vrouwelijk,05/08/2019
Lochristi,Mario,Mannelijk,04/16/2019
Chaudfontaine,Rafaël,Mannelijk,04/29/2019
Gouvy,Nicole,Vrouwelijk,04/19/2019
Landen,Fatima,Vrouwelijk,04/15/2019
Ninove,Athina,Vrouwelijk,05/08/2019
Luik,Mounir,Mannelijk,05/30/2019
Flémalle,Salomé,Vrouwelijk,05/09/2019
Charleroi,Mayline,Vrouwelijk,04/16/2019
Beloeil,Roger,Mannelijk,05/04/2019
Bonheiden,Elke,Vrouwelijk,04/18/2019
Schoten,Gerda,Vrouwelijk,04/17/2019
Herve,Célia,Vrouwelijk,04/15/2019
Charleroi,Jean-Claude,Mannelijk,04/08/2019
Courcelles,Marie,Vrouwelijk,04/21/2019
Beerse,Dries,Mannelijk,04/21/2019
Aarlen,Sophie,Vrouwelijk,04/20/2019
Antoing,Théo,Mannelijk,04/21/2019
Antwerpen,Antonia,Vrouwelijk,04/16/2019
Zaventem,Michel,Mannelijk,04/27/2019
Sint-Katelijne-Waver,Gerda,Vrouwelijk,04/08/2019
Sint-Truiden,Ismail,Mannelijk,04/20/2019
Eigenbrakel,Anthony,Mannelijk,05/03/2019
Eeklo,Sonja,Vrouwelijk,04/15/2019
Waregem,Thibault,Mannelijk,04/22/2019
Dendermonde,Stan,Mannelijk,04/11/2019
Sint-Niklaas (Sint-Niklaas),Gunter,Mannelijk,04/18/2019
Leuven,Alphonse,Mannelijk,04/14/2019
Balen,Hans,Mannelijk,04/17/2019
Herzele,Anna,Vrouwelijk,04/19/2019
Namen,Melissa,Vrouwelijk,04/24/2019
Putte,Hugo,Mannelijk,04/25/2019
La Louvière,David,Mannelijk,04/19/2019
Genk,Arda,Mannelijk,04/16/2019
Andenne,Christine,Vrouwelijk,04/15/2019
Buggenhout,Jean,Mannelijk,04/10/2019
Oupeye,Luis,Mannelijk,04/25/2019
Geel,Nand,Mannelijk,04/28/2019
Antwerpen,Paolo,Mannelijk,04/19/2019
Aalst (Aalst),Magda,Vrouwelijk,04/20/2019
Gent,Jean,Mannelijk,04/24/2019
Leuven,Kobe,Mannelijk,04/20/2019
Mechelen,Maria,Vrouwelijk,04/20/2019
Gingelom,Jo,Mannelijk,04/22/2019
De Pinte,Mieke,Vrouwelijk,04/15/2019
Moeskroen,Estéban,Mannelijk,04/14/2019
Kuurne,Lien,Vrouwelijk,04/26/2019
Antwerpen,Mohammed,Mannelijk,04/23/2019
Schaarbeek,Ivan,Mannelijk,04/08/2019
Chaudfontaine,Frédéric,Mannelijk,04/22/2019
Zoutleeuw,Theo,Mannelijk,04/20/2019
Bergen,Laurent,Mannelijk,04/17/2019
Antwerpen,Najat,Vrouwelijk,04/26/2019
Sint-Joost-ten-Node,Elisa,Vrouwelijk,04/13/2019
Antwerpen,Inez,Vrouwelijk,04/28/2019
Kortrijk,Nick,Mannelijk,04/15/2019
Deerlijk,Willy,Mannelijk,04/25/2019
Frasnes-lez-Anvaing,Sabine,Vrouwelijk,04/09/2019
Elzele,Hélène,Vrouwelijk,04/12/2019
Nijlen,Louise,Vrouwelijk,04/19/2019
Affligem,Gilles,Mannelijk,04/26/2019
Kuurne,Els,Vrouwelijk,04/11/2019
Luik,Bernard,Mannelijk,05/04/2019
Meise,Benjamin,Mannelijk,04/11/2019
Antwerpen,Ilyas,Mannelijk,04/25/2019
Charleroi,Victor,Mannelijk,04/17/2019
Heist-op-den-Berg,Cindy,Vrouwelijk,04/18/2019
Antwerpen,Hilda,Vrouwelijk,04/19/2019
Hoei,Marie-France,Vrouwelijk,04/20/2019
Laarne,Luc,Mannelijk,04/17/2019
Ans,Sophie,Vrouwelijk,04/24/2019
Brussel,Naïma,Vrouwelijk,05/03/2019
Antwerpen,Tom,Mannelijk,04/17/2019
Ledegem,Rosa,Vrouwelijk,04/20/2019
Asse,Michel,Mannelijk,04/15/2019
Charleroi,Corentin,Mannelijk,04/21/2019
Oudenaarde,Sabine,Vrouwelijk,04/18/2019
Retie,Hanne,Vrouwelijk,04/15/2019
Andenne,Jérôme,Mannelijk,04/18/2019
Charleroi,Kevin,Mannelijk,05/01/2019
Sint-Gillis-Waas,Bob,Mannelijk,04/13/2019
Gent,Frederic,Mannelijk,04/10/2019
Lochristi,Bram,Mannelijk,04/27/2019
Sint-Joost-ten-Node,Simon,Mannelijk,04/16/2019
Wervik,Martine,Vrouwelijk,04/27/2019
Bilzen,Kris,Mannelijk,04/22/2019
Wanze,Dominique,Mannelijk,04/23/2019
Aarschot,Fien,Vrouwelijk,04/20/2019
Pecq,Julien,Mannelijk,04/20/2019
Amay,Clara,Vrouwelijk,06/08/2019
Halle (Halle-Vilvoorde),Hugo,Mannelijk,04/21/2019
Namen,Amélie,Vrouwelijk,04/17/2019
Knokke-Heist,Justine,Vrouwelijk,04/21/2019
Hannuit,Lina,Vrouwelijk,04/22/2019
Brugge,Liliane,Vrouwelijk,05/26/2019
Hoei,Joëlle,Vrouwelijk,04/17/2019
Saint-Nicolas (Luik),Rosalia,Vrouwelijk,04/10/2019
Namen,Nathalie,Vrouwelijk,04/18/2019
Raeren,Markus,Mannelijk,04/25/2019
Lier,Elza,Vrouwelijk,05/03/2019
Aalst (Aalst),Pablo,Mannelijk,04/28/2019
Sint-Lambrechts-Woluwe,Sarah,Vrouwelijk,04/21/2019
Izegem,Anna,Vrouwelijk,04/19/2019
Herne,Bert,Mannelijk,04/13/2019
Leuven,Emilie,Vrouwelijk,04/16/2019
Gembloux,Valentine,Vrouwelijk,04/21/2019
Huldenberg,Ruben,Mannelijk,04/14/2019
Tongeren,Anja,Vrouwelijk,04/20/2019
Lier,Annabel,Vrouwelijk,05/03/2019
Schaarbeek,Esma,Vrouwelijk,04/26/2019
Sint-Gillis,Tomasz,Mannelijk,04/12/2019
Gerpinnes,Patricia,Vrouwelijk,05/08/2019
Wevelgem,Lowie,Mannelijk,04/21/2019
Ukkel,Jeannine,Vrouwelijk,04/22/2019
Beernem,Luc,Mannelijk,04/27/2019
Ingelmunster,Bert,Mannelijk,04/26/2019
Schelle,Greta,Vrouwelijk,04/28/2019
Bergen,Juliette,Vrouwelijk,04/21/2019
Pelt,Marc,Mannelijk,04/18/2019
Doische,Sébastien,Mannelijk,04/24/2019
Aalst (Aalst),Johan,Mannelijk,04/20/2019
Antwerpen,Jean,Mannelijk,04/19/2019
Aalst (Aalst),Benjamin,Mannelijk,04/23/2019
Avelgem,Ellen,Vrouwelijk,04/21/2019
Hoei,Vanessa,Vrouwelijk,04/24/2019
Eigenbrakel,Madeleine,Vrouwelijk,04/19/2019
Antwerpen,Carina,Vrouwelijk,04/14/2019
Welkenraedt,Nicolas,Mannelijk,04/22/2019
Amay,Victor,Mannelijk,05/22/2019
Haacht,Nancy,Vrouwelijk,04/15/2019
Oostende,Liliane,Vrouwelijk,04/18/2019
Moeskroen,Julien,Mannelijk,04/27/2019
Onhaye,Guillaume,Mannelijk,04/16/2019
Ukkel,Nathalie,Vrouwelijk,05/04/2019
Sint-Pieters-Woluwe,Mariette,Vrouwelijk,04/22/2019
Sint-Niklaas (Sint-Niklaas),Kenny,Mannelijk,04/10/2019
Halle (Halle-Vilvoorde),Jarne,Mannelijk,04/08/2019
De Pinte,Sandra,Vrouwelijk,04/28/2019
Brussel,Abdelkader,Mannelijk,04/08/2019
Izegem,Ronny,Mannelijk,05/04/2019
Jemeppe-sur-Sambre,Damien,Mannelijk,04/13/2019
Riemst,Anne,Vrouwelijk,04/27/2019
Brussel,David,Mannelijk,04/28/2019
Gent,Vanessa,Vrouwelijk,04/15/2019
Nijlen,Monique,Vrouwelijk,04/20/2019
Ukkel,Alain,Mannelijk,05/10/2019
Berlare,Jolien,Vrouwelijk,04/21/2019
Oostende,Michel,Mannelijk,04/19/2019
Oostrozebeke,Giovanni,Mannelijk,04/15/2019
Elsene,Anna,Vrouwelijk,04/21/2019
Couvin,Marie,Vrouwelijk,04/16/2019
Doornik,Bernadette,Vrouwelijk,04/20/2019
Antwerpen,Malak,Vrouwelijk,04/14/2019
Kortrijk,Claude,Mannelijk,04/08/2019
Antwerpen,Mustafa,Mannelijk,04/09/2019
Vilvoorde,Odette,Vrouwelijk,04/26/2019
Charleroi,Arlette,Vrouwelijk,04/19/2019
Sint-Gillis,Anass,Mannelijk,04/28/2019
Sint-Truiden,Marie,Vrouwelijk,04/12/2019
Leuven,Jolien,Vrouwelijk,04/14/2019
Oupeye,Eveline,Vrouwelijk,04/17/2019
Ieper,Amy,Vrouwelijk,04/30/2019
Deinze,Michiel,Mannelijk,04/13/2019
Brugge,Sophie,Vrouwelijk,04/12/2019
Assesse,Martine,Vrouwelijk,04/27/2019
Estinnes,Ludovic,Mannelijk,04/22/2019
Ingelmunster,Elias,Mannelijk,04/23/2019
Londerzeel,Wannes,Mannelijk,04/25/2019
Izegem,Josse,Mannelijk,04/15/2019
Westerlo,Carolus,Mannelijk,04/25/2019
Dentergem,Xavier,Mannelijk,04/23/2019
Schaarbeek,Oliwia,Vrouwelijk,04/13/2019
Bredene,Ann,Vrouwelijk,04/30/2019
Leuven,Nicole,Vrouwelijk,04/26/2019
Oostende,Lukas,Mannelijk,04/19/2019
Jabbeke,Thibault,Mannelijk,04/23/2019
Waterloo,André,Mannelijk,04/22/2019
Brussel,Alexandra,Vrouwelijk,04/17/2019
Kontich,Jozef,Mannelijk,04/22/2019
Lievegem,Els,Vrouwelijk,04/15/2019
Sint-Lievens-Houtem,Erwin,Mannelijk,04/22/2019
Meulebeke,Andy,Mannelijk,04/18/2019
Lokeren,Noëlla,Vrouwelijk,04/23/2019
Rijkevorsel,Michiel,Mannelijk,04/24/2019
Leuze-en-Hainaut,Martine,Vrouwelijk,04/20/2019
Quaregnon,Anna,Vrouwelijk,04/17/2019
Sint-Martens-Latem,Pascal,Mannelijk,04/24/2019
Beersel,Sonja,Vrouwelijk,04/19/2019
Chimay,Valérie,Vrouwelijk,04/19/2019
Charleroi,Denis,Mannelijk,04/22/2019
Beveren (Sint-Niklaas),Eugenie,Vrouwelijk,04/27/2019
Kortenaken,Joanna,Vrouwelijk,04/15/2019
Laarne,Wout,Mannelijk,04/16/2019
Les Bons Villers,Arnaud,Mannelijk,04/12/2019
Leuven,Nele,Vrouwelijk,04/22/2019
Jette,Abdeslam,Mannelijk,04/17/2019
Luik,Konstantinos,Mannelijk,04/19/2019
Spa,Denise,Vrouwelijk,04/22/2019
Namen,Thomas,Mannelijk,04/20/2019
Sint-Pieters-Leeuw,Christian,Mannelijk,04/24/2019
Turnhout,An,Vrouwelijk,04/17/2019
Bergen,Valentin,Mannelijk,04/20/2019
Gedinne,Sabrina,Vrouwelijk,04/18/2019
Brussel,Cherif,Mannelijk,04/08/2019
Anderlecht,Eddy,Mannelijk,04/26/2019
Brussel,Luana,Vrouwelijk,04/18/2019
Brussel,Ayten,Vrouwelijk,04/08/2019
Schaarbeek,Mariette,Vrouwelijk,04/26/2019
Laarne,Linda,Vrouwelijk,04/15/2019
Waver,Odile,Vrouwelijk,04/18/2019
Lier,Maria,Vrouwelijk,04/19/2019
Lommel,Françine,Vrouwelijk,04/28/2019
Etterbeek,Cristina,Vrouwelijk,04/20/2019
Zelzate,Dany,Mannelijk,04/19/2019
Aalst (Aalst),Fabienne,Vrouwelijk,04/15/2019
Sint-Gillis,João,Mannelijk,04/17/2019
Pelt,Liliane,Vrouwelijk,05/22/2019
Diest,Elina,Vrouwelijk,05/01/2019
Brussel,Metehan,Mannelijk,04/19/2019
Antwerpen,Jana,Vrouwelijk,04/10/2019
Neufchâteau (Neufchâteau),Dylan,Mannelijk,04/21/2019
Zutendaal,Magda,Vrouwelijk,04/30/2019
Charleroi,Aya,Vrouwelijk,05/08/2019
Zele,Amber,Vrouwelijk,04/23/2019
Asse,Lutgarde,Vrouwelijk,04/11/2019
Eghezée,Didier,Mannelijk,04/10/2019
Bornem,Tom,Mannelijk,04/26/2019
Brussel,Abderrahim,Mannelijk,04/17/2019
Koksijde,Noor,Vrouwelijk,05/10/2019
Deerlijk,Chris,Mannelijk,04/12/2019
Dilsen-Stokkem,Anna,Vrouwelijk,04/28/2019
Quaregnon,Christelle,Vrouwelijk,04/18/2019
Lessen,Caroline,Vrouwelijk,05/07/2019
Sint-Niklaas (Sint-Niklaas),Marcel,Mannelijk,04/12/2019
Doornik,Pierre,Mannelijk,04/13/2019
Brussel,Vincent,Mannelijk,05/04/2019
Meerhout,Els,Vrouwelijk,04/11/2019
