gemeente,naam,geslacht,verwachte datum
Willebroek,Dylan,Mannelijk,05/21/2019
Dilsen-Stokkem,Lilianne,Vrouwelijk,05/22/2019
Bergen,Barbara,Vrouwelijk,05/09/2019
Oostende,Seth,Mannelijk,05/13/2019
Brussel,Jacqueline,Vrouwelijk,05/22/2019
Heusden-Zolder,Hubert,Mannelijk,05/12/2019
Turnhout,Fleur,Vrouwelijk,05/16/2019
Machelen (Halle-Vilvoorde),Sofie,Vrouwelijk,05/13/2019
Anderlecht,Bryan,Mannelijk,05/13/2019
Boechout,Hilda,Vrouwelijk,05/03/2019
Sint-Jans-Molenbeek,Adam,Mannelijk,06/12/2019
Sint-Truiden,Filip,Mannelijk,05/15/2019
Laakdal,Frans,Mannelijk,05/30/2019
Wuustwezel,Rita,Vrouwelijk,06/06/2019
Bergen,Perrine,Vrouwelijk,06/03/2019
Sint-Pieters-Leeuw,Ilyas,Mannelijk,05/17/2019
Fléron,Loïc,Mannelijk,05/04/2019
Bilzen,Robert,Mannelijk,05/13/2019
Aarschot,Viviane,Vrouwelijk,05/10/2019
Antwerpen,Moshe,Mannelijk,05/15/2019
Gent,Samuel,Mannelijk,05/28/2019
Walcourt,Renaud,Mannelijk,05/15/2019
Deinze,Wim,Mannelijk,05/13/2019
Heist-op-den-Berg,Diane,Vrouwelijk,05/03/2019
Temse,Simonne,Vrouwelijk,05/12/2019
Ranst,Alfons,Mannelijk,05/29/2019
Oudergem,Julien,Mannelijk,05/05/2019
Antwerpen,Debbie,Vrouwelijk,05/07/2019
Dendermonde,Maxim,Mannelijk,05/15/2019
Rotselaar,Maarten,Mannelijk,05/14/2019
Aalst (Aalst),Marie,Vrouwelijk,05/24/2019
Boussu,Samuël,Mannelijk,05/12/2019
Malle,Steven,Mannelijk,05/11/2019
Brussel,Aleksander,Mannelijk,05/13/2019
Antwerpen,Nikolaas,Mannelijk,05/03/2019
Frameries,Nina,Vrouwelijk,05/11/2019
Oud-Heverlee,Christel,Vrouwelijk,05/22/2019
Lille,Michelle,Vrouwelijk,05/07/2019
Sint-Niklaas (Sint-Niklaas),Emine,Vrouwelijk,06/01/2019
Verviers,Nathan,Mannelijk,05/08/2019
Mechelen,Christiane,Vrouwelijk,06/05/2019
Châtelet,Célia,Vrouwelijk,05/10/2019
Sint-Joost-ten-Node,Halil,Mannelijk,05/22/2019
Ham-sur-Heure-Nalinnes,Jean,Mannelijk,05/14/2019
Knokke-Heist,Laurent,Mannelijk,05/23/2019
Charleroi,Paolo,Mannelijk,05/16/2019
Ruiselede,Fien,Vrouwelijk,05/12/2019
Kampenhout,Yvette,Vrouwelijk,05/19/2019
Evere,André,Mannelijk,05/12/2019
Aalst (Aalst),Paulina,Vrouwelijk,05/16/2019
Houffalize,Nathalie,Vrouwelijk,05/11/2019
Torhout,Lowie,Mannelijk,05/13/2019
Luik,Joanna,Vrouwelijk,05/18/2019
Beringen,Annie,Vrouwelijk,05/23/2019
Burg-Reuland,Marco,Mannelijk,05/16/2019
Kinrooi,Stijn,Mannelijk,05/19/2019
Gent,Brian,Mannelijk,05/09/2019
Brussel,Sonja,Vrouwelijk,05/22/2019
Ans,Sébastien,Mannelijk,05/07/2019
Courcelles,Maryline,Vrouwelijk,05/03/2019
Erquelinnes,Daniel,Mannelijk,05/16/2019
Wetteren,Manuel,Mannelijk,05/21/2019
Hasselt,Luc,Mannelijk,05/08/2019
Chaumont-Gistoux,Sylvie,Vrouwelijk,05/12/2019
Harelbeke,Laure,Vrouwelijk,05/13/2019
Herstal,Loïc,Mannelijk,05/04/2019
Eupen,Susanne,Vrouwelijk,05/15/2019
Brussel,Murat,Mannelijk,05/10/2019
Kuurne,Benny,Mannelijk,05/13/2019
Sambreville,Claudia,Vrouwelijk,05/11/2019
Charleroi,Myriam,Vrouwelijk,05/17/2019
Wemmel,Pierre,Mannelijk,05/23/2019
Lochristi,Michiel,Mannelijk,05/21/2019
Luik,Paulette,Vrouwelijk,05/20/2019
Antwerpen,Noor,Vrouwelijk,05/12/2019
Luik,Mathieu,Mannelijk,05/18/2019
Boussu,Marie,Vrouwelijk,05/14/2019
Hamme (Dendermonde),Emilie,Vrouwelijk,05/21/2019
Borgloon,Ariane,Vrouwelijk,05/04/2019
Buggenhout,Pierre,Mannelijk,05/15/2019
Lievegem,Marleen,Vrouwelijk,05/31/2019
Tremelo,Gert,Mannelijk,05/14/2019
Lommel,Elisabeth,Vrouwelijk,05/07/2019
Bilzen,Lena,Vrouwelijk,05/13/2019
Roeselare,Klaas,Mannelijk,05/04/2019
Antwerpen,Jozefien,Vrouwelijk,05/25/2019
Waregem,Jeannette,Vrouwelijk,05/11/2019
Maaseik,Yvonne,Vrouwelijk,05/17/2019
Andenne,David,Mannelijk,05/07/2019
Harelbeke,Isabelle,Vrouwelijk,05/07/2019
Seneffe,Jeanne,Vrouwelijk,05/19/2019
Vilvoorde,Ruben,Mannelijk,05/12/2019
Hamont-Achel,Johanna,Vrouwelijk,05/18/2019
Leuze-en-Hainaut,Murielle,Vrouwelijk,05/07/2019
La Louvière,Sophie,Vrouwelijk,06/06/2019
Borgworm,Cédric,Mannelijk,05/16/2019
Gent,Nora,Vrouwelijk,05/07/2019
Lochristi,Frederik,Mannelijk,05/20/2019
Waregem,Annelies,Vrouwelijk,05/16/2019
Puurs-Sint-Amands,Liliane,Vrouwelijk,05/13/2019
Boom,Kurt,Mannelijk,05/21/2019
Lokeren,Geert,Mannelijk,05/04/2019
Quévy,Pascal,Mannelijk,05/22/2019
Etterbeek,Juan,Mannelijk,05/12/2019
Maasmechelen,Ayoub,Mannelijk,05/13/2019
Quaregnon,Claudia,Vrouwelijk,05/12/2019
Ukkel,Isabelle,Vrouwelijk,05/31/2019
Sint-Truiden,Joseph,Mannelijk,05/13/2019
Antwerpen,Tim,Mannelijk,05/16/2019
Merksplas,Ilse,Vrouwelijk,05/16/2019
Tielt (Tielt),Dieter,Mannelijk,05/12/2019
Esneux,Elisabeth,Vrouwelijk,05/14/2019
Charleroi,Valérie,Vrouwelijk,05/22/2019
Assesse,Charlotte,Vrouwelijk,05/23/2019
Sint-Pieters-Leeuw,Khalid,Mannelijk,05/12/2019
Torhout,Wesley,Mannelijk,05/15/2019
Anderlecht,Nicoletta,Vrouwelijk,05/05/2019
Zonhoven,René,Mannelijk,06/04/2019
Aarschot,Ralph,Mannelijk,05/17/2019
Sint-Katelijne-Waver,Fien,Vrouwelijk,05/17/2019
Deinze,Lukas,Mannelijk,05/14/2019
Brussel,Georges,Mannelijk,05/15/2019
Namen,Ida,Vrouwelijk,05/24/2019
Luik,Sanae,Vrouwelijk,05/16/2019
Herselt,Nicole,Vrouwelijk,05/06/2019
Beloeil,Eden,Mannelijk,05/25/2019
Vosselaar,Robert,Mannelijk,05/13/2019
Manage,Annick,Vrouwelijk,07/07/2019
Fleurus,Giuseppina,Vrouwelijk,05/13/2019
Antwerpen,Annick,Vrouwelijk,05/14/2019
Gent,Mark,Mannelijk,05/09/2019
Antwerpen,Loeka,Vrouwelijk,05/19/2019
Raeren,Kevin,Mannelijk,05/16/2019
Pont-à-Celles,Luc,Mannelijk,05/11/2019
Dour,Linda,Vrouwelijk,05/10/2019
Denderleeuw,Mats,Mannelijk,05/05/2019
Sint-Truiden,Johannes,Mannelijk,05/14/2019
Zaventem,Monique,Vrouwelijk,05/25/2019
Hemiksem,Freya,Vrouwelijk,05/23/2019
Avelgem,Didier,Mannelijk,05/19/2019
Flémalle,Pauline,Vrouwelijk,05/04/2019
Waterloo,Joseph,Mannelijk,05/14/2019
Sint-Jans-Molenbeek,Soufiane,Mannelijk,05/11/2019
Waregem,Noor,Vrouwelijk,05/20/2019
Ninove,Marie-Paule,Vrouwelijk,05/12/2019
Sint-Niklaas (Sint-Niklaas),Abdellatif,Mannelijk,05/19/2019
Gent,Oscar,Mannelijk,05/12/2019
Aarlen,Erika,Vrouwelijk,05/15/2019
Asse,Angela,Vrouwelijk,05/10/2019
Anderlecht,Jean-Pierre,Mannelijk,05/23/2019
Waver,Juan,Mannelijk,06/02/2019
Anderlecht,Sara,Vrouwelijk,05/18/2019
Ukkel,Jean-Luc,Mannelijk,05/16/2019
Dinant,Anne-Marie,Vrouwelijk,05/09/2019
Aalst (Aalst),Maud,Vrouwelijk,05/21/2019
Gent,Dudu,Vrouwelijk,05/27/2019
Schaarbeek,Maxime,Mannelijk,05/07/2019
Menen,Veerle,Vrouwelijk,05/17/2019
Denderleeuw,Kelly,Vrouwelijk,05/30/2019
Ninove,Joris,Mannelijk,05/14/2019
Neupré,Hugo,Mannelijk,05/13/2019
Ukkel,Alice,Vrouwelijk,05/16/2019
Malmedy,Francis,Mannelijk,05/11/2019
Anderlecht,Amélia,Vrouwelijk,05/06/2019
Namen,Lindsay,Vrouwelijk,05/18/2019
Sint-Truiden,Bertha,Vrouwelijk,05/14/2019
Erquelinnes,Didier,Mannelijk,05/11/2019
Aubange,Manon,Vrouwelijk,05/13/2019
Lint,Jan,Mannelijk,05/07/2019
Gent,Haroun,Mannelijk,05/08/2019
Lierde,Monique,Vrouwelijk,05/10/2019
Geraardsbergen,Ann,Vrouwelijk,05/23/2019
Tongeren,Tess,Vrouwelijk,05/18/2019
Waterloo,Lilou,Vrouwelijk,05/20/2019
Celles (Doornik),Marie-Rose,Vrouwelijk,05/14/2019
Wingene,Henriette,Vrouwelijk,05/07/2019
Luik,Marie,Vrouwelijk,05/31/2019
Eigenbrakel,Françoise,Vrouwelijk,05/20/2019
Oostende,Marie,Vrouwelijk,05/14/2019
Ciney,Louis,Mannelijk,05/11/2019
Mortsel,Dina,Vrouwelijk,05/10/2019
Sint-Niklaas (Sint-Niklaas),Juul,Mannelijk,05/10/2019
Lievegem,Lucien,Mannelijk,05/18/2019
Leuven,Renata,Vrouwelijk,05/15/2019
Brugge,Marie,Vrouwelijk,05/16/2019
Brecht,Walter,Mannelijk,05/04/2019
Aalst (Aalst),Brecht,Mannelijk,05/16/2019
Charleroi,Amel,Vrouwelijk,05/12/2019
Hoogstraten,Godelieve,Vrouwelijk,05/03/2019
Antwerpen,Rachel,Vrouwelijk,05/13/2019
Antwerpen,Hanne,Vrouwelijk,05/10/2019
Amel,Joshua,Mannelijk,05/11/2019
Schaarbeek,Yassine,Mannelijk,05/05/2019
Luik,Yvan,Mannelijk,06/05/2019
Aalst (Aalst),Cédric,Mannelijk,05/09/2019
Hasselt,Jo,Vrouwelijk,05/16/2019
Herzele,Hanne,Vrouwelijk,06/20/2019
Essen,Bart,Mannelijk,05/16/2019
Meise,Annick,Vrouwelijk,05/21/2019
Heuvelland,Christian,Mannelijk,05/03/2019
Lievegem,Raphaël,Mannelijk,05/19/2019
Brasschaat,Margot,Vrouwelijk,05/09/2019
Hasselt,Tamara,Vrouwelijk,05/04/2019
Zinnik,José,Mannelijk,05/12/2019
Lier,Pegie,Vrouwelijk,05/21/2019
Tubeke,Chantal,Vrouwelijk,05/12/2019
Stekene,Lea,Vrouwelijk,05/10/2019
Luik,Sirine,Vrouwelijk,05/13/2019
Evere,Nadia,Vrouwelijk,05/22/2019
Profondeville,Mathilde,Vrouwelijk,05/10/2019
Estaimpuis,Christian,Mannelijk,05/14/2019
La Bruyère,Rudi,Mannelijk,05/22/2019
De Panne,Kris,Mannelijk,05/15/2019
Mechelen,Elza,Vrouwelijk,05/11/2019
Fléron,Nadia,Vrouwelijk,05/12/2019
Deerlijk,Jacqueline,Vrouwelijk,05/10/2019
Deinze,Rosy,Vrouwelijk,05/13/2019
Leuven,Oliver,Mannelijk,05/23/2019
Sint-Truiden,Daniella,Vrouwelijk,05/10/2019
Zulte,Lotte,Vrouwelijk,05/17/2019
Fontaine-l’Evêque,Loredana,Vrouwelijk,05/20/2019
Gent,Herlinde,Vrouwelijk,06/05/2019
Heist-op-den-Berg,Guido,Mannelijk,05/08/2019
Namen,Pascal,Mannelijk,05/13/2019
Landen,Ariane,Vrouwelijk,05/23/2019
Etterbeek,Giulia,Vrouwelijk,05/23/2019
Sint-Gillis,Hiba,Vrouwelijk,05/12/2019
Aalst (Aalst),Paulus,Mannelijk,05/17/2019
Zwevegem,Frans,Mannelijk,05/16/2019
Aalter,Dieter,Mannelijk,05/14/2019
Hasselt,Irène,Vrouwelijk,05/13/2019
Genk,Richard,Mannelijk,05/06/2019
Geel,Katrien,Vrouwelijk,05/11/2019
Jette,Hiba,Vrouwelijk,05/18/2019
Houthulst,Johan,Mannelijk,05/10/2019
Essen,Steven,Mannelijk,05/31/2019
Morlanwelz,Giovanni,Mannelijk,05/14/2019
Frasnes-lez-Anvaing,Jean-François,Mannelijk,05/22/2019
Frasnes-lez-Anvaing,Cindy,Vrouwelijk,05/12/2019
Brasschaat,Ingrid,Vrouwelijk,05/23/2019
Wuustwezel,Valerie,Vrouwelijk,05/03/2019
Hannuit,Sandra,Vrouwelijk,05/22/2019
De Haan,Marc,Mannelijk,05/09/2019
Kontich,Robert,Mannelijk,05/23/2019
Villers-la-Ville,Françoise,Vrouwelijk,05/04/2019
Kraainem,Stéphane,Mannelijk,05/07/2019
Charleroi,Claude,Mannelijk,06/06/2019
Ieper,Valérie,Vrouwelijk,05/17/2019
Charleroi,Zélia,Vrouwelijk,05/03/2019
Gent,Petar,Mannelijk,05/26/2019
Oudsbergen,Bente,Vrouwelijk,05/13/2019
Namen,Ghislain,Mannelijk,06/04/2019
Nandrin,Alice,Vrouwelijk,05/17/2019
Luik,Amaury,Mannelijk,05/04/2019
Sint-Lambrechts-Woluwe,Saloua,Vrouwelijk,05/06/2019
La Louvière,Silvana,Vrouwelijk,05/22/2019
Brussel,David,Mannelijk,05/17/2019
Chiny,Jules,Mannelijk,05/05/2019
Tubeke,Daniel,Mannelijk,05/12/2019
Oostende,Anne-Marie,Vrouwelijk,05/10/2019
Herentals,Dylan,Mannelijk,05/11/2019
Ukkel,Omar,Mannelijk,06/03/2019
Gent,Denise,Vrouwelijk,05/05/2019
La Louvière,Martine,Vrouwelijk,05/04/2019
Aalter,Annie,Vrouwelijk,05/23/2019
Antwerpen,Ronan,Mannelijk,06/02/2019
Alken,Stan,Mannelijk,05/17/2019
Puurs-Sint-Amands,Ann,Vrouwelijk,05/04/2019
Alveringem,Kevin,Mannelijk,05/10/2019
Dendermonde,Patrick,Mannelijk,05/10/2019
Binche,Léa,Vrouwelijk,05/13/2019
Charleroi,Issam,Mannelijk,05/14/2019
Brussel,Hélène,Vrouwelijk,06/02/2019
Namen,Henri,Mannelijk,05/23/2019
Stavelot,Léa,Vrouwelijk,05/13/2019
Sint-Pieters-Woluwe,Thibault,Mannelijk,05/14/2019
Beyne-Heusay,Florian,Mannelijk,05/24/2019
Brugge,Denise,Vrouwelijk,05/03/2019
Bilzen,Kim,Mannelijk,05/23/2019
Asse,Lynn,Vrouwelijk,05/25/2019
Pelt,Jos,Mannelijk,05/10/2019
Chaumont-Gistoux,Michelle,Vrouwelijk,05/27/2019
Bredene,Caroline,Vrouwelijk,05/15/2019
Etterbeek,Redouan,Mannelijk,05/19/2019
Evere,Naïma,Vrouwelijk,05/16/2019
Ninove,Evelien,Vrouwelijk,05/12/2019
Kuurne,Sandrine,Vrouwelijk,05/12/2019
Anderlues,Charlotte,Vrouwelijk,06/04/2019
Assesse,Carine,Vrouwelijk,05/18/2019
Haaltert,Jill,Vrouwelijk,05/27/2019
Oudergem,Gauthier,Mannelijk,05/15/2019
Sint-Genesius-Rode,Fabienne,Vrouwelijk,05/10/2019
Oostkamp,Jeffrey,Mannelijk,05/06/2019
Kraainem,Christine,Vrouwelijk,05/10/2019
Zaventem,Yolande,Vrouwelijk,06/18/2019
Hasselt,Isabeau,Vrouwelijk,05/17/2019
Bergen,Françoise,Vrouwelijk,05/17/2019
Oostende,Patrick,Mannelijk,05/23/2019
Mechelen,Ilham,Vrouwelijk,05/09/2019
Lommel,Mohammad,Mannelijk,05/23/2019
Trooz,Steve,Mannelijk,05/10/2019
Beauraing,Quentin,Mannelijk,05/04/2019
Ranst,Marc,Mannelijk,05/14/2019
Poperinge,Cecile,Vrouwelijk,06/03/2019
Leuven,Yi,Vrouwelijk,05/22/2019
Leuven,Vitalii,Mannelijk,05/24/2019
Rotselaar,Patrick,Mannelijk,05/21/2019
Antwerpen,Fabiano,Mannelijk,05/10/2019
Charleroi,Pascal,Mannelijk,05/15/2019
Charleroi,Martine,Vrouwelijk,05/16/2019
Frameries,Wendy,Vrouwelijk,05/11/2019
Oostende,Regina,Vrouwelijk,05/18/2019
Willebroek,Jan,Mannelijk,05/22/2019
Antwerpen,Mimi,Vrouwelijk,05/19/2019
Brussel,Karin,Vrouwelijk,05/12/2019
Fontaine-l’Evêque,Anna,Vrouwelijk,05/14/2019
Tienen,Elisabeth,Vrouwelijk,05/13/2019
Asse,Greta,Vrouwelijk,05/12/2019
Wuustwezel,Ellen,Vrouwelijk,05/12/2019
Edingen,Bernadette,Vrouwelijk,05/31/2019
Izegem,Anja,Vrouwelijk,06/03/2019
Leuven,Marlies,Vrouwelijk,05/24/2019
Rochefort,Sylviane,Vrouwelijk,05/12/2019
Koekelare,Kyara,Vrouwelijk,05/05/2019
Marche-en-Famenne,Jeanne,Vrouwelijk,05/13/2019
