gemeente,naam,geslacht,verwachte datum
Chimay,Maryline,Vrouwelijk,03/24/2019
Binche,Baptiste,Mannelijk,03/30/2019
Schilde,Danny,Mannelijk,04/05/2019
Spa,Valentine,Vrouwelijk,04/03/2019
Lebbeke,Lea,Vrouwelijk,04/04/2019
Brasschaat,Valérie,Vrouwelijk,03/25/2019
Namen,Chantal,Vrouwelijk,04/06/2019
Haacht,Willem,Mannelijk,04/13/2019
Ukkel,Martine,Vrouwelijk,03/26/2019
Antwerpen,Eva,Vrouwelijk,04/22/2019
Sint-Genesius-Rode,Géraldine,Vrouwelijk,03/31/2019
Heist-op-den-Berg,Bart,Mannelijk,04/03/2019
Dilbeek,Anton,Mannelijk,03/29/2019
Gembloux,Marie,Vrouwelijk,04/02/2019
Mechelen,Julian,Mannelijk,03/28/2019
Ham-sur-Heure-Nalinnes,Marie,Vrouwelijk,04/06/2019
Temse,Chris,Mannelijk,04/04/2019
Beringen,Berkay,Mannelijk,04/22/2019
Sprimont,Jeanine,Vrouwelijk,04/01/2019
Gavere,Bart,Mannelijk,03/31/2019
Charleroi,Mustapha,Mannelijk,04/13/2019
Heist-op-den-Berg,Christel,Vrouwelijk,05/07/2019
Antwerpen,Angel,Vrouwelijk,03/21/2019
Rijkevorsel,Eddy,Mannelijk,04/06/2019
Zwijndrecht,Ronny,Mannelijk,03/30/2019
Luik,Ali,Mannelijk,04/01/2019
Essen,Jozef,Mannelijk,03/28/2019
Maasmechelen,Jolanda,Vrouwelijk,04/26/2019
Antwerpen,Mohamed,Mannelijk,04/02/2019
Deinze,Seppe,Mannelijk,03/31/2019
Boechout,Christiana,Vrouwelijk,04/01/2019
Seraing,Louise,Vrouwelijk,03/23/2019
Namen,Marion,Vrouwelijk,03/26/2019
Roeselare,Vincent,Mannelijk,03/29/2019
Lennik,Louis,Mannelijk,04/19/2019
Ieper,Vanessa,Vrouwelijk,05/09/2019
Bree,Maria,Vrouwelijk,04/09/2019
Ukkel,Gilles,Mannelijk,03/30/2019
Maasmechelen,Jacqueline,Vrouwelijk,04/16/2019
Hannuit,Christian,Mannelijk,03/29/2019
Kasterlee,Thomas,Mannelijk,03/27/2019
Denderleeuw,Anna,Vrouwelijk,04/09/2019
Beloeil,Emy,Vrouwelijk,03/24/2019
Merksplas,Luc,Mannelijk,04/08/2019
Sint-Gillis,Agnes,Vrouwelijk,04/13/2019
Musson,Chantal,Vrouwelijk,03/31/2019
Moorslede,Maria,Vrouwelijk,04/03/2019
Zaventem,Maria,Vrouwelijk,04/02/2019
Gerpinnes,Monique,Vrouwelijk,04/01/2019
Sint-Gillis,Jacques,Mannelijk,04/08/2019
Doornik,Claude,Mannelijk,05/16/2019
Antwerpen,Yassin,Mannelijk,04/02/2019
Brakel,Wesley,Mannelijk,03/27/2019
Sint-Gillis-Waas,Jarne,Mannelijk,03/26/2019
Halle (Halle-Vilvoorde),Bas,Mannelijk,04/23/2019
Wichelen,Wendy,Vrouwelijk,04/16/2019
Verlaine,Daniel,Mannelijk,03/29/2019
Zonhoven,Sandra,Vrouwelijk,04/01/2019
Schaarbeek,Marthe,Vrouwelijk,03/31/2019
Tienen,Enzo,Mannelijk,03/26/2019
Sint-Joost-ten-Node,Céline,Vrouwelijk,04/05/2019
Luik,Andrée,Vrouwelijk,04/01/2019
Namen,Jean,Mannelijk,04/03/2019
Lochristi,Bart,Mannelijk,03/28/2019
Boechout,Roger,Mannelijk,03/28/2019
Brugge,Chantal,Vrouwelijk,03/27/2019
Izegem,Denis,Mannelijk,04/09/2019
Balen,Joppe,Mannelijk,04/03/2019
Chaumont-Gistoux,Benoît,Mannelijk,03/27/2019
Borgworm,Christine,Vrouwelijk,03/29/2019
Genk,Lore,Vrouwelijk,04/04/2019
Antwerpen,Marjolijn,Vrouwelijk,05/03/2019
Stoumont,Marie-France,Vrouwelijk,03/26/2019
Roosdaal,Tina,Vrouwelijk,03/28/2019
Brugge,Leon,Mannelijk,03/30/2019
Sint-Jans-Molenbeek,Carine,Vrouwelijk,04/20/2019
Frameries,Ambre,Vrouwelijk,04/04/2019
Beringen,Petrus,Mannelijk,04/09/2019
Gent,Robin,Mannelijk,03/29/2019
Sint-Pieters-Leeuw,Wendy,Vrouwelijk,04/08/2019
Ichtegem,Jason,Mannelijk,04/17/2019
Laakdal,Maarten,Mannelijk,03/22/2019
Lokeren,Willy,Mannelijk,03/31/2019
Awans,Antoine,Mannelijk,03/30/2019
Destelbergen,Leen,Vrouwelijk,04/06/2019
Herentals,Brenda,Vrouwelijk,04/22/2019
Lier,Sam,Mannelijk,04/03/2019
Châtelet,David,Mannelijk,03/30/2019
Sint-Agatha-Berchem,Julia,Vrouwelijk,03/25/2019
Beringen,Jessica,Vrouwelijk,04/09/2019
Hoeilaart,Jolien,Vrouwelijk,03/22/2019
Geer,Andy,Mannelijk,04/14/2019
Manage,Edmond,Mannelijk,03/31/2019
Frameries,André,Mannelijk,03/22/2019
Laakdal,Kevin,Mannelijk,04/12/2019
Fleurus,Claudine,Vrouwelijk,04/02/2019
Luik,Laura,Vrouwelijk,04/22/2019
Brugge,Anthony,Mannelijk,03/22/2019
Charleroi,Vittorio,Mannelijk,04/01/2019
Knokke-Heist,Patricia,Vrouwelijk,04/05/2019
Antwerpen,Miranda,Vrouwelijk,04/06/2019
Tongeren,Lise,Vrouwelijk,03/29/2019
Komen-Waasten,Jacques,Mannelijk,04/03/2019
Schilde,Cornelis,Mannelijk,04/07/2019
Dalhem,Samuel,Mannelijk,03/28/2019
Kortenaken,Rita,Vrouwelijk,04/10/2019
Wezembeek-Oppem,Fabrice,Mannelijk,04/05/2019
Luik,Karim,Mannelijk,03/28/2019
Leuven,Stephan,Mannelijk,03/31/2019
Lille,Jozef,Mannelijk,03/26/2019
Eigenbrakel,Charles,Mannelijk,03/30/2019
Sint-Joost-ten-Node,Abdoulaye,Mannelijk,04/24/2019
Leuze-en-Hainaut,Frédéric,Mannelijk,03/24/2019
Lokeren,Eva,Vrouwelijk,04/13/2019
Tremelo,Roger,Mannelijk,03/30/2019
Awans,Julien,Mannelijk,03/20/2019
Somme-Leuze,Guy,Mannelijk,03/31/2019
Luik,Lou,Vrouwelijk,04/01/2019
Elsene,Gabriel,Mannelijk,03/23/2019
Essen,Lander,Mannelijk,03/30/2019
Sint-Gillis,Andrzej,Mannelijk,04/05/2019
Tienen,Mohamed,Mannelijk,04/02/2019
Jette,Youssef,Mannelijk,03/24/2019
Ieper,Jozef,Mannelijk,03/29/2019
Soumagne,Eric,Mannelijk,04/04/2019
Antwerpen,Felix,Mannelijk,04/07/2019
Wijnegem,Jonas,Mannelijk,03/28/2019
Kortrijk,Carmen,Vrouwelijk,04/01/2019
Turnhout,Kobe,Mannelijk,04/20/2019
Doornik,Sébastien,Mannelijk,04/08/2019
Meise,Anaïs,Vrouwelijk,04/06/2019
Beveren (Sint-Niklaas),Roger,Mannelijk,04/07/2019
Péruwelz,Elena,Vrouwelijk,04/07/2019
Kasterlee,Dries,Mannelijk,03/23/2019
Graven,Philippe,Mannelijk,03/31/2019
Sint-Joost-ten-Node,Mariana,Vrouwelijk,04/08/2019
Hannuit,Robert,Mannelijk,03/27/2019
Komen-Waasten,Pierre,Mannelijk,03/28/2019
Anhée,Jean,Mannelijk,03/29/2019
Ieper,Marie,Vrouwelijk,04/01/2019
Schaarbeek,Lucienne,Vrouwelijk,04/04/2019
Beringen,Maria,Vrouwelijk,04/03/2019
Bouillon,Noah,Mannelijk,03/25/2019
Roeselare,Jimmy,Mannelijk,03/24/2019
Gent,Kevin,Mannelijk,03/28/2019
Evere,Elza,Vrouwelijk,03/27/2019
Doornik,Christophe,Mannelijk,03/22/2019
Houthalen-Helchteren,Enora,Vrouwelijk,04/12/2019
Sint-Genesius-Rode,Chloé,Vrouwelijk,04/05/2019
Stekene,Werner,Mannelijk,03/26/2019
Binche,Christian,Mannelijk,03/26/2019
Kortenberg,Eddy,Mannelijk,03/20/2019
Sombreffe,Nathalie,Vrouwelijk,04/03/2019
Gent,Mert,Mannelijk,04/01/2019
Zwevegem,Marc,Mannelijk,03/23/2019
Kortrijk,Francis,Mannelijk,04/08/2019
Gent,Katy,Vrouwelijk,04/07/2019
Oudsbergen,Lisette,Vrouwelijk,03/23/2019
Wachtebeke,Sven,Mannelijk,03/30/2019
Maasmechelen,Imane,Vrouwelijk,04/22/2019
Bergen,Hubert,Mannelijk,03/25/2019
Charleroi,Nolan,Mannelijk,03/26/2019
Lommel,Tom,Mannelijk,03/21/2019
Rixensart,Maxime,Mannelijk,03/30/2019
Eigenbrakel,Maria,Vrouwelijk,03/31/2019
Temse,Zohra,Vrouwelijk,04/01/2019
Jette,Samira,Vrouwelijk,03/31/2019
Roeselare,Anne,Vrouwelijk,03/21/2019
Aarlen,Benoît,Mannelijk,04/03/2019
Leuven,Luc,Mannelijk,04/02/2019
Brugge,Martin,Mannelijk,03/22/2019
Gent,Christophe,Mannelijk,04/15/2019
Charleroi,Margaux,Vrouwelijk,03/22/2019
Lanaken,Martinus,Mannelijk,04/25/2019
Mol,Maria,Vrouwelijk,03/30/2019
Ottignies-Louvain-la-Neuve,Nicolas,Mannelijk,03/29/2019
Aywaille,Gabriel,Mannelijk,03/31/2019
Aalst (Aalst),Ludovicus,Mannelijk,03/31/2019
Jette,Danielle,Vrouwelijk,04/02/2019
Keerbergen,Charlotte,Vrouwelijk,04/14/2019
Sint-Genesius-Rode,Geneviève,Vrouwelijk,04/06/2019
Middelkerke,Anny,Vrouwelijk,04/04/2019
Bilzen,Cindy,Vrouwelijk,04/05/2019
Fernelmont,Thierry,Mannelijk,03/28/2019
Herve,Michel,Mannelijk,03/29/2019
Tielt (Tielt),Erwin,Mannelijk,04/11/2019
Pittem,Tineke,Vrouwelijk,03/26/2019
Saint-Ghislain,Michaël,Mannelijk,04/17/2019
Nijvel,Jules,Mannelijk,04/05/2019
Court-Saint-Etienne,Christophe,Mannelijk,04/05/2019
Dendermonde,Wannes,Mannelijk,03/29/2019
Moeskroen,Myriam,Vrouwelijk,03/26/2019
Londerzeel,Sandra,Vrouwelijk,04/09/2019
Leuze-en-Hainaut,Rudi,Mannelijk,03/23/2019
Edegem,Manu,Mannelijk,04/02/2019
Beveren (Sint-Niklaas),Wesley,Mannelijk,03/30/2019
Londerzeel,An,Vrouwelijk,03/29/2019
Vilvoorde,Sarah,Vrouwelijk,04/03/2019
Eeklo,Linda,Vrouwelijk,03/29/2019
Peer,René,Mannelijk,03/31/2019
Seraing,Hicham,Mannelijk,03/21/2019
Hasselt,Elissa,Vrouwelijk,04/01/2019
Kapellen (Antwerpen),Rose,Vrouwelijk,04/17/2019
Gistel,Niels,Mannelijk,03/31/2019
Gent,Rudi,Mannelijk,03/28/2019
Komen-Waasten,Jean-Philippe,Mannelijk,03/22/2019
Etterbeek,Jacques,Mannelijk,03/20/2019
Heist-op-den-Berg,Benny,Mannelijk,04/06/2019
Pelt,Lien,Vrouwelijk,04/19/2019
Tongeren,Els,Vrouwelijk,03/30/2019
Brugge,Ward,Mannelijk,03/27/2019
Antwerpen,Serhat,Mannelijk,04/07/2019
Sint-Lambrechts-Woluwe,Najat,Vrouwelijk,04/12/2019
Haacht,Els,Vrouwelijk,03/20/2019
Luik,Hervé,Mannelijk,04/05/2019
Evergem,Thomas,Mannelijk,04/01/2019
Zoersel,Yannick,Mannelijk,04/01/2019
Bilzen,Iluna,Vrouwelijk,03/26/2019
Ouffet,Nicole,Vrouwelijk,03/23/2019
Aarschot,Christiane,Vrouwelijk,05/08/2019
Elsene,Stephanie,Vrouwelijk,03/27/2019
Beringen,Stefanie,Vrouwelijk,04/20/2019
Brussel,Aicha,Vrouwelijk,03/22/2019
Namen,Eva,Vrouwelijk,04/01/2019
Fontaine-l’Evêque,Lucie,Vrouwelijk,03/23/2019
Luik,Gary,Mannelijk,04/01/2019
Brugge,Piet,Mannelijk,04/02/2019
Begijnendijk,Margareta,Vrouwelijk,03/20/2019
Charleroi,Adelin,Mannelijk,03/26/2019
Maasmechelen,Aziza,Vrouwelijk,03/27/2019
Sambreville,Hubert,Mannelijk,03/31/2019
Bergen,Jean-Claude,Mannelijk,04/01/2019
Brussel,Najat,Vrouwelijk,04/05/2019
Edegem,Martine,Vrouwelijk,04/01/2019
Evere,Olga,Vrouwelijk,04/07/2019
Manage,Magali,Vrouwelijk,04/02/2019
Koekelberg,Christian,Mannelijk,03/31/2019
Zwijndrecht,Leslie,Vrouwelijk,04/04/2019
Bree,Michel,Mannelijk,03/22/2019
Beveren (Sint-Niklaas),Paul,Mannelijk,03/22/2019
Aalst (Aalst),François,Mannelijk,03/28/2019
Kortrijk,Aïcha,Vrouwelijk,04/03/2019
Ieper,Mats,Mannelijk,04/04/2019
Fontaine-l’Evêque,Patricia,Vrouwelijk,04/08/2019
Brussel,Vincenza,Vrouwelijk,03/20/2019
Pelt,Ties,Mannelijk,04/15/2019
Charleroi,Eveline,Vrouwelijk,04/17/2019
Namen,Pierre-Alexandre,Mannelijk,03/30/2019
Ieper,Krista,Vrouwelijk,03/26/2019
Evere,Burak,Mannelijk,04/06/2019
Sint-Gillis,Manon,Vrouwelijk,04/03/2019
Waterloo,Alexia,Vrouwelijk,04/06/2019
Beveren (Sint-Niklaas),Cornelius,Mannelijk,04/07/2019
Ottignies-Louvain-la-Neuve,Cécile,Vrouwelijk,04/11/2019
Londerzeel,Toon,Mannelijk,03/22/2019
Oerle,Fabian,Mannelijk,03/27/2019
Brugge,Tania,Vrouwelijk,03/28/2019
Harelbeke,Glenn,Mannelijk,04/16/2019
Hasselt,Lode,Mannelijk,03/23/2019
Sambreville,Yannick,Mannelijk,04/04/2019
Jalhay,Ethan,Mannelijk,04/01/2019
Sint-Niklaas (Sint-Niklaas),Asya,Vrouwelijk,03/21/2019
Sint-Jans-Molenbeek,Mostafa,Mannelijk,04/09/2019
Grâce-Hollogne,Stéphanie,Vrouwelijk,04/01/2019
Wetteren,Antoinette,Vrouwelijk,03/30/2019
Oudergem,Michel,Mannelijk,03/25/2019
Zemst,Dylan,Mannelijk,03/25/2019
Sint-Pieters-Leeuw,Amandine,Vrouwelijk,03/28/2019
Genk,Anna,Vrouwelijk,04/09/2019
Herk-de-Stad,Seppe,Mannelijk,04/01/2019
Heers,Johan,Mannelijk,03/24/2019
Zaventem,Anna,Vrouwelijk,04/04/2019
Dison,Marcel,Mannelijk,04/09/2019
Luik,Christopher,Mannelijk,04/18/2019
Vorst (Brussel-Hoofdstad),Adam,Mannelijk,03/22/2019
Bierbeek,Gilbert,Mannelijk,03/31/2019
Seraing,Jeanne,Vrouwelijk,03/31/2019
Herne,Kathleen,Vrouwelijk,03/28/2019
Ukkel,Cassandra,Vrouwelijk,04/22/2019
Vielsalm,Henri,Mannelijk,03/29/2019
Moeskroen,Nathan,Mannelijk,04/18/2019
Bree,Sofie,Vrouwelijk,03/31/2019
’s Gravenbrakel,Michaël,Mannelijk,04/02/2019
Leuven,Abel,Mannelijk,03/26/2019
Marche-en-Famenne,Perrine,Vrouwelijk,05/13/2019
Anderlecht,Nadine,Vrouwelijk,04/02/2019
Schilde,Nick,Mannelijk,04/05/2019
Diepenbeek,Annick,Vrouwelijk,03/21/2019
Wortegem-Petegem,Arne,Mannelijk,03/27/2019
Ninove,Bernard,Mannelijk,04/01/2019
Luik,Raymond,Mannelijk,04/02/2019
Chapelle-lez-Herlaimont,Alessio,Mannelijk,04/03/2019
Maldegem,Siemen,Mannelijk,04/06/2019
Linter,Frank,Mannelijk,04/01/2019
Ciney,Gaëlle,Vrouwelijk,04/06/2019
Roeselare,Lucas,Mannelijk,03/28/2019
Grobbendonk,Maria,Vrouwelijk,04/08/2019
Geel,Godelieva,Vrouwelijk,04/06/2019
Watermaal-Bosvoorde,Andrea,Mannelijk,04/07/2019
Verviers,Nicole,Vrouwelijk,04/22/2019
Neupré,Christine,Vrouwelijk,03/29/2019
De Panne,Herman,Mannelijk,04/06/2019
Blegny,Michaël,Mannelijk,04/06/2019
Celles (Doornik),Michaël,Mannelijk,03/27/2019
Nazareth,Danny,Mannelijk,04/27/2019
Florenville,Roger,Mannelijk,04/12/2019
Seneffe,Sébastien,Mannelijk,03/30/2019
Anderlecht,Yassine,Mannelijk,03/28/2019
Rebecq,Cédric,Mannelijk,03/22/2019
Kortrijk,Barbara,Vrouwelijk,03/31/2019
Moeskroen,Léa,Vrouwelijk,04/02/2019
Edingen,Anne-Sophie,Vrouwelijk,03/25/2019
Châtelet,Marjorie,Vrouwelijk,03/31/2019
Elsene,Francis,Mannelijk,04/06/2019
Brussel,Jamila,Vrouwelijk,04/17/2019
Kalmthout,Joris,Mannelijk,04/07/2019
Jette,Marianne,Vrouwelijk,03/29/2019
Bilzen,Elvire,Vrouwelijk,04/01/2019
Sint-Lambrechts-Woluwe,Sylviane,Vrouwelijk,03/26/2019
Seraing,Chantal,Vrouwelijk,03/28/2019
Grimbergen,Hanane,Vrouwelijk,04/05/2019
Dilsen-Stokkem,Daphne,Vrouwelijk,03/30/2019
