gemeente,naam,geslacht,verwachte datum
Tielt-Winge,Josée,Vrouwelijk,03/29/2019
Roeselare,Irene,Vrouwelijk,03/28/2019
Stabroek,Annelies,Vrouwelijk,03/31/2019
Schelle,René,Mannelijk,03/24/2019
Kruibeke,Dennis,Mannelijk,03/21/2019
Ledegem,Bart,Mannelijk,03/22/2019
Antwerpen,Sanae,Vrouwelijk,03/24/2019
Diksmuide,Alexander,Mannelijk,04/01/2019
Gent,Fien,Vrouwelijk,04/02/2019
Blankenberge,Karel,Mannelijk,03/23/2019
Gent,Fatmir,Mannelijk,03/26/2019
Meerhout,Els,Vrouwelijk,04/12/2019
Lokeren,René,Mannelijk,03/21/2019
Charleroi,Mireille,Vrouwelijk,04/05/2019
Elsene,Davide,Mannelijk,03/23/2019
Antwerpen,Els,Vrouwelijk,04/03/2019
Hoeilaart,Zoë,Vrouwelijk,03/31/2019
Westerlo,Willem,Mannelijk,03/23/2019
Fontaine-l’Evêque,Christophe,Mannelijk,03/25/2019
Pittem,Gerarda,Vrouwelijk,04/02/2019
Deinze,Alice,Vrouwelijk,04/26/2019
Heusden-Zolder,Monika,Vrouwelijk,04/13/2019
Charleroi,Jean-Marc,Mannelijk,03/27/2019
Maaseik,Anna,Vrouwelijk,03/17/2019
Namen,Corine,Vrouwelijk,03/23/2019
Hove (Antwerpen),Heidi,Vrouwelijk,03/25/2019
Oostende,Marina,Vrouwelijk,03/22/2019
Luik,Stefan,Mannelijk,04/13/2019
Gent,Deniz,Mannelijk,03/30/2019
Charleroi,Paula,Vrouwelijk,03/26/2019
Ganshoren,Vasile,Mannelijk,03/28/2019
Nieuwerkerken (Hasselt),Suzanne,Vrouwelijk,03/27/2019
Kortrijk,Christel,Vrouwelijk,03/30/2019
Courcelles,Albert,Mannelijk,03/30/2019
Maldegem,Hilde,Vrouwelijk,04/13/2019
Gent,Gilbert,Mannelijk,03/28/2019
Charleroi,Liliane,Vrouwelijk,03/27/2019
Landen,Maarten,Mannelijk,04/10/2019
Seraing,Francesco,Mannelijk,04/10/2019
Brugge,Ilse,Vrouwelijk,03/26/2019
Bredene,René,Mannelijk,03/16/2019
Ninove,Giovanni,Mannelijk,03/27/2019
Seraing,Enes,Mannelijk,04/03/2019
Brugge,Gaby,Vrouwelijk,03/23/2019
Aarlen,Lara,Vrouwelijk,03/27/2019
Wuustwezel,Tine,Vrouwelijk,03/24/2019
Saint-Ghislain,Maïlys,Vrouwelijk,03/26/2019
Bree,Lotte,Vrouwelijk,03/23/2019
Antwerpen,Annika,Vrouwelijk,03/23/2019
Colfontaine,Emmanuël,Mannelijk,04/01/2019
Geraardsbergen,Céline,Vrouwelijk,04/02/2019
Walcourt,Benoit,Mannelijk,03/26/2019
Brussel,Claude,Mannelijk,03/29/2019
Heusden-Zolder,Tessa,Vrouwelijk,04/15/2019
Beringen,June,Vrouwelijk,03/23/2019
Doornik,Leila,Vrouwelijk,03/19/2019
Buggenhout,Erwin,Mannelijk,03/25/2019
Genepiën,Antoine,Mannelijk,04/10/2019
Brugge,Louis,Mannelijk,03/26/2019
Antwerpen,Natalia,Vrouwelijk,03/24/2019
Flémalle,Olivier,Mannelijk,03/17/2019
Anzegem,Joachim,Mannelijk,03/17/2019
Maarkedal,Cécile,Vrouwelijk,04/05/2019
Herentals,Wim,Mannelijk,03/27/2019
Chapelle-lez-Herlaimont,Julien,Mannelijk,03/23/2019
Zwalm,Hannelore,Vrouwelijk,03/24/2019
Sint-Gillis,Michele,Mannelijk,04/15/2019
Stekene,Cindy,Vrouwelijk,04/02/2019
Kruisem,Chris,Mannelijk,03/26/2019
Lede,Bert,Mannelijk,03/28/2019
Damme,Gregory,Mannelijk,03/30/2019
Yvoir,Arnaud,Mannelijk,03/24/2019
Waterloo,Christine,Vrouwelijk,04/01/2019
Sint-Joost-ten-Node,Pierre,Mannelijk,03/21/2019
Colfontaine,Maxim,Mannelijk,04/10/2019
Sint-Jans-Molenbeek,Youssef,Mannelijk,03/31/2019
Brecht,Hans,Mannelijk,03/24/2019
Assenede,Nadine,Vrouwelijk,03/26/2019
Eigenbrakel,Corine,Vrouwelijk,03/16/2019
Roeselare,Stijn,Mannelijk,04/04/2019
Marche-en-Famenne,Thomas,Mannelijk,03/19/2019
Opzullik,Pascale,Vrouwelijk,04/15/2019
Gent,Luka,Mannelijk,04/05/2019
Binche,Marion,Vrouwelijk,04/01/2019
Genk,Fatima,Vrouwelijk,04/04/2019
Beringen,Nancy,Vrouwelijk,03/17/2019
Doornik,Elina,Vrouwelijk,03/27/2019
Antwerpen,Dudu,Vrouwelijk,04/02/2019
Saint-Nicolas (Luik),Francesca,Vrouwelijk,05/12/2019
Hoei,Jeanne,Vrouwelijk,04/15/2019
Schaarbeek,Vanessa,Vrouwelijk,05/05/2019
Bertem,Quinten,Mannelijk,03/19/2019
Torhout,Steven,Mannelijk,04/03/2019
Lokeren,Ilse,Vrouwelijk,03/27/2019
Brasschaat,Wim,Mannelijk,04/02/2019
Schaarbeek,Rahma,Vrouwelijk,03/24/2019
Buggenhout,Pierre,Mannelijk,03/31/2019
Eigenbrakel,Chloé,Vrouwelijk,04/01/2019
Sint-Jans-Molenbeek,Inaya,Vrouwelijk,03/24/2019
Mechelen,Ludo,Mannelijk,03/31/2019
Gouvy,Françoise,Vrouwelijk,03/25/2019
Schoten,Anne-Sophie,Vrouwelijk,03/27/2019
Geraardsbergen,Aurélie,Vrouwelijk,04/05/2019
Lens,Thierry,Mannelijk,03/16/2019
Flémalle,Gwendoline,Vrouwelijk,03/29/2019
Evergem,Laurens,Mannelijk,04/16/2019
Namen,Géraldine,Vrouwelijk,03/18/2019
Charleroi,Ludovic,Mannelijk,03/19/2019
Chimay,Nicolas,Mannelijk,03/26/2019
Hastière,Pascal,Mannelijk,03/17/2019
Londerzeel,Kim,Vrouwelijk,05/04/2019
Anderlues,Véronique,Vrouwelijk,04/16/2019
Dilsen-Stokkem,Rita,Vrouwelijk,03/31/2019
La Louvière,Damien,Mannelijk,04/16/2019
Torhout,Godelieve,Vrouwelijk,03/31/2019
Schaarbeek,Achille,Mannelijk,04/18/2019
Bitsingen,Samuel,Mannelijk,03/26/2019
Ravels,Kristel,Vrouwelijk,04/04/2019
Oudenaarde,Karel,Mannelijk,03/23/2019
Wommelgem,Maria,Vrouwelijk,03/29/2019
Kapellen (Antwerpen),Roland,Mannelijk,03/21/2019
Schaarbeek,Safa,Vrouwelijk,03/24/2019
Kapellen (Antwerpen),Andreas,Mannelijk,03/23/2019
Zonhoven,Christiana,Vrouwelijk,03/26/2019
Dendermonde,Irena,Vrouwelijk,05/01/2019
Dendermonde,An,Vrouwelijk,03/16/2019
Charleroi,Eric,Mannelijk,03/30/2019
Genk,Jean,Mannelijk,03/16/2019
Grâce-Hollogne,Christina,Vrouwelijk,03/21/2019
Gembloux,Nolan,Mannelijk,03/18/2019
Balen,Susy,Vrouwelijk,03/27/2019
Heist-op-den-Berg,Demi,Vrouwelijk,03/19/2019
Gouvy,Jean,Mannelijk,03/28/2019
Leuven,Koen,Mannelijk,03/19/2019
Virton,Jade,Vrouwelijk,04/13/2019
Leuven,Aliza,Vrouwelijk,03/26/2019
Brugge,Noah,Mannelijk,03/23/2019
Temse,Pieter-Jan,Mannelijk,03/27/2019
Turnhout,Francina,Vrouwelijk,04/03/2019
Antwerpen,Clothilda,Vrouwelijk,04/08/2019
Meulebeke,Rosa,Vrouwelijk,03/31/2019
Bergen,Gabriella,Vrouwelijk,03/23/2019
Lessen,Christine,Vrouwelijk,04/11/2019
Lede,Bernadette,Vrouwelijk,03/25/2019
Deerlijk,Nina,Vrouwelijk,03/31/2019
Hasselt,Erik,Mannelijk,03/17/2019
Brunehaut,Arthur,Mannelijk,03/25/2019
Aalst (Aalst),Kevin,Mannelijk,04/05/2019
Roeselare,Andy,Mannelijk,03/24/2019
Leuven,Camille,Vrouwelijk,03/16/2019
Brussel,Irina,Vrouwelijk,03/24/2019
Houthalen-Helchteren,Jos,Mannelijk,03/17/2019
Heuvelland,Frieda,Vrouwelijk,03/25/2019
Deerlijk,Bruno,Mannelijk,03/27/2019
Florennes,Isabelle,Vrouwelijk,03/28/2019
Tongeren,Ingrid,Vrouwelijk,03/27/2019
Oostende,Anouchka,Vrouwelijk,04/08/2019
Zaventem,Lilia,Vrouwelijk,03/26/2019
Aalter,Eline,Vrouwelijk,04/05/2019
Luik,Maëva,Vrouwelijk,03/25/2019
Aalst (Aalst),Emilienne,Vrouwelijk,05/02/2019
Maasmechelen,Janina,Vrouwelijk,05/11/2019
Moeskroen,Sylvain,Mannelijk,03/20/2019
Namen,Sanae,Vrouwelijk,03/21/2019
Beaumont,Vincent,Mannelijk,03/17/2019
Bergen,Ciara,Vrouwelijk,03/16/2019
Antwerpen,Florian,Mannelijk,04/01/2019
Aat,Maëlle,Vrouwelijk,05/13/2019
Brugge,Suzanna,Vrouwelijk,04/19/2019
Schaarbeek,Elsa,Vrouwelijk,03/23/2019
Lochristi,Johan,Mannelijk,04/03/2019
Gooik,Hilde,Vrouwelijk,03/28/2019
Balen,Tanja,Vrouwelijk,03/19/2019
Maldegem,Shana,Vrouwelijk,03/28/2019
Brasschaat,Karine,Vrouwelijk,04/03/2019
Putte,Christiane,Vrouwelijk,03/28/2019
Mortsel,Liesbeth,Vrouwelijk,03/27/2019
Zoutleeuw,Marie,Vrouwelijk,03/25/2019
Profondeville,Laurent,Mannelijk,03/27/2019
Court-Saint-Etienne,Valérie,Vrouwelijk,03/25/2019
Schoten,Dominique,Vrouwelijk,03/18/2019
Boom,Ruben,Mannelijk,03/23/2019
Seraing,Chantal,Vrouwelijk,05/09/2019
Charleroi,Annik,Vrouwelijk,04/01/2019
Doornik,Michaël,Mannelijk,04/03/2019
Hoei,Pierre,Mannelijk,03/29/2019
Antwerpen,Saleh,Mannelijk,03/29/2019
Vorselaar,Christel,Vrouwelijk,03/27/2019
Welkenraedt,Nathalie,Vrouwelijk,03/25/2019
Tubeke,Bastien,Mannelijk,03/25/2019
Hannuit,Marie,Vrouwelijk,03/23/2019
Grobbendonk,Christiane,Vrouwelijk,03/29/2019
Boechout,Jonas,Mannelijk,03/31/2019
Geel,Ludo,Mannelijk,03/26/2019
Houthalen-Helchteren,Ronny,Mannelijk,03/17/2019
Sint-Truiden,Jo,Mannelijk,03/26/2019
Sint-Lambrechts-Woluwe,Arthur,Mannelijk,03/16/2019
Pittem,Franky,Mannelijk,04/07/2019
Brugge,Geert,Mannelijk,03/31/2019
Antwerpen,Rachid,Mannelijk,03/27/2019
Ronse,Lydie,Vrouwelijk,03/19/2019
Hasselt,Miet,Vrouwelijk,03/30/2019
Zinnik,Serge,Mannelijk,04/08/2019
Florennes,Anthony,Mannelijk,03/30/2019
Mol,Dirk,Mannelijk,03/23/2019
Brugge,Ann,Vrouwelijk,04/10/2019
Arendonk,Kobe,Mannelijk,03/25/2019
Grâce-Hollogne,Patricia,Vrouwelijk,04/05/2019
Geldenaken,Eric,Mannelijk,03/24/2019
Sint-Martens-Latem,Hélène,Vrouwelijk,03/23/2019
Willebroek,Jeannine,Vrouwelijk,03/17/2019
Gent,Andreas,Mannelijk,04/02/2019
Oostende,Pierre,Mannelijk,03/31/2019
Durbuy,Michel,Mannelijk,03/25/2019
Pelt,Patrick,Mannelijk,04/03/2019
Charleroi,Maëlio,Mannelijk,04/04/2019
Moeskroen,Logan,Mannelijk,03/28/2019
Mechelen,Stephan,Mannelijk,03/22/2019
Hamme (Dendermonde),Muhammet,Mannelijk,03/30/2019
Zoersel,Thijs,Mannelijk,04/18/2019
Borsbeek,Charles,Mannelijk,03/28/2019
Lier,Kristine,Vrouwelijk,03/19/2019
Bergen,Charline,Vrouwelijk,04/08/2019
Leuven,Nick,Mannelijk,04/13/2019
Courcelles,Guy,Mannelijk,04/02/2019
Temse,Tilly,Vrouwelijk,04/13/2019
Ranst,Marc,Mannelijk,04/14/2019
Diest,Esther,Vrouwelijk,03/18/2019
Izegem,Carine,Vrouwelijk,04/07/2019
Roeselare,Jeremy,Mannelijk,04/16/2019
Villers-la-Ville,Raphaël,Mannelijk,03/26/2019
Oudenaarde,Simonna,Vrouwelijk,03/25/2019
Gooik,Danny,Mannelijk,03/31/2019
Sint-Pieters-Woluwe,Evelyne,Vrouwelijk,03/23/2019
Waver,Benoît,Mannelijk,04/05/2019
Roeselare,Rik,Mannelijk,04/01/2019
Aat,Sarah,Vrouwelijk,04/04/2019
Erpe-Mere,Sien,Vrouwelijk,03/25/2019
Ardooie,Marleen,Vrouwelijk,03/31/2019
Sint-Niklaas (Sint-Niklaas),Erik,Mannelijk,04/03/2019
Sint-Jans-Molenbeek,Zayneb,Vrouwelijk,04/02/2019
Anderlecht,Adrien,Mannelijk,03/29/2019
Leuven,Alfons,Mannelijk,03/22/2019
Yvoir,Sébastien,Mannelijk,03/16/2019
Antwerpen,Richard,Mannelijk,03/28/2019
Asse,Daniel,Mannelijk,03/23/2019
Brakel,Linda,Vrouwelijk,03/28/2019
Frameries,Jonathan,Mannelijk,04/10/2019
Antwerpen,Hildegardis,Vrouwelijk,03/20/2019
Dilbeek,Nadia,Vrouwelijk,03/24/2019
Duffel,Caroline,Vrouwelijk,04/01/2019
Sint-Jans-Molenbeek,Abdeslam,Mannelijk,03/17/2019
Olen,Vince,Mannelijk,04/03/2019
Bertem,Christophe,Mannelijk,03/27/2019
Mechelen,Véronique,Vrouwelijk,04/05/2019
Paliseul,Elise,Vrouwelijk,04/04/2019
Pelt,Maria,Vrouwelijk,03/29/2019
Sint-Martens-Latem,Gilberte,Vrouwelijk,04/05/2019
Sint-Lievens-Houtem,Lucien,Mannelijk,03/24/2019
Zwijndrecht,Marc,Mannelijk,03/25/2019
Antwerpen,Jacob,Mannelijk,04/10/2019
Ciney,Christian,Mannelijk,04/04/2019
Antwerpen,Viviane,Vrouwelijk,04/01/2019
Lebbeke,Elisabeth,Vrouwelijk,04/16/2019
Beringen,Kelly,Vrouwelijk,04/01/2019
Schaarbeek,Thérèse,Vrouwelijk,05/04/2019
Olen,Jozef,Mannelijk,03/23/2019
Tongeren,Anna,Vrouwelijk,03/28/2019
Antwerpen,Carolus,Mannelijk,04/02/2019
Balen,Marc,Mannelijk,04/09/2019
Diepenbeek,Lindsy,Vrouwelijk,03/31/2019
Sint-Lambrechts-Woluwe,Alberto,Mannelijk,04/05/2019
Boussu,Marie-José,Vrouwelijk,03/31/2019
Mechelen,Tim,Mannelijk,03/31/2019
Chaudfontaine,Jordan,Mannelijk,04/02/2019
Hemiksem,Irma,Vrouwelijk,03/23/2019
Leuven,Nils,Mannelijk,03/28/2019
Pelt,Julian,Mannelijk,03/24/2019
Zutendaal,Geert,Mannelijk,04/05/2019
Oostkamp,Sabine,Vrouwelijk,03/31/2019
Berlare,Laura,Vrouwelijk,04/05/2019
Temse,Freddy,Mannelijk,04/10/2019
Charleroi,Yvette,Vrouwelijk,03/17/2019
Mechelen,Gagik,Mannelijk,04/05/2019
Jette,Meryem,Vrouwelijk,03/25/2019
Zedelgem,Filip,Mannelijk,03/25/2019
Les Bons Villers,Michel,Mannelijk,04/01/2019
Waasmunster,Godelieve,Vrouwelijk,04/01/2019
Charleroi,Aymerick,Mannelijk,04/11/2019
Damme,Werner,Mannelijk,04/15/2019
Bergen,Rafael,Mannelijk,03/23/2019
Kruisem,Nathalie,Vrouwelijk,04/03/2019
Brussel,Morgane,Vrouwelijk,03/30/2019
Hamme (Dendermonde),Marie,Vrouwelijk,04/09/2019
Diepenbeek,Marie,Vrouwelijk,03/28/2019
Oostende,Sanne,Vrouwelijk,03/29/2019
Gent,Ibrahim,Mannelijk,03/21/2019
Paliseul,Pierre,Mannelijk,04/07/2019
Zonhoven,Ann,Vrouwelijk,03/26/2019
Hoei,Agnès,Vrouwelijk,03/26/2019
Hove (Antwerpen),Ingrid,Vrouwelijk,03/26/2019
Wichelen,Marco,Mannelijk,03/26/2019
Tienen,Micheline,Vrouwelijk,04/14/2019
Antwerpen,Wendy,Vrouwelijk,03/19/2019
Zaventem,Victoria,Vrouwelijk,03/23/2019
Edegem,Hanne,Vrouwelijk,04/14/2019
Juprelle,Marie,Vrouwelijk,04/03/2019
Beveren (Sint-Niklaas),Magdalena,Vrouwelijk,03/23/2019
Leuze-en-Hainaut,Charlotte,Vrouwelijk,03/24/2019
Asse,Marcel,Mannelijk,03/29/2019
Beyne-Heusay,Giovanni,Mannelijk,03/23/2019
Rochefort,Pierre,Mannelijk,03/29/2019
Charleroi,Lora,Vrouwelijk,03/26/2019
Honnelles,Anne-Marie,Vrouwelijk,04/04/2019
Deinze,Francis,Mannelijk,03/23/2019
Antwerpen,Filip,Mannelijk,03/26/2019
Dilsen-Stokkem,Simone,Vrouwelijk,03/23/2019
Sint-Niklaas (Sint-Niklaas),Jonas,Mannelijk,03/19/2019
Verviers,Philippe,Mannelijk,03/18/2019
Ranst,Kristel,Vrouwelijk,03/25/2019
