gemeente,naam,geslacht,verwachte datum
Raeren,Norbert,Mannelijk,07/23/2019
Welkenraedt,Pierre,Mannelijk,08/07/2019
La Louvière,Bruno,Mannelijk,07/18/2019
Heuvelland,Nancy,Vrouwelijk,07/18/2019
Oostende,Omid,Mannelijk,08/07/2019
Lievegem,Raoul,Mannelijk,08/08/2019
Antwerpen,Aslan,Mannelijk,08/21/2019
Brugge,Robbe,Mannelijk,08/01/2019
Genk,Carine,Vrouwelijk,07/30/2019
Mechelen,Kenneth,Mannelijk,08/02/2019
Pont-à-Celles,Véronique,Vrouwelijk,07/27/2019
Kinrooi,Rik,Mannelijk,08/04/2019
Zandhoven,Stefaan,Mannelijk,07/25/2019
Aubange,Maxime,Mannelijk,07/18/2019
Merelbeke,Roger,Mannelijk,07/28/2019
Anderlecht,João,Mannelijk,08/05/2019
Dilbeek,Yves,Mannelijk,07/28/2019
Antwerpen,Fernand,Mannelijk,07/22/2019
Sint-Genesius-Rode,Marc,Mannelijk,08/03/2019
Malle,Julie,Vrouwelijk,07/26/2019
Bergen,Raphaël,Mannelijk,07/30/2019
Ranst,Saskia,Vrouwelijk,07/27/2019
Oud-Heverlee,Simon,Mannelijk,07/31/2019
Gesves,Christian,Mannelijk,07/25/2019
Charleroi,Anne,Vrouwelijk,07/22/2019
Ninove,Kristof,Mannelijk,07/31/2019
Nieuwerkerken (Hasselt),Anke,Vrouwelijk,07/31/2019
Dinant,Emmanuel,Mannelijk,08/07/2019
Lede,Mathis,Mannelijk,07/26/2019
Bergen,Eva,Vrouwelijk,07/31/2019
Kapellen (Antwerpen),Lize,Vrouwelijk,08/18/2019
Verviers,Maria,Vrouwelijk,07/26/2019
Binche,Lydie,Vrouwelijk,07/22/2019
Dison,Maria,Vrouwelijk,09/12/2019
Itter,Paul,Mannelijk,07/29/2019
Sint-Lambrechts-Woluwe,Mohamed,Mannelijk,07/27/2019
Nijvel,Martin,Mannelijk,07/28/2019
Maldegem,Luc,Mannelijk,08/10/2019
Anderlues,Yves,Mannelijk,08/03/2019
Rochefort,Pauline,Vrouwelijk,07/29/2019
Herk-de-Stad,Els,Vrouwelijk,07/30/2019
Jette,Basma,Vrouwelijk,07/25/2019
Geraardsbergen,Jan,Mannelijk,07/28/2019
Sombreffe,Annick,Vrouwelijk,07/27/2019
Deinze,Anja,Vrouwelijk,07/18/2019
Heist-op-den-Berg,Jente,Mannelijk,07/30/2019
Vorst (Brussel-Hoofdstad),Luis,Mannelijk,08/11/2019
Ternat,Nathalie,Vrouwelijk,08/04/2019
Doornik,Diana,Vrouwelijk,08/06/2019
Oud-Turnhout,Amber,Vrouwelijk,07/25/2019
Kortrijk,Ronny,Mannelijk,07/20/2019
Aubange,Yanis,Mannelijk,08/15/2019
Malmedy,Stéphane,Mannelijk,08/04/2019
Frasnes-lez-Anvaing,Dominique,Mannelijk,08/04/2019
Berlare,Lore,Vrouwelijk,07/25/2019
Dentergem,Andréa,Vrouwelijk,07/28/2019
Modave,Théo,Mannelijk,07/30/2019
Anderlecht,Marwa,Vrouwelijk,08/05/2019
Tienen,Willy,Mannelijk,08/08/2019
Oupeye,Johanna,Vrouwelijk,08/07/2019
Brussel,Nasreddine,Mannelijk,08/01/2019
Durbuy,Marius,Mannelijk,08/14/2019
Antwerpen,Aicha,Vrouwelijk,08/04/2019
Tongeren,Marie,Vrouwelijk,08/03/2019
Gent,Hüseyin,Mannelijk,08/19/2019
Sint-Gillis,Guillaume,Mannelijk,07/25/2019
Beringen,Nele,Vrouwelijk,07/28/2019
Luik,Jean-Pierre,Mannelijk,08/03/2019
Les Bons Villers,Anne-Sophie,Vrouwelijk,08/09/2019
Brussel,Merel,Vrouwelijk,07/22/2019
Edingen,Jennifer,Vrouwelijk,07/21/2019
Waregem,Alex,Mannelijk,07/25/2019
Opzullik,Camille,Vrouwelijk,08/08/2019
Waterloo,Christine,Vrouwelijk,08/03/2019
Luik,Camille,Vrouwelijk,07/29/2019
Keerbergen,Marcel,Mannelijk,07/30/2019
Sint-Agatha-Berchem,Hanae,Vrouwelijk,07/31/2019
Turnhout,Anna,Vrouwelijk,07/22/2019
Balen,Wannes,Mannelijk,07/31/2019
Beringen,Jan,Mannelijk,07/18/2019
Oudsbergen,Katrien,Vrouwelijk,07/19/2019
Stabroek,Laura,Vrouwelijk,07/20/2019
Komen-Waasten,Emilie,Vrouwelijk,07/20/2019
Wijnegem,Victor,Mannelijk,07/29/2019
Genk,Mustafa,Mannelijk,08/06/2019
Meise,Beatrijs,Vrouwelijk,07/25/2019
Sint-Niklaas (Sint-Niklaas),Juliette,Vrouwelijk,08/02/2019
Knokke-Heist,Glenn,Mannelijk,07/31/2019
Bonheiden,Eline,Vrouwelijk,07/29/2019
Charleroi,Christiane,Vrouwelijk,08/06/2019
Sint-Pieters-Leeuw,Agnieszka,Vrouwelijk,07/26/2019
Ninove,Jeannine,Vrouwelijk,07/21/2019
Herstal,Julie,Vrouwelijk,07/25/2019
Ham,Sven,Mannelijk,08/26/2019
Manage,Stéphanie,Vrouwelijk,08/03/2019
Gent,Alice,Vrouwelijk,08/07/2019
Ottignies-Louvain-la-Neuve,Philippine,Vrouwelijk,07/31/2019
Sint-Gillis,Manal,Vrouwelijk,07/27/2019
Bertrix,Luna,Vrouwelijk,07/20/2019
Geraardsbergen,Bart,Mannelijk,08/01/2019
Hemiksem,Bernard,Mannelijk,07/22/2019
Bonheiden,Freddy,Mannelijk,07/29/2019
Menen,Caroline,Vrouwelijk,07/18/2019
Aalst (Aalst),Nancy,Vrouwelijk,07/30/2019
Charleroi,Maxime,Mannelijk,08/13/2019
Schaarbeek,Stéphanie,Vrouwelijk,08/03/2019
Charleroi,Haci,Mannelijk,08/16/2019
Lessen,Pascale,Vrouwelijk,08/06/2019
Antwerpen,Annie,Vrouwelijk,08/02/2019
Destelbergen,Glenn,Mannelijk,08/03/2019
Tessenderlo,Anita,Vrouwelijk,07/31/2019
Luik,Hubert,Mannelijk,08/07/2019
Brugge,Bram,Mannelijk,08/04/2019
Voeren,Guillaume,Mannelijk,07/26/2019
Kraainem,Pascale,Vrouwelijk,07/30/2019
Lokeren,Rachid,Mannelijk,08/02/2019
Jabbeke,Lucien,Mannelijk,07/20/2019
Blegny,Yves,Mannelijk,07/25/2019
Kuurne,Emma,Vrouwelijk,07/31/2019
Wichelen,Karina,Vrouwelijk,07/23/2019
Vorst (Brussel-Hoofdstad),Frédéric,Mannelijk,08/07/2019
Ternat,Laurens,Mannelijk,07/27/2019
Schaarbeek,Bogdan,Mannelijk,08/04/2019
Antwerpen,Hanne,Vrouwelijk,07/25/2019
Kalmthout,Laura,Vrouwelijk,07/27/2019
Verlaine,Claude,Mannelijk,07/18/2019
Geer,Hélène,Vrouwelijk,07/25/2019
Antwerpen,Hélène,Vrouwelijk,07/19/2019
Maasmechelen,Christina,Vrouwelijk,08/01/2019
Komen-Waasten,André,Mannelijk,07/30/2019
Ham-sur-Heure-Nalinnes,Lionel,Mannelijk,07/28/2019
Duffel,Elena,Vrouwelijk,07/28/2019
Doornik,Pascale,Vrouwelijk,08/12/2019
Thuin,Viviane,Vrouwelijk,07/25/2019
Wemmel,Hanane,Vrouwelijk,07/23/2019
Izegem,Dimitri,Mannelijk,07/18/2019
Spa,Marcel,Mannelijk,07/19/2019
Remicourt,Véronique,Vrouwelijk,07/31/2019
Antwerpen,Charles,Mannelijk,07/27/2019
Geel,Hans,Mannelijk,08/01/2019
Zemst,Yvo,Mannelijk,08/05/2019
Namen,Abdullah,Mannelijk,07/25/2019
Bonheiden,Martine,Vrouwelijk,08/21/2019
Kinrooi,Kathleen,Vrouwelijk,07/21/2019
Namen,Jean-Luc,Mannelijk,07/24/2019
Maarkedal,Julien,Mannelijk,08/16/2019
Luik,Giovanni,Mannelijk,07/25/2019
Olen,Koen,Mannelijk,07/25/2019
Keerbergen,Nancy,Vrouwelijk,07/28/2019
Retie,Kaat,Vrouwelijk,07/21/2019
Gent,Martine,Vrouwelijk,07/30/2019
Aalter,Gerda,Vrouwelijk,08/02/2019
Zedelgem,Pascal,Mannelijk,07/25/2019
Geel,Jozef,Mannelijk,08/04/2019
Meerhout,Johan,Mannelijk,07/24/2019
Tubeke,David,Mannelijk,07/30/2019
Hasselt,Geert,Mannelijk,07/29/2019
Herselt,Josephus,Mannelijk,07/31/2019
Etterbeek,Nathalie,Vrouwelijk,08/07/2019
Machelen (Halle-Vilvoorde),Virginie,Vrouwelijk,07/26/2019
Vorst (Brussel-Hoofdstad),Jean,Mannelijk,07/22/2019
Flémalle,Jean,Mannelijk,07/22/2019
Villers-Le-Bouillet,Georges,Mannelijk,07/21/2019
Bornem,Alois,Mannelijk,07/27/2019
Lummen,Joyce,Vrouwelijk,08/19/2019
Schoten,Anna,Vrouwelijk,07/30/2019
Koksijde,André,Mannelijk,08/07/2019
Nieuwerkerken (Hasselt),Hilde,Vrouwelijk,07/30/2019
Neupré,Marie,Vrouwelijk,07/30/2019
Sint-Niklaas (Sint-Niklaas),Marc,Mannelijk,08/18/2019
Luik,Marouan,Mannelijk,07/18/2019
Dendermonde,Adeline,Vrouwelijk,07/18/2019
Kapellen (Antwerpen),Eline,Vrouwelijk,09/01/2019
Aubel,Sacha,Mannelijk,07/30/2019
La Louvière,Teresa,Vrouwelijk,08/07/2019
Ham-sur-Heure-Nalinnes,Delphine,Vrouwelijk,07/26/2019
Oupeye,Marcelle,Vrouwelijk,07/21/2019
Boom,Eddy,Mannelijk,09/04/2019
Antwerpen,Luís,Mannelijk,07/31/2019
Manage,Giuseppa,Vrouwelijk,08/15/2019
Antoing,Dominique,Mannelijk,08/04/2019
La Louvière,Christiane,Vrouwelijk,08/17/2019
Herenthout,Roger,Mannelijk,08/01/2019
Oostende,Léa,Vrouwelijk,07/31/2019
Beerse,Laure,Vrouwelijk,07/26/2019
Oudenaarde,Liesbeth,Vrouwelijk,07/30/2019
Fexhe-le-Haut-Clocher,Danielle,Vrouwelijk,07/26/2019
Balen,Linda,Vrouwelijk,07/19/2019
Fleurus,Sabrina,Vrouwelijk,07/28/2019
Herentals,Patrick,Mannelijk,08/09/2019
Virton,Florian,Mannelijk,07/30/2019
Antwerpen,Paul,Mannelijk,08/12/2019
Erquelinnes,Dominique,Mannelijk,07/19/2019
Ukkel,Arnaud,Mannelijk,08/18/2019
Heers,Erik,Mannelijk,08/09/2019
Sint-Pieters-Leeuw,Elena,Vrouwelijk,07/28/2019
Walcourt,Michel,Mannelijk,08/20/2019
Geel,Robbe,Mannelijk,07/23/2019
Tienen,Kelly,Vrouwelijk,08/04/2019
Geraardsbergen,Ingrid,Vrouwelijk,07/19/2019
Etterbeek,Lucas,Mannelijk,07/23/2019
Berlare,Ria,Vrouwelijk,07/29/2019
Elsene,Noam,Mannelijk,07/19/2019
Luik,Christiane,Vrouwelijk,07/28/2019
Ruiselede,Gabriël,Mannelijk,07/25/2019
Vilvoorde,Raphaël,Mannelijk,08/07/2019
Zele,Paul,Mannelijk,08/07/2019
Antwerpen,Emel,Vrouwelijk,09/20/2019
Temse,Christel,Vrouwelijk,07/22/2019
Leuven,Monique,Vrouwelijk,09/15/2019
Lennik,Frans,Mannelijk,08/03/2019
Namen,Roger,Mannelijk,07/24/2019
Zottegem,Steven,Mannelijk,08/04/2019
Kasterlee,Luc,Mannelijk,08/05/2019
Tervuren,Martine,Vrouwelijk,07/26/2019
Oudergem,Sarah,Vrouwelijk,08/04/2019
Rixensart,Raphaël,Mannelijk,07/31/2019
Moorslede,Lucas,Mannelijk,07/28/2019
Ganshoren,Nawal,Vrouwelijk,07/27/2019
Essen,Wendy,Vrouwelijk,07/28/2019
Oudenburg,Els,Vrouwelijk,07/26/2019
Jabbeke,Steven,Mannelijk,08/16/2019
Berlaar,Jozef,Mannelijk,07/21/2019
Lint,Tine,Vrouwelijk,07/30/2019
Paliseul,Louis,Mannelijk,07/18/2019
Zele,Maaike,Vrouwelijk,07/19/2019
Mechelen,Koen,Mannelijk,08/03/2019
Hoei,Edouard,Mannelijk,08/03/2019
Brakel,Cécile,Vrouwelijk,07/26/2019
Sint-Gillis-Waas,Albert,Mannelijk,08/04/2019
Aat,Aurélie,Vrouwelijk,08/15/2019
Kortemark,Rosa,Vrouwelijk,07/31/2019
Anderlecht,Serge,Mannelijk,07/31/2019
Wasseiges,Andrée,Vrouwelijk,07/26/2019
Beauraing,Micheline,Vrouwelijk,08/05/2019
Wuustwezel,Ellis,Vrouwelijk,07/27/2019
Gent,Liliane,Vrouwelijk,07/29/2019
Diksmuide,Kris,Mannelijk,08/13/2019
Rijkevorsel,Marleen,Vrouwelijk,08/12/2019
Charleroi,Muhammet,Mannelijk,07/25/2019
Ans,Stéphane,Mannelijk,07/31/2019
Manhay,Sophie,Vrouwelijk,07/26/2019
Blankenberge,Hugo,Mannelijk,07/28/2019
Doornik,Alain,Mannelijk,07/26/2019
Koksijde,Guy,Mannelijk,07/28/2019
Luik,Emine,Vrouwelijk,08/05/2019
Rumst,Sandra,Vrouwelijk,07/29/2019
Hamme (Dendermonde),François,Mannelijk,07/19/2019
Waterloo,Arlette,Vrouwelijk,07/28/2019
Luik,Madeleine,Vrouwelijk,07/22/2019
Ukkel,Olivier,Mannelijk,07/24/2019
Gent,Enrico,Mannelijk,08/21/2019
Leuven,Liv,Vrouwelijk,07/25/2019
Mechelen,Fatima,Vrouwelijk,07/26/2019
Péruwelz,Michaël,Mannelijk,07/28/2019
Sint-Pieters-Leeuw,Fatima,Vrouwelijk,08/03/2019
Herentals,Daniel,Mannelijk,07/30/2019
Ans,Christiane,Vrouwelijk,08/02/2019
Namen,Michel,Mannelijk,07/29/2019
Evergem,Seppe,Mannelijk,08/05/2019
Oud-Turnhout,Bas,Mannelijk,08/05/2019
Meerhout,Georges,Mannelijk,07/20/2019
Gent,Gaëtan,Mannelijk,08/03/2019
Heist-op-den-Berg,Maria,Vrouwelijk,07/31/2019
Luik,Denise,Vrouwelijk,08/04/2019
Neufchâteau (Neufchâteau),Nicolas,Mannelijk,07/23/2019
Nijlen,Shana,Vrouwelijk,09/05/2019
Antwerpen,Seyfettin,Mannelijk,08/20/2019
Merelbeke,Gilbert,Mannelijk,08/11/2019
Edegem,Jef,Mannelijk,07/29/2019
Zulte,Jordy,Mannelijk,07/18/2019
Schaarbeek,Chaimae,Vrouwelijk,08/04/2019
Tongeren,Wouter,Mannelijk,07/29/2019
Tubeke,Vincent,Mannelijk,07/27/2019
Hasselt,Peter,Mannelijk,07/21/2019
Bergen,Marie-Paule,Vrouwelijk,08/01/2019
Namen,Ibragim,Mannelijk,07/23/2019
Schaarbeek,Sarah,Vrouwelijk,08/08/2019
Beringen,Lyana,Vrouwelijk,07/19/2019
Puurs-Sint-Amands,Roger,Mannelijk,08/03/2019
Menen,Maria,Vrouwelijk,08/05/2019
Charleroi,Marie,Vrouwelijk,08/02/2019
Oudergem,Joachim,Mannelijk,08/20/2019
Bergen,Vanessa,Vrouwelijk,07/20/2019
Namen,Nicole,Vrouwelijk,08/02/2019
Lennik,Nadine,Vrouwelijk,07/25/2019
Charleroi,Francis,Mannelijk,08/18/2019
Geel,Ferre,Mannelijk,07/26/2019
Stabroek,Anna,Vrouwelijk,07/27/2019
Philippeville,Hervé,Mannelijk,07/29/2019
Elsene,Henri,Mannelijk,07/24/2019
Antwerpen,Mohamed,Mannelijk,08/06/2019
Heusden-Zolder,Maria,Vrouwelijk,08/04/2019
Zonhoven,Arno,Mannelijk,07/21/2019
Sombreffe,Pauline,Vrouwelijk,07/30/2019
Zwijndrecht,Kathleen,Vrouwelijk,07/25/2019
Doornik,Jean-Jacques,Mannelijk,08/13/2019
Sint-Jans-Molenbeek,Rose-Marie,Vrouwelijk,07/26/2019
Waver,Ginette,Vrouwelijk,08/07/2019
Gingelom,Mark,Mannelijk,07/30/2019
Quévy,Quentin,Mannelijk,08/01/2019
Bernissart,Béatrice,Vrouwelijk,07/24/2019
Bree,Toon,Mannelijk,07/29/2019
Glabbeek,Jeanine,Vrouwelijk,08/06/2019
Nijlen,Cis,Mannelijk,07/19/2019
Ieper,Dirk,Mannelijk,08/15/2019
Vilvoorde,Amelia,Vrouwelijk,07/30/2019
Vielsalm,Richard,Mannelijk,08/01/2019
Aat,Elodie,Vrouwelijk,08/03/2019
Antwerpen,Patricia,Vrouwelijk,08/04/2019
Courcelles,Antoine,Mannelijk,07/21/2019
Jette,Dan,Mannelijk,08/07/2019
Doornik,Pierre,Mannelijk,08/06/2019
Grâce-Hollogne,Ghislaine,Vrouwelijk,07/25/2019
Gent,Maria,Vrouwelijk,08/11/2019
Brecht,Nathalie,Vrouwelijk,07/31/2019
Fléron,Joseph,Mannelijk,07/27/2019
Hasselt,Bert,Mannelijk,07/29/2019
Sint-Niklaas (Sint-Niklaas),Irena,Vrouwelijk,07/30/2019
Erezée,André,Mannelijk,08/05/2019
Beersel,Jean-Pierre,Mannelijk,07/30/2019
Colfontaine,Raymond,Mannelijk,07/27/2019
Beloeil,Isabelle,Vrouwelijk,07/24/2019
Bernissart,Alessandro,Mannelijk,08/19/2019
Kortrijk,Tijs,Mannelijk,08/06/2019
