gemeente,naam,geslacht,verwachte datum
Anderlecht,Ramazan,Mannelijk,04/06/2019
Beersel,Thibault,Mannelijk,04/03/2019
Gent,Eddy,Mannelijk,03/30/2019
La Louvière,Hugo,Mannelijk,04/12/2019
Hamme (Dendermonde),Samantha,Vrouwelijk,03/31/2019
Roeselare,Frans,Mannelijk,04/08/2019
Kortemark,Tania,Vrouwelijk,04/12/2019
Kortrijk,Agnes,Vrouwelijk,04/09/2019
Antwerpen,Cedric,Mannelijk,03/30/2019
Bree,Els,Vrouwelijk,03/30/2019
Kortrijk,David,Mannelijk,04/05/2019
Beersel,Bilal,Mannelijk,03/31/2019
Etterbeek,Martin,Mannelijk,04/08/2019
Gent,Nadine,Vrouwelijk,04/05/2019
Antwerpen,François,Mannelijk,03/29/2019
Seraing,Adam,Mannelijk,04/01/2019
Mechelen,Axelle,Vrouwelijk,04/03/2019
Evergem,Caroline,Vrouwelijk,03/29/2019
Wetteren,Jacqueline,Vrouwelijk,04/12/2019
Brugge,Ester,Vrouwelijk,04/03/2019
Haaltert,Marc,Mannelijk,04/04/2019
Herstal,Michaël,Mannelijk,03/26/2019
Gent,Josephine,Vrouwelijk,04/21/2019
Luik,Julien,Mannelijk,03/27/2019
Merchtem,Lisette,Vrouwelijk,04/12/2019
Gavere,Ann,Vrouwelijk,03/26/2019
Watermaal-Bosvoorde,Hans,Mannelijk,04/05/2019
Fleurus,Giovanna,Vrouwelijk,04/06/2019
Oostende,Jacqueline,Vrouwelijk,03/23/2019
Bernissart,Eric,Mannelijk,04/12/2019
Kortrijk,Violette,Vrouwelijk,04/04/2019
Hoeilaart,Gabriel,Mannelijk,04/07/2019
Luik,Joshua,Mannelijk,03/27/2019
Beveren (Sint-Niklaas),Marie,Vrouwelijk,03/31/2019
Leuven,Barbara,Vrouwelijk,04/07/2019
Ieper,André,Mannelijk,03/24/2019
Schoten,Billie,Vrouwelijk,03/30/2019
Herentals,Alfons,Mannelijk,05/04/2019
’s Gravenbrakel,Constance,Vrouwelijk,03/29/2019
Antwerpen,Ronny,Mannelijk,04/07/2019
’s Gravenbrakel,Giuseppe,Mannelijk,04/02/2019
Hulshout,Ludovicus,Mannelijk,04/09/2019
Wichelen,Lies,Vrouwelijk,04/08/2019
Antwerpen,Monika,Vrouwelijk,03/23/2019
Kortenaken,Vanessa,Vrouwelijk,04/05/2019
Charleroi,Zoubida,Vrouwelijk,04/01/2019
Antwerpen,Cécile,Vrouwelijk,03/30/2019
Wingene,Patrick,Mannelijk,04/01/2019
Olne,Marie-Jeanne,Vrouwelijk,04/07/2019
Merelbeke,Jeroen,Mannelijk,04/04/2019
Geel,Eduard,Mannelijk,03/30/2019
Luik,Léona,Vrouwelijk,03/26/2019
Luik,Nelly,Vrouwelijk,04/05/2019
Etalle,Georges,Mannelijk,04/01/2019
Gent,Selma,Vrouwelijk,03/26/2019
Tielt-Winge,Niels,Mannelijk,04/01/2019
Hoegaarden,Walter,Mannelijk,03/29/2019
Hannuit,Sylvie,Vrouwelijk,04/05/2019
Antwerpen,Ronald,Mannelijk,03/29/2019
Menen,Rosette,Vrouwelijk,04/09/2019
Vosselaar,Roger,Mannelijk,03/25/2019
Kasterlee,Rick,Mannelijk,03/27/2019
Westerlo,Gustaaf,Mannelijk,03/25/2019
Berlare,Erwin,Mannelijk,04/26/2019
Schaarbeek,Sunay,Mannelijk,04/09/2019
Nijvel,Jules,Mannelijk,04/06/2019
Luik,Anna,Vrouwelijk,04/08/2019
Zinnik,Olivier,Mannelijk,03/28/2019
Erpe-Mere,Eddy,Mannelijk,04/04/2019
Puurs-Sint-Amands,Dirk,Mannelijk,03/23/2019
Vilvoorde,Otman,Mannelijk,04/09/2019
Schilde,Ingrid,Vrouwelijk,03/29/2019
Ingelmunster,Davy,Mannelijk,04/05/2019
Schaarbeek,Krzysztof,Mannelijk,04/15/2019
Asse,Mathias,Mannelijk,03/31/2019
Sint-Pieters-Leeuw,Eddy,Mannelijk,04/05/2019
Sambreville,Cédric,Mannelijk,03/25/2019
Merchtem,Maurits,Mannelijk,03/30/2019
Heusden-Zolder,Annie,Vrouwelijk,03/23/2019
Wuustwezel,Natalia,Vrouwelijk,04/04/2019
Kapellen (Antwerpen),Charlotte,Vrouwelijk,04/07/2019
Gent,Antonia,Vrouwelijk,03/31/2019
Gent,Emile,Mannelijk,04/07/2019
Waver,Gilles,Mannelijk,03/26/2019
Antwerpen,Maxim,Mannelijk,04/01/2019
Wijnegem,Myriam,Vrouwelijk,04/01/2019
Nijvel,Ghislaine,Vrouwelijk,04/08/2019
Moeskroen,Marion,Vrouwelijk,03/26/2019
Luik,Paule,Vrouwelijk,04/09/2019
Beringen,Maria,Vrouwelijk,03/23/2019
Asse,Katrien,Vrouwelijk,04/05/2019
Erpe-Mere,Maria,Vrouwelijk,04/03/2019
Brugge,Isabelle,Vrouwelijk,03/23/2019
Jette,Aya,Vrouwelijk,04/07/2019
Antwerpen,Szymon,Mannelijk,03/27/2019
Herstal,Amelia,Vrouwelijk,04/06/2019
Antwerpen,Godelieve,Vrouwelijk,04/01/2019
Sint-Jans-Molenbeek,Youssef,Mannelijk,04/01/2019
Schaarbeek,Lokman,Mannelijk,03/23/2019
Menen,Lies,Vrouwelijk,04/06/2019
Verviers,Céline,Vrouwelijk,04/02/2019
Antwerpen,Kris,Mannelijk,04/05/2019
Zwijndrecht,Gilbert,Mannelijk,04/05/2019
Bernissart,Maria,Vrouwelijk,04/07/2019
Ecaussinnes,Stéphane,Mannelijk,04/10/2019
Hechtel-Eksel,Josse,Mannelijk,04/09/2019
Lokeren,Merve,Vrouwelijk,04/25/2019
Dison,Bernadette,Vrouwelijk,04/11/2019
Ans,Sophia,Vrouwelijk,04/12/2019
Sprimont,Emmanuel,Mannelijk,03/25/2019
Oostende,Marleen,Vrouwelijk,03/23/2019
Roeselare,Rudi,Mannelijk,03/31/2019
Antwerpen,Adnan,Mannelijk,04/03/2019
Vorst (Brussel-Hoofdstad),Joseph,Mannelijk,03/27/2019
Jette,Saliha,Vrouwelijk,03/27/2019
Luik,Emile,Mannelijk,04/08/2019
Eigenbrakel,Karine,Vrouwelijk,04/01/2019
Sint-Niklaas (Sint-Niklaas),Peggy,Vrouwelijk,03/30/2019
Oostkamp,Eric,Mannelijk,04/03/2019
Schaarbeek,Matthieu,Mannelijk,04/08/2019
Vloesberg,Manon,Vrouwelijk,04/04/2019
Torhout,Arthur,Mannelijk,03/29/2019
Rixensart,Anne,Vrouwelijk,04/01/2019
Ans,Mohamed,Mannelijk,04/05/2019
Wetteren,Timothy,Mannelijk,04/18/2019
Schaarbeek,Anaïs,Vrouwelijk,04/11/2019
Lochristi,Peggy,Vrouwelijk,04/03/2019
Bredene,Hubert,Mannelijk,04/04/2019
Gent,Ellen,Vrouwelijk,04/01/2019
Doornik,Julien,Mannelijk,04/03/2019
Gent,Elif,Vrouwelijk,03/29/2019
Kruisem,Jacques,Mannelijk,04/18/2019
Sint-Gillis-Waas,Dorien,Vrouwelijk,04/03/2019
Antwerpen,Israel,Mannelijk,04/12/2019
Oostkamp,Niels,Mannelijk,04/06/2019
Kortrijk,Ilias,Mannelijk,04/04/2019
Leuven,Marc,Mannelijk,05/17/2019
Ukkel,Jade,Vrouwelijk,03/27/2019
Retie,Danny,Mannelijk,04/04/2019
Geetbets,Marc,Mannelijk,04/05/2019
Beerse,Martha,Vrouwelijk,04/09/2019
Grimbergen,Tom,Mannelijk,04/04/2019
Antoing,Philippe,Mannelijk,03/26/2019
Antwerpen,Mohammad,Mannelijk,04/03/2019
Charleroi,Mauricette,Vrouwelijk,03/25/2019
Melle,Veerle,Vrouwelijk,05/18/2019
Hastière,Laurent,Mannelijk,03/27/2019
Ranst,Lea,Vrouwelijk,03/25/2019
Somme-Leuze,Annick,Vrouwelijk,04/07/2019
Chimay,Lionel,Mannelijk,03/31/2019
Lokeren,Roger,Mannelijk,04/03/2019
Libramont-Chevigny,Ethan,Mannelijk,04/11/2019
Oostende,Jean,Mannelijk,03/27/2019
Blegny,Margaux,Vrouwelijk,04/24/2019
Kortrijk,Marcel,Mannelijk,03/28/2019
Kampenhout,Marc,Mannelijk,04/12/2019
Antwerpen,Bjorn,Mannelijk,04/04/2019
Hamoir,Thomas,Mannelijk,03/23/2019
Eigenbrakel,Sacha,Mannelijk,04/02/2019
Zwalm,Dimitri,Mannelijk,03/31/2019
Soumagne,Emilie,Vrouwelijk,03/25/2019
Courcelles,Marie,Vrouwelijk,03/27/2019
Namen,Hortense,Vrouwelijk,04/19/2019
Zele,Liesbeth,Vrouwelijk,03/31/2019
Brussel,Mary,Vrouwelijk,04/06/2019
Wevelgem,Ewout,Mannelijk,03/26/2019
De Pinte,Maaike,Vrouwelijk,04/12/2019
Hensies,Daniel,Mannelijk,03/28/2019
Ukkel,Nathalie,Vrouwelijk,03/29/2019
Pont-à-Celles,Alison,Vrouwelijk,04/22/2019
Habay,Aline,Vrouwelijk,04/03/2019
Pepinster,Emma,Vrouwelijk,04/16/2019
Wanze,Véronique,Vrouwelijk,04/12/2019
Ans,Francine,Vrouwelijk,04/02/2019
Bree,Guido,Mannelijk,04/04/2019
Fleurus,Joëlle,Vrouwelijk,04/11/2019
Brasschaat,Emily,Vrouwelijk,03/27/2019
Hamont-Achel,Agnieszka,Vrouwelijk,04/06/2019
Hastière,Geoffrey,Mannelijk,04/06/2019
Theux,Diego,Mannelijk,04/15/2019
Elsene,Antonin,Mannelijk,03/29/2019
Aat,Ludivine,Vrouwelijk,04/07/2019
De Pinte,Linde,Vrouwelijk,04/03/2019
Oud-Heverlee,Sarah,Vrouwelijk,03/29/2019
Dessel,Luc,Mannelijk,04/04/2019
Leuven,Ahmed,Mannelijk,03/31/2019
Tienen,Clara,Vrouwelijk,03/30/2019
Courcelles,Aurélie,Vrouwelijk,03/25/2019
Menen,Seppe,Mannelijk,03/29/2019
Maasmechelen,Maria,Vrouwelijk,04/08/2019
Haacht,Gilles,Mannelijk,03/28/2019
Wezembeek-Oppem,Valérie,Vrouwelijk,03/31/2019
Sint-Joost-ten-Node,Serge,Mannelijk,03/24/2019
Sint-Truiden,Floor,Vrouwelijk,05/15/2019
Kortessem,Ellen,Vrouwelijk,03/25/2019
Hannuit,Laurine,Vrouwelijk,04/12/2019
Amay,Geneviève,Vrouwelijk,03/27/2019
Florenville,Francis,Mannelijk,03/26/2019
Lievegem,Mia,Vrouwelijk,03/25/2019
Meulebeke,Virginie,Vrouwelijk,04/08/2019
Beersel,Alice,Vrouwelijk,04/08/2019
Vilvoorde,Christina,Vrouwelijk,03/31/2019
Waterloo,Eric,Mannelijk,04/20/2019
Moeskroen,Fabrice,Mannelijk,04/17/2019
Plombières,Liliane,Vrouwelijk,04/09/2019
Anzegem,Els,Vrouwelijk,04/08/2019
Namen,Nolan,Mannelijk,03/30/2019
Hoei,Suzanne,Vrouwelijk,03/31/2019
Anderlecht,Touria,Vrouwelijk,03/30/2019
Aartselaar,Yves,Mannelijk,04/10/2019
Knokke-Heist,Eugeen,Mannelijk,03/24/2019
Juprelle,Robert,Mannelijk,04/14/2019
Esneux,Jean-Marc,Mannelijk,04/09/2019
Merchtem,Linda,Vrouwelijk,04/11/2019
Zoersel,Bart,Mannelijk,03/29/2019
Gent,Alain,Mannelijk,04/20/2019
Nijvel,Dylan,Mannelijk,04/12/2019
Brussel,María,Vrouwelijk,03/30/2019
Namen,André-Marie,Mannelijk,04/10/2019
Anderlecht,Matheo,Mannelijk,04/02/2019
Zwijndrecht,Kenneth,Mannelijk,04/12/2019
Schaarbeek,Sengül,Vrouwelijk,04/03/2019
Jette,Mohamed,Mannelijk,03/25/2019
Doornik,Jean-Claude,Mannelijk,04/06/2019
Antwerpen,Zakaria,Mannelijk,03/25/2019
Aat,Madeleine,Vrouwelijk,03/30/2019
Bergen,Bertrand,Mannelijk,03/31/2019
Dilbeek,Patricia,Vrouwelijk,04/03/2019
Kruisem,Melanie,Vrouwelijk,04/10/2019
Antwerpen,Anne,Vrouwelijk,04/01/2019
Oostende,Luna,Vrouwelijk,03/31/2019
Seraing,Kelly,Vrouwelijk,03/27/2019
Lubbeek,Jules,Mannelijk,04/26/2019
Hasselt,Mohamed,Mannelijk,04/03/2019
Lille,Nancy,Vrouwelijk,04/25/2019
Namen,Ameline,Vrouwelijk,04/05/2019
Brugge,Patricia,Vrouwelijk,03/26/2019
Beveren (Sint-Niklaas),Maria,Vrouwelijk,04/12/2019
Willebroek,Niels,Mannelijk,04/09/2019
Bergen,Marino,Mannelijk,04/04/2019
Antwerpen,Diederik,Mannelijk,03/30/2019
Sint-Joost-ten-Node,Fatima,Vrouwelijk,04/10/2019
Frasnes-lez-Anvaing,Elise,Vrouwelijk,04/04/2019
Sint-Joost-ten-Node,Omer,Mannelijk,04/05/2019
Lede,Sigrid,Vrouwelijk,03/31/2019
Bergen,Nicolas,Mannelijk,04/05/2019
Duffel,Gert,Mannelijk,04/10/2019
Bornem,Daniël,Mannelijk,03/25/2019
Maldegem,Koen,Mannelijk,03/30/2019
Olen,Tom,Mannelijk,03/25/2019
Ichtegem,Marijke,Vrouwelijk,03/23/2019
Gent,Yves,Mannelijk,04/04/2019
Oostende,Evelyne,Vrouwelijk,03/26/2019
Bierbeek,Julie,Vrouwelijk,05/03/2019
Binche,Cécile,Vrouwelijk,04/05/2019
Holsbeek,Sonja,Vrouwelijk,04/06/2019
Waasmunster,Guido,Mannelijk,04/08/2019
Eeklo,Sandra,Vrouwelijk,04/07/2019
Harelbeke,Leon,Mannelijk,03/31/2019
Charleroi,Valérie,Vrouwelijk,05/03/2019
Namen,Benoit,Mannelijk,04/06/2019
Moeskroen,Tom,Mannelijk,04/01/2019
Antwerpen,Marc,Mannelijk,04/09/2019
Sint-Niklaas (Sint-Niklaas),Malika,Vrouwelijk,03/25/2019
Wellen,Magda,Vrouwelijk,03/31/2019
Zaventem,Jurgen,Mannelijk,04/03/2019
Genk,Cihan,Mannelijk,03/28/2019
Wommelgem,Jordi,Mannelijk,04/16/2019
Ravels,Petrus,Mannelijk,03/25/2019
Mechelen,Frederik,Mannelijk,04/04/2019
Luik,Lina,Vrouwelijk,04/18/2019
Namen,Rony,Mannelijk,04/10/2019
Sambreville,Bernadette,Vrouwelijk,05/08/2019
Ukkel,Charlotte,Vrouwelijk,03/28/2019
Kalmthout,Robert,Mannelijk,03/27/2019
Sint-Jans-Molenbeek,Marie-Claire,Vrouwelijk,03/31/2019
Schoten,Leo,Mannelijk,03/29/2019
Herk-de-Stad,Eva,Vrouwelijk,04/06/2019
Sint-Niklaas (Sint-Niklaas),Suzanne,Vrouwelijk,03/23/2019
Aalter,Leander,Mannelijk,04/20/2019
Eghezée,Héloïse,Vrouwelijk,04/12/2019
Oudergem,Micheline,Vrouwelijk,04/02/2019
Antwerpen,Berfin,Vrouwelijk,04/08/2019
Antwerpen,Michiel,Mannelijk,04/04/2019
Herselt,Geert,Mannelijk,03/24/2019
Ichtegem,Dominique,Vrouwelijk,04/03/2019
Boechout,Agnes,Vrouwelijk,04/05/2019
Sombreffe,Lucie,Vrouwelijk,03/30/2019
Veurne,Marie,Vrouwelijk,04/08/2019
Haacht,Tim,Mannelijk,04/11/2019
Schilde,Gerda,Vrouwelijk,04/05/2019
Hasselt,Els,Vrouwelijk,03/31/2019
Antwerpen,Albert,Mannelijk,04/03/2019
Kapellen (Antwerpen),Jan,Mannelijk,04/04/2019
Elsene,Ionut,Mannelijk,04/12/2019
Anderlecht,Bruno,Mannelijk,04/11/2019
Brugge,Lina,Vrouwelijk,03/31/2019
Jette,Pascal,Mannelijk,03/24/2019
Sambreville,Christine,Vrouwelijk,04/05/2019
Tongeren,Lizette,Vrouwelijk,04/06/2019
Dilbeek,Gerrit,Mannelijk,03/28/2019
Malmedy,Guy,Mannelijk,04/06/2019
Zele,Guy,Mannelijk,04/05/2019
Anderlecht,Nihad,Vrouwelijk,04/11/2019
La Louvière,André,Mannelijk,05/09/2019
Esneux,Isabelle,Vrouwelijk,03/29/2019
Torhout,André,Mannelijk,03/30/2019
Schaarbeek,Roger,Mannelijk,04/03/2019
Antwerpen,Ludovic,Mannelijk,03/27/2019
Pelt,Kim,Vrouwelijk,03/29/2019
Maaseik,Mathieu,Mannelijk,04/04/2019
Puurs-Sint-Amands,Magda,Vrouwelijk,04/02/2019
Roeselare,Kurt,Mannelijk,03/28/2019
Sint-Katelijne-Waver,Michiel,Mannelijk,04/05/2019
Menen,Hilda,Vrouwelijk,04/02/2019
Oudergem,Sophie,Vrouwelijk,04/03/2019
Hechtel-Eksel,Albertus,Mannelijk,04/01/2019
Leopoldsburg,Fabienne,Vrouwelijk,03/26/2019
Leopoldsburg,Roel,Mannelijk,03/30/2019
Antwerpen,Grzegorz,Mannelijk,04/08/2019
