gemeente,naam,geslacht,verwachte datum
Sint-Gillis,Aurélie,Vrouwelijk,02/28/2019
Ukkel,Maria,Vrouwelijk,02/18/2019
Jabbeke,Anny,Vrouwelijk,02/09/2019
Leopoldsburg,Stef,Mannelijk,02/08/2019
’s Gravenbrakel,Francine,Vrouwelijk,02/24/2019
Sint-Niklaas (Sint-Niklaas),Stefan,Mannelijk,02/14/2019
Retie,David,Mannelijk,02/19/2019
Dessel,Christine,Vrouwelijk,02/21/2019
Herve,Stéphane,Mannelijk,02/26/2019
Harelbeke,Elise,Vrouwelijk,02/19/2019
Seraing,Ariane,Vrouwelijk,02/14/2019
Limburg,Marie-Jeanne,Vrouwelijk,03/09/2019
Mechelen,Stijn,Mannelijk,02/09/2019
Sint-Truiden,Marijke,Vrouwelijk,02/12/2019
Rixensart,Aurélie,Vrouwelijk,02/24/2019
Morlanwelz,Didier,Mannelijk,02/16/2019
Antwerpen,Patrick,Mannelijk,02/20/2019
Antwerpen,Milad,Mannelijk,03/13/2019
Moeskroen,Lucile,Vrouwelijk,02/26/2019
Genk,Linda,Vrouwelijk,02/13/2019
Diksmuide,Sandra,Vrouwelijk,02/22/2019
Ukkel,Jean,Mannelijk,02/19/2019
Gent,Véronique,Vrouwelijk,02/19/2019
La Louvière,Maria,Vrouwelijk,02/26/2019
Spa,Michel,Mannelijk,02/16/2019
Scherpenheuvel-Zichem,Johny,Mannelijk,02/21/2019
Gent,Henricus,Mannelijk,02/09/2019
Staden,Clara,Vrouwelijk,02/28/2019
Elsene,Martha,Vrouwelijk,02/10/2019
Maldegem,Carine,Vrouwelijk,02/14/2019
Balen,Philippe,Mannelijk,02/26/2019
Hasselt,Guy,Mannelijk,02/16/2019
Antwerpen,Gabrielle,Vrouwelijk,02/24/2019
Nijvel,Marc,Mannelijk,02/24/2019
Aalst (Aalst),Johny,Mannelijk,02/07/2019
Alken,Luc,Mannelijk,03/22/2019
Orp-Jauche,Magali,Vrouwelijk,02/26/2019
Sint-Niklaas (Sint-Niklaas),Nicole,Vrouwelijk,02/16/2019
Flémalle,Anna,Vrouwelijk,02/17/2019
Buggenhout,Robert,Mannelijk,02/14/2019
Seraing,Cécile,Vrouwelijk,02/14/2019
Aywaille,Francis,Mannelijk,02/26/2019
Ternat,Joëlle,Vrouwelijk,02/14/2019
Esneux,Pascale,Vrouwelijk,02/13/2019
Steenokkerzeel,Stefan,Mannelijk,02/19/2019
Lede,Helena,Vrouwelijk,02/26/2019
Staden,Danny,Mannelijk,02/20/2019
Vilvoorde,Ana,Vrouwelijk,02/18/2019
Avelgem,Ruben,Mannelijk,02/27/2019
Rebecq,Christopher,Mannelijk,02/19/2019
Affligem,Ryan,Mannelijk,02/24/2019
Bergen,Annette,Vrouwelijk,02/26/2019
Antwerpen,Morad,Mannelijk,03/03/2019
’s Gravenbrakel,Marie-Claude,Vrouwelijk,02/12/2019
Anderlecht,Ibrahim,Mannelijk,03/03/2019
’s Gravenbrakel,Lucien,Mannelijk,03/12/2019
Gent,Asya,Vrouwelijk,02/18/2019
Rumst,Gilbert,Mannelijk,02/27/2019
Florennes,Jérôme,Mannelijk,02/11/2019
Gent,Louis,Mannelijk,03/09/2019
Namen,Alfio,Mannelijk,04/12/2019
Grâce-Hollogne,Giuseppe,Mannelijk,02/11/2019
Brussel,Mari,Vrouwelijk,03/03/2019
Jabbeke,Dimitri,Mannelijk,02/16/2019
Herstal,Muriel,Vrouwelijk,02/17/2019
Harelbeke,Emile,Mannelijk,02/14/2019
Zwevegem,Anke,Vrouwelijk,02/07/2019
Stabroek,Leo,Mannelijk,02/19/2019
Halen,Sonja,Vrouwelijk,02/15/2019
La Louvière,Jeannine,Vrouwelijk,02/16/2019
Doornik,Quentin,Mannelijk,02/07/2019
Sambreville,Serge,Mannelijk,02/21/2019
Destelbergen,Godelieve,Vrouwelijk,02/26/2019
Melle,Erna,Vrouwelijk,03/08/2019
Alken,Jurgen,Mannelijk,02/21/2019
Oostende,Pieter,Mannelijk,02/23/2019
Liedekerke,Wendy,Vrouwelijk,02/14/2019
Kasteelbrakel,Quentin,Mannelijk,02/08/2019
Nijvel,Soumaya,Vrouwelijk,02/08/2019
Staden,Geert,Mannelijk,02/22/2019
Opwijk,Len,Mannelijk,02/13/2019
Châtelet,Maria,Vrouwelijk,02/27/2019
Brussel,Michaël,Mannelijk,03/08/2019
Brussel,Silvana,Vrouwelijk,02/17/2019
Antwerpen,Senne,Mannelijk,02/10/2019
Gembloux,Micheline,Vrouwelijk,02/15/2019
Péruwelz,Frank,Mannelijk,02/27/2019
Thimister-Clermont,Ghislaine,Vrouwelijk,02/13/2019
Sint-Jans-Molenbeek,Hayat,Vrouwelijk,02/07/2019
Verviers,Robert,Mannelijk,02/26/2019
Rumst,Lucas,Mannelijk,02/18/2019
Tinlot,Anthony,Mannelijk,02/26/2019
Lens,Christine,Vrouwelijk,02/15/2019
Putte,Sabine,Vrouwelijk,02/12/2019
Ranst,Victoria,Vrouwelijk,02/11/2019
Gent,Luc,Mannelijk,03/26/2019
Evergem,Tristan,Mannelijk,02/19/2019
Sint-Katelijne-Waver,Antoon,Mannelijk,03/06/2019
Awans,Martine,Vrouwelijk,02/15/2019
Aat,Kylian,Mannelijk,02/12/2019
Antwerpen,Maissa,Vrouwelijk,02/08/2019
Welkenraedt,Alex,Mannelijk,02/20/2019
Antwerpen,Thomas,Mannelijk,02/20/2019
Aalter,Martine,Vrouwelijk,02/13/2019
Saint-Ghislain,Sabrina,Vrouwelijk,03/03/2019
Dour,Noah,Mannelijk,03/07/2019
Brussel,Bilal,Mannelijk,02/23/2019
Zandhoven,Amber,Vrouwelijk,02/25/2019
Charleroi,Sébastien,Mannelijk,02/18/2019
Erquelinnes,Roland,Mannelijk,02/20/2019
Sint-Jans-Molenbeek,Alae,Vrouwelijk,02/08/2019
Lubbeek,Maria,Vrouwelijk,02/12/2019
Philippeville,Corinne,Vrouwelijk,02/22/2019
Jette,Mohammed,Mannelijk,02/19/2019
Ans,Laurent,Mannelijk,02/18/2019
Gent,Walter,Mannelijk,03/03/2019
Geel,Petrus,Mannelijk,02/13/2019
Aalst (Aalst),Rita,Vrouwelijk,02/17/2019
Antwerpen,Luiz,Mannelijk,03/02/2019
Ichtegem,Marleen,Vrouwelijk,02/19/2019
Erezée,Guillaume,Mannelijk,02/16/2019
Sint-Gillis,Emilia,Vrouwelijk,02/19/2019
Roeselare,Eline,Vrouwelijk,02/26/2019
Sint-Niklaas (Sint-Niklaas),Ann,Vrouwelijk,02/26/2019
Quévy,Grégory,Mannelijk,02/21/2019
Sint-Gillis-Waas,Marie,Vrouwelijk,02/08/2019
Malle,Pierre,Mannelijk,02/17/2019
Florennes,Françoise,Vrouwelijk,02/23/2019
Brecht,Jeffrey,Mannelijk,02/23/2019
Aalst (Aalst),Marcel,Mannelijk,03/12/2019
Frameries,Antoine,Mannelijk,02/18/2019
Leuven,Lucien,Mannelijk,02/11/2019
La Louvière,Luigi,Mannelijk,02/22/2019
Antwerpen,Fernando,Mannelijk,02/11/2019
Vilvoorde,Sebastian,Mannelijk,02/25/2019
Izegem,Luc,Mannelijk,02/13/2019
Herent,Liesbet,Vrouwelijk,02/14/2019
Vilvoorde,Nathalie,Vrouwelijk,02/19/2019
Wezet,Gérard,Mannelijk,02/08/2019
Ieper,Daniel,Mannelijk,02/23/2019
Zulte,Eva,Vrouwelijk,02/18/2019
Roeselare,Jonas,Mannelijk,02/09/2019
Andenne,Evan,Mannelijk,02/18/2019
Namen,Christian,Mannelijk,02/26/2019
Oudsbergen,Marc,Mannelijk,03/13/2019
Evergem,Lucien,Mannelijk,02/19/2019
Ieper,Bruno,Mannelijk,02/18/2019
Gent,Robin,Mannelijk,02/25/2019
Moeskroen,Stéphanie,Vrouwelijk,02/19/2019
Oudenaarde,Mario,Mannelijk,03/12/2019
Zwalm,Zoë,Vrouwelijk,02/27/2019
Brussel,Karim,Mannelijk,02/20/2019
Luik,Ahmed,Mannelijk,02/23/2019
Leuven,Isidore,Mannelijk,02/20/2019
Péruwelz,Delphine,Vrouwelijk,03/05/2019
Deinze,Eddy,Mannelijk,02/15/2019
Meise,Erwin,Mannelijk,03/03/2019
Brugge,Gwendolina,Vrouwelijk,02/10/2019
Vilvoorde,Adrienne,Vrouwelijk,02/23/2019
Oosterzele,Maxim,Mannelijk,02/19/2019
Genepiën,Louis,Mannelijk,02/20/2019
Menen,Annie,Vrouwelijk,02/18/2019
Hooglede,Elias,Mannelijk,02/19/2019
Gent,Danny,Mannelijk,03/10/2019
De Haan,Manon,Vrouwelijk,02/16/2019
Itter,Kevin,Mannelijk,03/05/2019
Sint-Gillis,Marwa,Vrouwelijk,02/22/2019
Zwevegem,Carl,Mannelijk,03/07/2019
Brecht,Herman,Mannelijk,03/12/2019
Aarlen,Philippe,Mannelijk,02/18/2019
Sint-Gillis,Grzegorz,Mannelijk,02/25/2019
Boussu,Elsa,Vrouwelijk,03/05/2019
Knokke-Heist,Laura,Vrouwelijk,02/13/2019
Tienen,Daan,Mannelijk,02/14/2019
Aalst (Aalst),Julienne,Vrouwelijk,02/10/2019
Borgworm,Marc,Mannelijk,02/22/2019
Sint-Pieters-Woluwe,Beatrice,Vrouwelijk,02/12/2019
Charleroi,Damiano,Mannelijk,02/21/2019
Blegny,Sophie,Vrouwelijk,02/20/2019
Schoten,Olga,Vrouwelijk,02/19/2019
Kortrijk,Maria,Vrouwelijk,02/19/2019
Menen,Milan,Mannelijk,03/08/2019
Beringen,Hilda,Vrouwelijk,02/22/2019
Eupen,Nicole,Vrouwelijk,02/24/2019
Houthalen-Helchteren,Asli,Vrouwelijk,02/27/2019
La Louvière,Hamza,Mannelijk,02/11/2019
Menen,Ellen,Vrouwelijk,02/16/2019
Leuven,Clementine,Vrouwelijk,02/15/2019
Péruwelz,Nathalie,Vrouwelijk,03/06/2019
Boechout,Rita,Vrouwelijk,02/07/2019
Deinze,Steven,Mannelijk,02/17/2019
Beringen,Ismail,Mannelijk,02/16/2019
Middelkerke,Marcel,Mannelijk,02/22/2019
Herzele,Geert,Mannelijk,02/16/2019
Schelle,Philip,Mannelijk,02/20/2019
Lille,Inne,Vrouwelijk,03/13/2019
Leuze-en-Hainaut,Sabine,Vrouwelijk,02/09/2019
Puurs-Sint-Amands,Ellen,Vrouwelijk,02/27/2019
Tongeren,Irène,Vrouwelijk,02/15/2019
Sint-Jans-Molenbeek,Mohammad,Mannelijk,02/23/2019
Charleroi,Rosaria,Vrouwelijk,02/14/2019
Aalst (Aalst),Lutgarde,Vrouwelijk,02/14/2019
Borgloon,Astrid,Vrouwelijk,02/25/2019
Houthalen-Helchteren,Patricia,Vrouwelijk,02/19/2019
Maasmechelen,Leo,Mannelijk,02/25/2019
Roosdaal,Karel,Mannelijk,02/12/2019
Elsene,Guillaume,Mannelijk,02/20/2019
Hulshout,Iris,Vrouwelijk,02/23/2019
La Louvière,Malak,Vrouwelijk,02/20/2019
Roeselare,Frederik,Mannelijk,02/16/2019
Oudsbergen,Stefan,Mannelijk,02/22/2019
Ingelmunster,Irène,Vrouwelijk,02/08/2019
Fernelmont,Quentin,Mannelijk,02/23/2019
Jette,Agnes,Vrouwelijk,02/19/2019
Wevelgem,Frederic,Mannelijk,02/27/2019
Verlaine,Dimitri,Mannelijk,02/10/2019
Antwerpen,Nitin,Mannelijk,02/13/2019
Deinze,Hilde,Vrouwelijk,02/21/2019
Attert,Noah,Mannelijk,02/20/2019
Menen,Geoffrey,Mannelijk,02/10/2019
Sint-Jans-Molenbeek,Syed,Mannelijk,03/21/2019
Leuven,Francesca,Vrouwelijk,02/15/2019
Doornik,Emilie,Vrouwelijk,02/25/2019
Sint-Niklaas (Sint-Niklaas),Marc,Mannelijk,02/12/2019
Virton,Katty,Vrouwelijk,04/02/2019
Thimister-Clermont,Alain,Mannelijk,02/23/2019
Gerpinnes,Mirella,Vrouwelijk,02/14/2019
Zwevegem,Zoë,Vrouwelijk,03/07/2019
Antwerpen,Sharon,Vrouwelijk,02/17/2019
Hasselt,Natascha,Vrouwelijk,02/19/2019
Olen,François,Mannelijk,02/21/2019
Brecht,Nicolas,Mannelijk,03/24/2019
Buggenhout,Mike,Mannelijk,02/27/2019
Doornik,Bruno,Mannelijk,02/14/2019
Pont-à-Celles,Barbara,Vrouwelijk,02/19/2019
Herk-de-Stad,Jessica,Vrouwelijk,02/16/2019
Neufchâteau (Neufchâteau),Romane,Vrouwelijk,03/23/2019
Lanaken,Peter,Mannelijk,02/14/2019
Gent,Jesse,Mannelijk,02/11/2019
Villers-la-Ville,Jean,Mannelijk,02/17/2019
Leopoldsburg,Lisette,Vrouwelijk,02/13/2019
Eigenbrakel,Marie-Jeanne,Vrouwelijk,02/27/2019
Thuin,Jean-Claude,Mannelijk,02/16/2019
Verviers,Nicole,Vrouwelijk,02/14/2019
Beringen,Andries,Mannelijk,02/26/2019
Mol,Annick,Vrouwelijk,03/11/2019
Borsbeek,Karel,Mannelijk,02/24/2019
Meix-devant-Virton,Arthur,Mannelijk,02/20/2019
Antwerpen,Maria,Vrouwelijk,02/16/2019
Anzegem,Jeroen,Mannelijk,02/23/2019
Ganshoren,Joseph,Mannelijk,02/19/2019
Kapellen (Antwerpen),Kris,Mannelijk,02/12/2019
Lochristi,Sofie,Vrouwelijk,02/19/2019
Elsene,Zoulikha,Vrouwelijk,02/19/2019
Kortrijk,Jean-Marc,Mannelijk,02/25/2019
Kortrijk,Rosette,Vrouwelijk,02/15/2019
Antwerpen,Dries,Mannelijk,02/08/2019
Eigenbrakel,Francis,Mannelijk,02/18/2019
Ham-sur-Heure-Nalinnes,Robert,Mannelijk,02/11/2019
Leuven,Mieke,Vrouwelijk,02/09/2019
Sint-Joost-ten-Node,Naïm,Mannelijk,02/11/2019
Courcelles,Céline,Vrouwelijk,02/14/2019
Eeklo,Christine,Vrouwelijk,02/16/2019
Tubeke,Marie,Vrouwelijk,02/17/2019
Beloeil,Jules,Mannelijk,02/22/2019
Gent,Serhat,Mannelijk,02/20/2019
Péruwelz,Quentin,Mannelijk,02/14/2019
Mechelen,Ellen,Vrouwelijk,02/19/2019
Sint-Jans-Molenbeek,Mohamed,Mannelijk,02/14/2019
Brugge,Els,Vrouwelijk,02/22/2019
Fléron,Carmelo,Mannelijk,02/10/2019
Kuurne,David,Mannelijk,02/17/2019
Antwerpen,Mireille,Vrouwelijk,04/01/2019
Sint-Pieters-Leeuw,Florence,Vrouwelijk,02/16/2019
Zwevegem,Dirk,Mannelijk,03/24/2019
Charleroi,Christine,Vrouwelijk,02/10/2019
Seraing,Dominique,Vrouwelijk,02/22/2019
Torhout,Nele,Vrouwelijk,03/04/2019
Libramont-Chevigny,Laura,Vrouwelijk,02/15/2019
Merksplas,Guido,Mannelijk,02/27/2019
Beloeil,Mathieu,Mannelijk,02/19/2019
Genk,Jasper,Mannelijk,02/08/2019
Fleurus,Pierre,Mannelijk,02/16/2019
Flémalle,Valérie,Vrouwelijk,02/24/2019
Bocholt,Brent,Mannelijk,02/21/2019
Brussel,Louis,Mannelijk,02/19/2019
Antwerpen,Dorine,Vrouwelijk,02/08/2019
Brugge,Ludwina,Vrouwelijk,02/27/2019
Antwerpen,Damian,Mannelijk,02/14/2019
Ravels,Mohamed,Mannelijk,02/25/2019
Verviers,Moussa,Mannelijk,02/19/2019
Sint-Pieters-Woluwe,Christophe,Mannelijk,02/17/2019
Aalst (Aalst),Bart,Mannelijk,02/17/2019
Charleroi,Michel,Mannelijk,02/08/2019
La Roche-en-Ardenne,Maxime,Mannelijk,02/12/2019
Vilvoorde,Sacha,Mannelijk,02/08/2019
Lanaken,Emma,Vrouwelijk,02/20/2019
Doornik,Lucile,Vrouwelijk,02/11/2019
Herenthout,Marc,Mannelijk,02/20/2019
Antwerpen,Rania,Vrouwelijk,02/27/2019
Houthalen-Helchteren,Brigitte,Vrouwelijk,02/16/2019
Genk,Mila,Vrouwelijk,02/16/2019
Stoumont,Michaël,Mannelijk,02/07/2019
Moeskroen,Hajar,Vrouwelijk,02/17/2019
Mechelen,Stephanie,Vrouwelijk,02/19/2019
Houffalize,Josette,Vrouwelijk,02/15/2019
Antwerpen,Sedat,Mannelijk,02/24/2019
Nandrin,Bernard,Mannelijk,02/22/2019
Antwerpen,Urbain,Mannelijk,02/17/2019
Vilvoorde,Cédric,Mannelijk,02/19/2019
Herstal,Céline,Vrouwelijk,03/13/2019
Wachtebeke,Ingrid,Vrouwelijk,02/18/2019
Asse,Christel,Vrouwelijk,02/19/2019
