gemeente,naam,geslacht,verwachte datum
Antwerpen,Chantal,Vrouwelijk,08/07/2019
Mechelen,Lore,Vrouwelijk,08/12/2019
Kapellen (Antwerpen),Karin,Vrouwelijk,08/17/2019
Brussel,Martine,Vrouwelijk,08/18/2019
Quaregnon,Edith,Vrouwelijk,08/16/2019
Veurne,Ward,Mannelijk,08/29/2019
Ravels,Jarne,Mannelijk,08/06/2019
Kortenaken,Monique,Vrouwelijk,09/03/2019
Kortrijk,Michiel,Mannelijk,08/17/2019
Kasterlee,Andreas,Mannelijk,08/11/2019
La Bruyère,Michel,Mannelijk,08/09/2019
Brugge,Joachim,Mannelijk,09/04/2019
Herstal,Sila,Vrouwelijk,08/19/2019
Zoutleeuw,Godelieve,Vrouwelijk,08/13/2019
Châtelet,Michel,Mannelijk,08/14/2019
Ukkel,Suzanne,Vrouwelijk,09/30/2019
Etterbeek,Thibaut,Mannelijk,08/23/2019
Antwerpen,Naomi,Vrouwelijk,08/23/2019
Dilbeek,Marie,Vrouwelijk,09/04/2019
Antwerpen,Patrick,Mannelijk,08/23/2019
Charleroi,Christian,Mannelijk,08/08/2019
Lanaken,Wilhelmus,Mannelijk,08/13/2019
Messancy,Amélie,Vrouwelijk,08/25/2019
Bocholt,Frans,Mannelijk,08/06/2019
Menen,Moussa,Mannelijk,09/03/2019
Lubbeek,Kristof,Mannelijk,08/21/2019
Charleroi,Léa,Vrouwelijk,08/23/2019
Beveren (Sint-Niklaas),Willy,Mannelijk,08/07/2019
Olen,Febe,Vrouwelijk,08/18/2019
Namen,Nathalie,Vrouwelijk,08/20/2019
Wevelgem,Kristien,Vrouwelijk,08/16/2019
Sint-Pieters-Leeuw,Kristof,Mannelijk,08/11/2019
Koksijde,Yvonne,Vrouwelijk,08/11/2019
Antwerpen,Louisa,Vrouwelijk,08/25/2019
Eigenbrakel,Christian,Mannelijk,08/14/2019
Wetteren,Ingrid,Vrouwelijk,09/10/2019
Virton,Germain,Mannelijk,08/15/2019
Vaux-sur-Sûre,Mathis,Mannelijk,08/13/2019
Schaarbeek,Fabian,Mannelijk,08/25/2019
Kinrooi,Hugo,Mannelijk,08/18/2019
Lier,Samantha,Vrouwelijk,08/08/2019
Sprimont,Denis,Mannelijk,08/10/2019
Beveren (Sint-Niklaas),Liv,Vrouwelijk,08/09/2019
Ganshoren,Wim,Mannelijk,08/17/2019
Heist-op-den-Berg,Astrid,Vrouwelijk,08/13/2019
Haacht,Lander,Mannelijk,09/14/2019
Herent,Maxim,Mannelijk,08/08/2019
Brussel,Mohamed,Mannelijk,08/17/2019
Essen,Barbara,Vrouwelijk,08/15/2019
Mechelen,Peter,Mannelijk,08/21/2019
Mettet,Mathilde,Vrouwelijk,08/09/2019
Roeselare,Marie,Vrouwelijk,08/18/2019
Fontaine-l’Evêque,Rudy,Mannelijk,08/22/2019
Antwerpen,Kenny,Mannelijk,08/12/2019
Lommel,Liv,Vrouwelijk,08/08/2019
Florenville,Gary,Mannelijk,08/16/2019
Léglise,Pierre,Mannelijk,08/06/2019
Antwerpen,Filipe,Mannelijk,08/18/2019
Brugge,Gerda,Vrouwelijk,08/10/2019
Anderlecht,Ahmed,Mannelijk,08/10/2019
Oudenaarde,Patrick,Mannelijk,08/19/2019
’s Gravenbrakel,Nancy,Vrouwelijk,08/18/2019
Sint-Lambrechts-Woluwe,Emilia,Vrouwelijk,08/16/2019
Fleurus,Fabienne,Vrouwelijk,08/08/2019
Geraardsbergen,Walter,Mannelijk,08/06/2019
Libin,Anna,Vrouwelijk,08/14/2019
Gent,Niels,Mannelijk,09/12/2019
Oud-Heverlee,Lies,Vrouwelijk,08/24/2019
Sint-Niklaas (Sint-Niklaas),Glenn,Mannelijk,08/12/2019
Etterbeek,Jonathan,Mannelijk,08/12/2019
Ardooie,Niels,Mannelijk,08/13/2019
Mol,Jean-Pierre,Mannelijk,08/15/2019
Stekene,Febe,Vrouwelijk,08/12/2019
La Louvière,Francis,Mannelijk,08/16/2019
Manage,Karine,Vrouwelijk,08/18/2019
Sint-Truiden,Kathleen,Vrouwelijk,09/03/2019
Lede,Clara,Vrouwelijk,09/06/2019
Soumagne,Philippe,Mannelijk,08/23/2019
Aalst (Aalst),Jayden,Mannelijk,08/12/2019
Luik,Estelle,Vrouwelijk,08/23/2019
Arendonk,Pieter,Mannelijk,08/23/2019
Stabroek,Irène,Vrouwelijk,08/18/2019
Koekelare,Andre,Mannelijk,08/22/2019
Ramillies,Murielle,Vrouwelijk,09/04/2019
Aarschot,Lutgarde,Vrouwelijk,08/05/2019
Ukkel,Leon,Mannelijk,08/07/2019
Overijse,Roland,Mannelijk,08/18/2019
Grâce-Hollogne,Morgane,Vrouwelijk,08/18/2019
Sint-Agatha-Berchem,Liliane,Vrouwelijk,08/24/2019
Roeselare,Geert,Mannelijk,09/05/2019
Grâce-Hollogne,Nadia,Vrouwelijk,08/21/2019
Aalst (Aalst),Bart,Mannelijk,08/17/2019
Izegem,Jack,Mannelijk,08/05/2019
Sint-Jans-Molenbeek,Mohammed,Mannelijk,08/17/2019
Charleroi,Theo,Mannelijk,08/08/2019
Antwerpen,Mark,Mannelijk,08/12/2019
Sint-Pieters-Woluwe,Raymonde,Vrouwelijk,08/15/2019
Wetteren,François,Mannelijk,08/19/2019
Saint-Georges-sur-Meuse,Marc,Mannelijk,08/15/2019
Sint-Jans-Molenbeek,Anne,Vrouwelijk,08/18/2019
Knokke-Heist,Olivier,Mannelijk,08/14/2019
Morlanwelz,Fabien,Mannelijk,09/03/2019
Puurs-Sint-Amands,Gaston,Mannelijk,08/12/2019
Gent,Irma,Vrouwelijk,08/14/2019
Gent,Recep,Mannelijk,08/05/2019
Melle,Filip,Mannelijk,08/13/2019
Laakdal,Karin,Vrouwelijk,08/25/2019
Antwerpen,Adam,Mannelijk,08/31/2019
Mol,Felien,Vrouwelijk,08/21/2019
Charleroi,Samy,Mannelijk,08/16/2019
Anzegem,Linda,Vrouwelijk,08/22/2019
Sint-Gillis,Jasmine,Vrouwelijk,08/07/2019
Fléron,Jean,Mannelijk,08/29/2019
Luik,Raphaël,Mannelijk,08/09/2019
Sint-Lambrechts-Woluwe,Alexander,Mannelijk,08/18/2019
Aat,David,Mannelijk,10/03/2019
Antwerpen,Ann,Vrouwelijk,08/10/2019
Kaprijke,Jacques,Mannelijk,08/05/2019
Harelbeke,Steven,Mannelijk,08/25/2019
Gent,Nihal,Vrouwelijk,08/18/2019
Luik,Jeannine,Vrouwelijk,09/01/2019
Retie,Gitte,Vrouwelijk,08/09/2019
Erpe-Mere,Lisette,Vrouwelijk,08/13/2019
Brussel,Ibrahim,Mannelijk,08/05/2019
Gent,Hüseyin,Mannelijk,09/07/2019
Chaudfontaine,Alice,Vrouwelijk,08/15/2019
Malle,Maria,Vrouwelijk,08/07/2019
Turnhout,Lara,Vrouwelijk,08/10/2019
Overijse,Adam,Mannelijk,08/09/2019
Anderlecht,Ali,Mannelijk,08/14/2019
Geel,Joseph,Mannelijk,08/18/2019
Temse,Monique,Vrouwelijk,09/01/2019
Gooik,Hugo,Mannelijk,08/15/2019
Antwerpen,Hafsa,Vrouwelijk,08/25/2019
Antwerpen,Anny,Vrouwelijk,08/16/2019
Schaarbeek,Mohamed,Mannelijk,08/09/2019
Oudenaarde,Roland,Mannelijk,08/12/2019
Turnhout,Lieve,Vrouwelijk,10/02/2019
Mol,Wim,Mannelijk,09/06/2019
Zandhoven,Davy,Mannelijk,08/23/2019
Kortenberg,David,Mannelijk,08/13/2019
Etalle,Thierry,Mannelijk,08/13/2019
Fontaine-l’Evêque,Marie,Vrouwelijk,08/12/2019
Hasselt,Petrus,Mannelijk,08/16/2019
Antwerpen,Marina,Vrouwelijk,08/12/2019
Schaarbeek,Amina,Vrouwelijk,08/15/2019
Balen,Bart,Mannelijk,08/30/2019
Boortmeerbeek,Jean-Pierre,Mannelijk,08/17/2019
Evergem,Filip,Mannelijk,08/21/2019
Somme-Leuze,Isabelle,Vrouwelijk,08/16/2019
Brussel,Khadija,Vrouwelijk,08/18/2019
Sint-Truiden,Ann,Vrouwelijk,09/07/2019
Sint-Jans-Molenbeek,Bouchra,Vrouwelijk,08/12/2019
Ronse,Geert,Mannelijk,08/12/2019
Genepiën,Fabienne,Vrouwelijk,08/22/2019
Schoten,Tom,Mannelijk,08/16/2019
Andenne,Guillaume,Mannelijk,08/12/2019
Juprelle,Alain,Mannelijk,08/15/2019
Holsbeek,Robert,Mannelijk,08/13/2019
Lokeren,Yvan,Mannelijk,08/30/2019
Antwerpen,Léon,Mannelijk,08/08/2019
Beringen,Ingrid,Vrouwelijk,09/06/2019
Charleroi,Robin,Mannelijk,08/08/2019
Hamont-Achel,Sandra,Vrouwelijk,08/23/2019
Luik,Nicolas,Mannelijk,08/16/2019
Charleroi,Grazia,Vrouwelijk,08/07/2019
Rijkevorsel,Louis,Mannelijk,08/13/2019
Edegem,Simonne,Vrouwelijk,08/17/2019
Mol,Leo,Mannelijk,08/15/2019
Mol,Yoni,Vrouwelijk,08/30/2019
Eeklo,Katrien,Vrouwelijk,08/20/2019
Geraardsbergen,Annie,Vrouwelijk,08/17/2019
Lendelede,Louis,Mannelijk,08/21/2019
Turnhout,Kris,Mannelijk,08/15/2019
Dendermonde,Raymonda,Vrouwelijk,08/07/2019
Hasselt,Kelly,Vrouwelijk,08/09/2019
Zonhoven,Eva,Vrouwelijk,08/16/2019
Péruwelz,Antoine,Mannelijk,08/30/2019
Schoten,Corinne,Vrouwelijk,08/06/2019
Asse,Elena,Vrouwelijk,08/23/2019
Kortenberg,Joanna,Vrouwelijk,08/05/2019
Willebroek,Sandra,Vrouwelijk,08/21/2019
Neufchâteau (Neufchâteau),Robert,Mannelijk,08/14/2019
Les Bons Villers,Catherine,Vrouwelijk,09/02/2019
Beloeil,David,Mannelijk,08/14/2019
Temse,Adriaan,Mannelijk,08/08/2019
Evergem,Johan,Mannelijk,08/13/2019
Luik,Jacqueline,Vrouwelijk,08/14/2019
Lebbeke,Benny,Mannelijk,08/24/2019
Wuustwezel,Marc,Mannelijk,08/15/2019
Ieper,Rosita,Vrouwelijk,08/18/2019
Tervuren,Roger,Mannelijk,08/31/2019
Dison,Nicole,Vrouwelijk,08/30/2019
Schoten,Cato,Vrouwelijk,08/16/2019
Namen,Noémie,Vrouwelijk,08/10/2019
Hasselt,Zoë,Vrouwelijk,08/24/2019
La Louvière,Diego,Mannelijk,08/29/2019
Schaarbeek,Mariette,Vrouwelijk,08/24/2019
Wevelgem,Victoria,Vrouwelijk,08/14/2019
Brugge,Sven,Mannelijk,08/25/2019
Zonhoven,Henri,Mannelijk,08/22/2019
Antwerpen,Besim,Mannelijk,09/06/2019
Scherpenheuvel-Zichem,Wim,Mannelijk,08/22/2019
Sint-Jans-Molenbeek,Mohamed,Mannelijk,08/24/2019
Virton,François,Mannelijk,08/13/2019
Oudsbergen,Seppe,Mannelijk,08/10/2019
Zottegem,Antoon,Mannelijk,09/02/2019
Kontich,Elisabeth,Vrouwelijk,08/14/2019
Profondeville,Basile,Mannelijk,08/13/2019
Aarlen,Laurie,Vrouwelijk,08/18/2019
Kortemark,Monique,Vrouwelijk,08/18/2019
Leopoldsburg,Henricus,Mannelijk,08/17/2019
Péruwelz,Claudine,Vrouwelijk,08/19/2019
Willebroek,Hilda,Vrouwelijk,08/09/2019
Mol,Annick,Vrouwelijk,10/04/2019
Oostende,Ronny,Mannelijk,09/20/2019
Beersel,Karlien,Vrouwelijk,09/06/2019
Turnhout,Katrien,Vrouwelijk,08/22/2019
Melle,Kurt,Mannelijk,08/18/2019
Lommel,Christel,Vrouwelijk,08/16/2019
Engis,Christian,Mannelijk,08/25/2019
Zottegem,Wilfried,Mannelijk,08/08/2019
Awans,Thomas,Mannelijk,08/31/2019
Dour,Samuel,Mannelijk,08/09/2019
Charleroi,Magali,Vrouwelijk,08/17/2019
Châtelet,Gustave,Mannelijk,08/12/2019
Seraing,Giovanni,Mannelijk,08/12/2019
Antwerpen,Abdul,Mannelijk,08/05/2019
Heusden-Zolder,Lucas,Mannelijk,08/18/2019
Sprimont,Ghislain,Mannelijk,08/20/2019
Luik,David,Mannelijk,08/28/2019
Namen,Albert,Mannelijk,08/19/2019
Diepenbeek,Olivia,Vrouwelijk,08/17/2019
Aarschot,Cyrille,Mannelijk,08/20/2019
Ham,Madeleine,Vrouwelijk,08/05/2019
Theux,Céline,Vrouwelijk,08/14/2019
Manage,Michel,Mannelijk,08/26/2019
Diksmuide,Cecile,Vrouwelijk,08/25/2019
Kortrijk,Hanne,Vrouwelijk,08/07/2019
Kasteelbrakel,Paulette,Vrouwelijk,09/01/2019
Sint-Lambrechts-Woluwe,Svetlana,Vrouwelijk,08/15/2019
Houthulst,Seppe,Mannelijk,10/07/2019
Hannuit,Madeleine,Vrouwelijk,08/12/2019
Ruiselede,Louis,Mannelijk,08/09/2019
Dessel,Peter,Mannelijk,08/21/2019
Bilzen,Maria,Vrouwelijk,08/13/2019
Sint-Jans-Molenbeek,Soufiane,Mannelijk,08/15/2019
Ottignies-Louvain-la-Neuve,Laura,Vrouwelijk,08/31/2019
Bastenaken,Sara,Vrouwelijk,08/18/2019
Beveren (Sint-Niklaas),Sara,Vrouwelijk,08/16/2019
Kapellen (Antwerpen),Inge,Vrouwelijk,08/27/2019
Antwerpen,Orhan,Mannelijk,08/06/2019
Frameries,Angélique,Vrouwelijk,08/12/2019
Brasschaat,Valérie,Vrouwelijk,08/20/2019
Mortsel,Helga,Vrouwelijk,08/08/2019
Eigenbrakel,Sandra,Vrouwelijk,08/10/2019
Gouvy,Nicolas,Mannelijk,08/08/2019
’s Gravenbrakel,Kelly,Vrouwelijk,08/10/2019
Ganshoren,Ruben,Mannelijk,08/12/2019
Deerlijk,Frank,Mannelijk,08/07/2019
Lommel,Adrianus,Mannelijk,08/20/2019
Sint-Katelijne-Waver,Margareta,Vrouwelijk,08/24/2019
Asse,Luna,Vrouwelijk,09/03/2019
Doornik,Loïc,Mannelijk,08/14/2019
Watermaal-Bosvoorde,Eric,Mannelijk,08/23/2019
Haacht,Edmond,Mannelijk,08/21/2019
Brugge,Michel,Mannelijk,08/19/2019
Wingene,Heidi,Vrouwelijk,08/12/2019
Libramont-Chevigny,Denis,Mannelijk,08/05/2019
Luik,Mathieu,Mannelijk,10/02/2019
Mechelen,Joanna,Vrouwelijk,08/07/2019
Geraardsbergen,Chantal,Vrouwelijk,08/15/2019
Gent,Annette,Vrouwelijk,08/23/2019
Bonheiden,Katrien,Vrouwelijk,08/08/2019
Kortrijk,Jacques,Mannelijk,08/09/2019
Mont-Saint-Guibert,Marie,Vrouwelijk,08/22/2019
Bertem,Brecht,Mannelijk,08/22/2019
Libin,Jean,Mannelijk,08/19/2019
Dendermonde,Silke,Vrouwelijk,08/14/2019
Waregem,Eddy,Mannelijk,08/05/2019
Menen,Marie,Vrouwelijk,08/07/2019
Anderlecht,François,Mannelijk,08/10/2019
Pelt,Jacoba,Vrouwelijk,08/16/2019
Kasterlee,Bianca,Vrouwelijk,08/16/2019
Hoei,Jean,Mannelijk,08/20/2019
Elsene,Denis,Mannelijk,08/15/2019
Heusden-Zolder,Josiane,Vrouwelijk,08/17/2019
Heist-op-den-Berg,Lydie,Vrouwelijk,08/19/2019
Antwerpen,Loubna,Vrouwelijk,09/06/2019
Charleroi,Vanina,Vrouwelijk,08/22/2019
Brasschaat,Koen,Mannelijk,08/18/2019
Deinze,Mario,Mannelijk,08/25/2019
Gent,Eva,Vrouwelijk,08/22/2019
Antwerpen,Mariette,Vrouwelijk,08/18/2019
Cerfontaine,Alexandre,Mannelijk,08/20/2019
Hasselt,Edouard,Mannelijk,08/05/2019
Antwerpen,Josepha,Vrouwelijk,09/08/2019
Schoten,Kristel,Vrouwelijk,08/26/2019
Genk,Hasan,Mannelijk,08/11/2019
Waver,Said,Mannelijk,08/25/2019
Sint-Niklaas (Sint-Niklaas),Ronan,Mannelijk,08/31/2019
Namen,Océane,Vrouwelijk,08/07/2019
Remicourt,Jean,Mannelijk,08/10/2019
Bornem,Tom,Mannelijk,08/30/2019
Anderlecht,Aminata,Vrouwelijk,08/05/2019
Lochristi,Ilona,Vrouwelijk,08/15/2019
Evere,Mohamed,Mannelijk,08/17/2019
Mortsel,Youssef,Mannelijk,08/13/2019
Rixensart,Anne,Vrouwelijk,08/13/2019
Gistel,Marie,Vrouwelijk,08/23/2019
Lommel,Bart,Mannelijk,08/18/2019
Destelbergen,Carl,Mannelijk,08/08/2019
Schoten,Jeannine,Vrouwelijk,08/21/2019
Gent,Hilda,Vrouwelijk,08/05/2019
Halen,Ronny,Mannelijk,08/10/2019
Pelt,Gerardus,Mannelijk,08/05/2019
Profondeville,Sophie,Vrouwelijk,08/19/2019
Holsbeek,Lize,Vrouwelijk,08/23/2019
Sint-Niklaas (Sint-Niklaas),Ida,Vrouwelijk,08/14/2019
Riemst,Martine,Vrouwelijk,08/27/2019
Luik,Olivier,Mannelijk,08/31/2019
